tweet,label
Bae you try gan.,positive
Mo  gbádùn  rẹ.,positive
O ṣeun gan ni o.,positive
Ẹ ṣe o.,positive
Ìfẹ́ rẹ̀ dá mi lórí.,positive
Ọmọ yi fine die.,positive
I will be there tomorrow.,neutral
Eyi jẹ́ òótọ́.,neutral
Not happy with this.,negative
Weather is okay.,neutral
Ọjọ́ kejì ni ayẹyẹ.!,neutral
Eyi kò dáa....,negative
Fantastic w0rk.,positive
O jẹ́ ẹni burúkú.,negative
I will be there tomorrow.,neutral
I will be there tomorrow.,neutral
Eyi jẹ́ òótọ́.,neutral
Eyi mu mi dùn.,positive
Kò pé rara.,negative
ọmọ yi fine die.,positive
O wa ní uapa iṣere.,neutral
Mi o feran eyi.,negative
"Ẹ  jọ̀ọ́,  mo  n  duro  de  ẹ.",neutral
Ẹ ní ọkọ ayọ́kẹ́lẹ́ tuntun.,neutral
Eyi jẹ́ òótọ́.,neutral
Ìfẹ́ rẹ̀ dá mi lórí.,positive
Mo gbádùn rẹ.,positive
K0 make any sense rara.,negative
Èmi ò fẹ́ rí ẹ mọ́.,negative
Mo máa lọ sílé lẹ́yìn iṣẹ́.,neutral
Bae you try gan.!!,positive
O jẹ́ ẹni burúkú.,negative
Ọjọ́ oni dara pupọ.,positive
Mo ti dé.,neutral
You look so nice.,positive
I don't like this at all.,negative
Ọmọ yi fine die.,positive
Kò pé rara.!,negative
We go meet soon.,neutral
Mo ti dé.,neutral
N0t happy with this.,negative
Inú mi dùn pé mo rí ọ.,positive
O wa ní ita.,neutral
Mi o feran eyi.,negative
N0t happy with this.,negative
Mo máa lọ sílé lẹ́yìn iṣẹ́.,neutral
Mo gbádùn rẹ.,positive
Eyi ko dara rara.,negative
The car is outside.,neutral
We go meet soon.,neutral
Eyi mu mi dùn.,positive
Ẹ jẹ ka lọ.,neutral
Ẹ jẹ ka lọ.,neutral
Báwo ni o ṣe lè ṣe bẹẹ́?,negative
O jẹ́ ẹni burúkú.,negative
O jẹ́ ẹni burúkú.,negative
Weather is okay.,neutral
O ni ẹ̀wà.,positive
Mo ti dé.,neutral
Ẹ ní ọkọ ayọ́kẹ́lẹ́ tuntun.,neutral
The car is outside.,neutral
Inú mi dùn pé mo rí ọ.,positive
Mo fẹ́ràn rẹ gan-an.,positive
O wa ní ita.,neutral
Ẹ jẹ ka lọ.,neutral
Ko make any sense rara.,negative
Fantastic  work.,positive
Mo máa lọ sílé lẹ́yìn iṣẹ́.,neutral
Eyi ko dara rara.,negative
This is lovely abeg.,positive
It's bad abeg.,negative
Eyi kò dáa.!!,negative
Ẹ ṣe 0.,positive
Ko make any sense rara.,negative
O jẹ́ ẹni burúkú.,negative
Ẹ̀rọ náà kò ṣiṣẹ́ dáadáa.,negative
Eyi mu mi dùn.,positive
O ti burú gan....,negative
Kò pé rara.,negative
Ko make any sense rara.,negative
O ti burú gan.,negative
Mo ti dé.,neutral
O ni ẹ̀wà.,positive
Mi o feran eyi.,negative
So annoying mehn.,negative
W3ath3r is okay.,neutral
Eyi ko dara rara.,negative
"Ẹ jọ̀ọ́, mo n duro de ẹ.",neutral
Ẹ̀rọ náà kò ṣiṣẹ́ dáadáa.,negative
Èmi ò fẹ́ rí ẹ mọ́.,negative
Bae you try gan.,positive
Mo ti dé.,neutral
O ṣ3un gan ni o.,positive
Eyi ko dara rara.,negative
Ẹ̀rọ náà kò ṣiṣẹ́ dáadáa.,negative
Bae y0u try gan.,positive
M0 máa lọ sílé lẹ́yìn iṣẹ́.,neutral
Weather is okay....,neutral
This thing no gel.,negative
Ẹ ní ọkọ ayọ́kẹ́lẹ́ tuntun.,neutral
Mo ti dé.,neutral
good vibes only.,positive
O wa ní uapa iṣere.,neutral
Ẹ̀rọ náà kò ṣiṣẹ́ dáadáa.,negative
Kò  pé  rara.,negative
Weather is 0kay.,neutral
"Ẹ jọ̀ọ́, mo n duro de ẹ.",neutral
Kò pé rara.,negative
O wa ní uapa iṣere.,neutral
This thing no gel.,negative
Báwo ni o ṣe lè ṣe bẹẹ́?,negative
Eyi kò dáa.,negative
Mo fẹ́ràn rẹ gan-an.,positive
Mo gbádùn rẹ.,positive
A o pade lọ́la.,neutral
Ẹ̀rọ náà kò ṣiṣẹ́ dáadáa.,negative
Eyi k0 dara rara.,negative
eyi ko dara rara.,negative
O ṣeun gan ni o.,positive
I don't like this at all.,negative
Èmi ò fẹ́ rí ẹ mọ́.,negative
Eyi kò dáa.,negative
This is lovely abeg.,positive
O wa ní uapa iṣere.!!,neutral
It's bad abeg.,negative
"Ẹ jọ̀ọ́, mo n duro de ẹ.",neutral
This thing no gel.,negative
Eyi ko dara rara.,negative
It's bad abeg.,negative
Inú mi dùn pé mo rí ọ....,positive
Ìfẹ́ rẹ̀ dá mi lórí.,positive
Mo máa lọ sílé lẹ́yìn iṣẹ́.,neutral
Eyi ko dara rara.,negative
Not happy with this.,negative
O jẹ́ ẹni burúkú.,negative
Mo gbádùn rẹ.,positive
Weather is okay.,neutral
Ọjọ́ kejì ni @yẹyẹ.,neutral
Mo fẹ́ràn rẹ gan-an.,positive
Eyi kò dáa.,negative
Inú mi dùn pé mo rí ọ.,positive
Ìfẹ́ rẹ̀ dá mi lórí.,positive
Mo fẹ́ràn rẹ gan-an.,positive
Mo gbádùn rẹ.,positive
Eyi jẹ́ òótọ́.,neutral
Èmi ò fẹ́ rí ẹ mọ́.,negative
O ni ẹ̀wà.,positive
mo máa lọ sílé lẹ́yìn iṣẹ́.,neutral
This is lovely abeg.,positive
Mo máa lọ sílé lẹ́yìn iṣẹ́.,neutral
The car is outside.,neutral
I don't like this at all.,negative
Ẹ jẹ ka lọ.,neutral
ọjọ́ oni dara pupọ.,positive
M0 n lọ si ile itaja.,neutral
You look so nice.,positive
Báwo ni o ṣe lè ṣe bẹẹ́?,negative
Ọmọ yi fine die.,positive
Mi o feran eyi.,negative
This thing no gel.,negative
Ẹ ṣe o.,positive
Ẹ ní ọkọ @yọ́kẹ́lẹ́ tuntun.,neutral
O  ni  ẹ̀wà.,positive
O wa ní ita.,neutral
Bae y0u try gan.,positive
We go meet soon.,neutral
Fantastic work.,positive
This is lovely @beg.,positive
We go meet soon.,neutral
Ẹ jẹ ka lọ.,neutral
Báwo ni o ṣe lè ṣe bẹẹ́?,negative
It's bad abeg.,negative
Good vibes only.,positive
Ọmọ yi fine die.,positive
Ẹ ṣe o.,positive
Good vibes only.,positive
Mo ti dé.,neutral
Mo gbádùn rẹ.,positive
I will be there tomorrow.,neutral
"Ẹ jọ̀ọ́, mo n duro de ẹ.",neutral
You look so nice.,positive
I don't like this at all.,negative
You look so nice.,positive
Bae you try gan.,positive
Ẹ ṣe o.,positive
Weather is okay.,neutral
Good vib3s only.,positive
So @nnoying mehn.,negative
"Ẹ jọ̀ọ́, mo n duro d3 ẹ.",neutral
O wa ní ita.,neutral
The c@r is outside.,neutral
Bae you try gan.,positive
Eyi ko dara rara.,negative
I d0n't like this at all.,negative
O ṣeun gan ni o.,positive
Ẹ ní ọkọ ayọ́kẹ́lẹ́ tuntun.,neutral
Good vibes only.,positive
Mo gbádùn rẹ.,positive
G00d vibes 0nly.,positive
Eyi jẹ́ òótọ́.,neutral
Not happy with this.,negative
Mo ti dé.,neutral
Ọjọ́ kejì ni ayẹyẹ.,neutral
Eyi jẹ́ òótọ́.,neutral
Èmi  ò  fẹ́  rí  ẹ  mọ́.,negative
This is lovely abeg.,positive
Mo n lọ si ile itaja.,neutral
Good vibes only.,positive
Eyi  ko  dara  rara.,negative
Ẹ̀rọ náà kò ṣiṣẹ́ dáadáa.,negative
Eyi k0 dara rara.,negative
Ẹ jẹ ka lọ.,neutral
It's bad ab3g.,negative
Ọjọ́ kejì ni @yẹyẹ.,neutral
Eyi ko dara rara.,negative
This is lov3ly ab3g.,positive
Eyi mu mi dùn.,positive
We@ther is ok@y.,neutral
Mi o feran eyi.,negative
Fantastic  work.,positive
Báwo ni o ṣe lè ṣe bẹẹ́?,negative
Èmi ò fẹ́ rí ẹ mọ́.,negative
O ti burú gan.,negative
Ko make any sense rara.,negative
You look so nice.,positive
Báwo ni o ṣe lè ṣe bẹẹ́?,negative
Eyi ko dara rara.,negative
Ìfẹ́ rẹ̀ dá mi lórí.,positive
Ẹ̀rọ náà kò ṣiṣẹ́ dá@dá@.,negative
The car is outside.,neutral
I will be there tomorrow.,neutral
A o pade lọ́la.,neutral
ọjọ́ oni dara pupọ.,positive
Eyi mu mi dùn.!,positive
Eyi kò dáa..,negative
A o pade lọ́la.,neutral
I don't like this at all.,negative
We go meet soon.,neutral
Mo  máa  lọ  sílé  lẹ́yìn  iṣẹ́.,neutral
You look so nice.,positive
This  is  lovely  abeg.,positive
"Ẹ jọ̀ọ́, mo n duro de ẹ.",neutral
Eyi ko dara rara.,negative
Eyi kò dáa.,negative
Mo gbádùn rẹ.,positive
Ọmọ yi fine die.,positive
good vibes only.,positive
This thing no gel.,negative
Ẹ jẹ ka lọ.,neutral
Good vibes only.,positive
Báwo ni o ṣe lè ṣe bẹẹ́?,negative
Inú mi dùn pé mo rí ọ.,positive
O wa ní ita.,neutral
O  wa  ní  ita.,neutral
Ọmọ yi fine die.,positive
O jẹ́ ẹni burúkú.,negative
We go meet soon.,neutral
eyi ko dara rara.,negative
S0 ann0ying mehn.,negative
Ẹ ṣe o.,positive
I will be there tomorrow.,neutral
Báw0 ni 0 ṣe lè ṣe bẹẹ́?,negative
Ẹ ní ọkọ ayọ́kẹ́lẹ́ tuntun.,neutral
O w@ ní it@.,neutral
Èmi ò fẹ́ rí ẹ mọ́.,negative
Kò pé rara.,negative
O jẹ́ ẹni burúkú.,negative
"Ẹ jọ̀ọ́, mo n duro de ẹ.",neutral
you look so nice.,positive
This is lovely abeg.,positive
O ṣ3un gan ni o.,positive
Not happy with this.,negative
Ẹ  ní  ọkọ  ayọ́kẹ́lẹ́  tuntun.,neutral
It's bad abeg.,negative
Èmi ò fẹ́ rí ẹ mọ́.,negative
This thing no gel.,negative
Ọjọ́ kejì ni ayẹyẹ.,neutral
not happy with this.,negative
Ọjọ́ oni dara pupọ.,positive
Eyi jẹ́ òótọ́.,neutral
This thing no gel.,negative
A o pade lọ́la.,neutral
Ìfẹ́  rẹ̀  dá  mi  lórí.,positive
this is lovely abeg.,positive
Mo gbádùn rẹ.,positive
Inú mi dùn pé mo rí ọ.,positive
We go meet soon.,neutral
Good vibes only.,positive
Ọjọ́  oni  dara  pupọ.,positive
I don't like this at all.,negative
It's bad abeg.,negative
Good vibes only.,positive
Mo gbádùn rẹ.,positive
Good vibes only.,positive
So annoying mehn.,negative
Ko make any sense rara.,negative
So annoying mehn.,negative
Èmi ò fẹ́ rí ẹ mọ́.,negative
Good vibes only.,positive
O ni ẹ̀wà.,positive
O w@ ní it@.,neutral
Mo fẹ́ràn rẹ gan-an.,positive
Ọjọ́ oni dara pupọ.,positive
Eyi kò dáa.,negative
We go meet soon.,neutral
This is lovely abeg.,positive
Mo n lọ si ile itaja.,neutral
The car is outside.,neutral
O ni ẹ̀wà.,positive
O ti burú gan.,negative
Ọmọ yi fine die.,positive
Eyi kò dáa.,negative
We go meet soon.,neutral
O wa ní uapa iṣere.,neutral
Inú mi dùn pé mo rí ọ.,positive
Inú mi dùn pé mo rí ọ.,positive
Ọjọ́ oni dara pupọ.,positive
Ọjọ́ kejì ni ayẹyẹ.,neutral
I don't like this at all.,negative
Mo fẹ́ràn rẹ gan-an.,positive
Weather  is  okay.,neutral
So annoying mehn.,negative
Eyi kò dáa.,negative
Ìfẹ́ rẹ̀ dá mi lórí.,positive
Mo n lọ si ile itaja.,neutral
O jẹ́ ẹni burúkú.,negative
O wa ní uapa iṣere.,neutral
Mi o feran eyi.,negative
A o pade lọ́la.,neutral
Ẹ jẹ ka lọ.,neutral
Ẹ ní ọkọ ayọ́kẹ́lẹ́ tuntun....,neutral
O wa ní uapa iṣere.,neutral
Ọjọ́ oni dara pupọ.,positive
Bae you try gan.,positive
O ṣeun gan ni o.!,positive
Eyi ko dara rara.,negative
O  wa  ní  ita.,neutral
"Ẹ jọ̀ọ́, mo n duro de ẹ.",neutral
Ọjọ́ oni dara pupọ.,positive
Mi o feran eyi.,negative
You look so nice.,positive
O ti burú gan.,negative
O jẹ́ ẹni burúkú.,negative
Fantastic work.,positive
Mo fẹ́ràn rẹ gan-an.,positive
So annoying mehn.,negative
"ẹ jọ̀ọ́, mo n duro de ẹ.",neutral
Mo n lọ si ile itaja.,neutral
Ẹ ṣe o..,positive
Fantastic w0rk.,positive
So annoying mehn.,negative
Ko make any sense rara....,negative
Eyi mu mi dùn.,positive
Inú mi dùn pé mo rí ọ.,positive
Eyi jẹ́ òótọ́.,neutral
Ọjọ́  oni  dara  pupọ.,positive
it's bad abeg.,negative
Kò pé rara.,negative
Mo n lọ si ile itaja.,neutral
o ni ẹ̀wà.,positive
A o pade lọ́la.,neutral
A o pade lọ́la.,neutral
Eyi mu mi dùn.,positive
This is l0vely abeg.,positive
O ṣeun gan ni o.,positive
Ẹ̀rọ náà kò ṣiṣẹ́ dá@dá@.,negative
A o pade lọ́la.,neutral
I  will  be  there  tomorrow.,neutral
Eyi jẹ́ òótọ́.,neutral
O ti burú gan.,negative
G00d vibes 0nly.,positive
Not happy with this.,negative
Ìfẹ́ rẹ̀ dá mi lórí.,positive
O wa ní ita.,neutral
Ẹ ṣe o.,positive
"Ẹ  jọ̀ọ́,  mo  n  duro  de  ẹ.",neutral
O  wa  ní  uapa  iṣere.,neutral
Bae you try gan.,positive
ko make any sense rara.,negative
O ṣeun g@n ni o.,positive
Báwo ni o ṣe lè ṣe bẹẹ́?,negative
Fantastic work.,positive
Mo fẹ́ràn rẹ gan-an.,positive
Báwo ni o ṣe lè ṣe bẹẹ́?,negative
Eyi ko dara rara.,negative
This is lovely abeg.,positive
Inú mi dùn pé mo rí ọ.,positive
o wa ní uapa iṣere.,neutral
Mo máa lọ sílé lẹ́yìn iṣẹ́.!!,neutral
Eyi mu mi dùn.,positive
Mo gbádùn rẹ.,positive
Báwo ni o ṣe lè ṣe bẹẹ́?,negative
Not happy with this.,negative
Eyi kò dáa.,negative
Mo gbádùn rẹ....,positive
mo ti dé.,neutral
inú mi dùn pé mo rí ọ.,positive
Eyi jẹ́ òótọ́.,neutral
Eyi ko dara rara.,negative
We go meet soon.,neutral
"Ẹ jọ̀ọ́, mo n duro d3 ẹ.",neutral
"Ẹ jọ̀ọ́, mo n duro de ẹ.",neutral
Ọmọ yi fine die.,positive
Mo fẹ́ràn rẹ gan-an.,positive
O wa ní ita.,neutral
So annoying mehn.,negative
o wa ní ita.,neutral
Ẹ  ní  ọkọ  ayọ́kẹ́lẹ́  tuntun.,neutral
Kò pé rara.,negative
O ni ẹ̀wà.,positive
We@ther is ok@y.,neutral
Ko make any sense rara.,negative
Bae you try gan.,positive
O jẹ́ ẹni burúkú.,negative
Ọmọ yi fin3 di3.,positive
Eyi kò dáa.,negative
Ẹ jẹ ka lọ.,neutral
Eyi mu mi dùn.,positive
I will be there tomorrow.,neutral
So annoying mehn.,negative
Báwo ni o ṣe lè ṣe bẹẹ́?,negative
It's bad abeg.,negative
Eyi kò dáa.,negative
Ẹ ṣe o.,positive
Not happy with this.,negative
Ẹ jẹ ka lọ.,neutral
Kò pé rara.,negative
Eyi kò dáa.,negative
It's bad abeg.,negative
Ọjọ́ kejì ni ayẹyẹ.,neutral
èmi ò fẹ́ rí ẹ mọ́.,negative
Good vibes only.,positive
Ẹ ní ọkọ ayọ́kẹ́lẹ́ tuntun.,neutral
Ọjọ́ kejì ni ayẹyẹ.,neutral
Ẹ̀rọ náà kò ṣiṣẹ́ dáadáa.,negative
Eyi jẹ́ òótọ́.,neutral
O ni ẹ̀wà.,positive
Báwo ni o ṣe lè ṣe bẹẹ́?,negative
Ko make any sense rara.,negative
Ọjọ́ kejì ni ayẹyẹ.,neutral
Good vibes only.,positive
I will be there tomorrow.,neutral
O wa ní ita.,neutral
Fantastic work.,positive
Báwo ni o ṣe lè ṣe bẹẹ́?,negative
This thing no gel.,negative
Ọjọ́ kejì ni ayẹyẹ.!!,neutral
Good vibes only.,positive
O ti burú g@n.,negative
Ẹ jẹ ka lọ.,neutral
Ẹ̀rọ náà kò ṣiṣẹ́ dáadáa.,negative
O ni ẹ̀wà.,positive
Kò  pé  rara.,negative
Eyi kò dáa.,negative
O ti burú gan.,negative
Mo gbádùn rẹ.,positive
Ọjọ́ oni dara pupọ.,positive
Èmi ò fẹ́ rí ẹ mọ́.,negative
O wa ní ita.,neutral
This thing no gel.,negative
I d0n't like this at all.,negative
Bae you try gan.,positive
Inú  mi  dùn  pé  mo  rí  ọ.,positive
Ẹ ní ọkọ ayọ́kẹ́lẹ́ tuntun.,neutral
O jẹ́ ẹni burúkú.,negative
Mi o feran eyi.,negative
O ṣeun gan ni o.,positive
Mo n lọ si ile itaja.,neutral
Ìfẹ́ rẹ̀ dá mi lórí.,positive
O wa ní ita.,neutral
Bae you try gan.,positive
Weather is okay.,neutral
O wa ní uapa iṣere.,neutral
O ti burú gan.,negative
Weather is okay.,neutral
ìfẹ́ rẹ̀ dá mi lórí.,positive
Ko make any sense rara.,negative
Ẹ̀rọ náà kò ṣiṣẹ́ dáadáa.,negative
Èmi ò fẹ́ rí ẹ mọ́.,negative
Weather is okay.,neutral
Ẹ ní ọkọ ayọ́kẹ́lẹ́ tuntun.,neutral
Eyi kò dáa.,negative
Ọmọ yi fine die.,positive
Eyi jẹ́ òótọ́.,neutral
weather is okay.,neutral
Inú mi dùn pé mo rí ọ.,positive
Fantastic work.,positive
Eyi jẹ́ òótọ́.,neutral
Eyi kò dáa.,negative
Good vibes only.,positive
You look so nice.,positive
Eyi kò dáa.,negative
o wa ní uapa iṣere.,neutral
I  will  be  there  tomorrow.,neutral
Eyi mu mi dùn.,positive
A o pade lọ́la.,neutral
Not happy with this.,negative
It's bad abeg.,negative
Báwo ni o ṣ3 lè ṣ3 bẹẹ́?,negative
Kò pé rara.,negative
Èmi ò fẹ́ rí ẹ mọ́.,negative
you look so nice.,positive
I will be there tomorrow.,neutral
O jẹ́ ẹni burúkú....,negative
W3ath3r is okay.,neutral
Ẹ ní ọkọ ayọ́kẹ́lẹ́ tuntun.,neutral
Bae you try gan.,positive
I don't like this @t @ll.,negative
Inú mi dùn pé mo rí ọ.,positive
Inú mi dùn pé mo rí ọ.,positive
O ni ẹ̀wà.,positive
O wa ní ita.,neutral
Mo ti dé.,neutral
Mo fẹ́ràn rẹ gan-an.,positive
F@nt@stic work.,positive
Mo n lọ si ile itaja.,neutral
"Ẹ jọ̀ọ́, mo n duro de ẹ.",neutral
Ko make any sense rara.,negative
Mo gbádùn rẹ..,positive
O ti burú gan.,negative
eyi mu mi dùn.,positive
This thing no gel..,negative
O w@ ní it@.,neutral
Ẹ ṣe o.,positive
Eyi mu mi dùn.,positive
Mo n lọ si ile itaja.,neutral
Èmi ò fẹ́ rí ẹ mọ́.,negative
Good vibes only.,positive
Good vibes only.,positive
Ọjọ́ kejì ni ayẹyẹ.,neutral
Eyi  jẹ́  òótọ́.,neutral
Ọjọ́ oni dara pupọ.,positive
Ẹ  ní  ọkọ  ayọ́kẹ́lẹ́  tuntun.,neutral
O ṣeun gan ni o.,positive
it's bad abeg.,negative
O jẹ́ ẹni burúkú.,negative
good vibes only.,positive
O wa ní ita.,neutral
So annoying mehn.,negative
Ọjọ́ kejì ni ayẹyẹ.,neutral
O ni ẹ̀wà.,positive
Not h@ppy with this.,negative
Bae you try gan.,positive
A o pade lọ́la.,neutral
A o pade lọ́la.,neutral
Èmi ò fẹ́ rí ẹ mọ́.,negative
Not h@ppy with this.,negative
O wa ní ita.,neutral
"Ẹ jọ̀ọ́, mo n duro de ẹ.",neutral
I don't like this at all.,negative
Mo ti dé.,neutral
bae you try gan.,positive
Eyi kò dáa.,negative
Ọmọ yi fine die.,positive
Ọjọ́ kejì ni @yẹyẹ.,neutral
Báwo ni o ṣe lè ṣe bẹẹ́?,negative
Ẹ ṣe o.,positive
Weather is okay.,neutral
Ìfẹ́ rẹ̀ dá mi lórí.,positive
I will be there tomorrow.,neutral
Eyi ko dara rara.,negative
Ọjọ́ oni dara pupọ.,positive
O ti burú gan.,negative
O ni ẹ̀wà.,positive
ọmọ yi fine die.,positive
Kò pé rara.,negative
Ẹ̀rọ náà kò ṣiṣẹ́ dá@dá@.,negative
Kò pé rara....,negative
Eyi ko dara rara.,negative
This thing no gel.,negative
Ọmọ yi fine die.,positive
O wa ní uapa iṣere.,neutral
O ni ẹ̀wà.,positive
A o pade lọ́la.,neutral
Eyi kò dáa.,negative
Mo máa lọ sílé lẹ́yìn iṣẹ́.,neutral
Mo máa lọ sílé lẹ́yìn iṣẹ́.,neutral
o ni ẹ̀wà.,positive
Good vibes only.,positive
O ti burú gan.!!,negative
Mi o feran eyi..,negative
Eyi ko dara rara.,negative
Eyi ko dara rara.,negative
Eyi mu mi dùn.,positive
Mo gbádùn rẹ.,positive
Eyi kò dáa.,negative
Eyi k0 dara rara.,negative
O ti burú gan.,negative
o ṣeun gan ni o.,positive
Ọjọ́ oni dara pupọ.,positive
You look so nic3.,positive
This is l0vely abeg.,positive
Ko make any sense rara.,negative
Fantastic work.,positive
O ti burú gan.,negative
Ẹ jẹ ka lọ.,neutral
Not happy with this.,negative
Eyi kò dáa.,negative
O ti burú gan.,negative
Ọmọ yi fin3 di3.,positive
Mo ti dé.,neutral
Good vibes only.,positive
Ẹ ṣe o.,positive
O w@ ní it@.,neutral
The car is outside.,neutral
This thing no gel.,negative
Ẹ jẹ ka lọ.,neutral
ẹ̀rọ náà kò ṣiṣẹ́ dáadáa.,negative
fantastic work.,positive
Ọmọ yi fine die.,positive
This thing no gel.,negative
Eyi mu mi dùn.,positive
O jẹ́ ẹni burúkú.,negative
O ṣeun gan ni 0.,positive
Èmi ò fẹ́ rí ẹ mọ́.,negative
Ẹ̀rọ náà kò ṣiṣẹ́ dáadáa.,negative
Eyi kò dáa.,negative
I don't lik3 this at all.,negative
The car is outside.,neutral
Fantastic  work.,positive
O wa ní ita.,neutral
Ẹ jẹ ka lọ.,neutral
O wa ní ita.,neutral
Eyi jẹ́ òótọ́.,neutral
Eyi ko dara rara.,negative
Kò pé rara.,negative
I don't like this at all.,negative
Báwo ni o ṣe lè ṣe bẹẹ́?,negative
Ko make any sense rara.,negative
Ìfẹ́ rẹ̀ dá mi lórí.,positive
This thing no gel.,negative
Inú mi dùn pé mo rí ọ.,positive
Mi o feran eyi.,negative
Inú mi dùn pé mo rí ọ.,positive
Eyi jẹ́ òótọ́.,neutral
Eyi jẹ́ òótọ́..,neutral
Ẹ ṣe o.,positive
Mo n lọ si ile itaja.,neutral
Mo ti dé.,neutral
This is lovely abeg.,positive
Eyi mu mi dùn.,positive
Good vib3s only.,positive
Kò pé rara.,negative
"Ẹ jọ̀ọ́, mo n duro de ẹ.",neutral
Bae you try gan.,positive
It's bad abeg.,negative
O ti burú gan.,negative
It's bad abeg.,negative
Kò pé rara.,negative
Mi o fer@n eyi.,negative
ìfẹ́ rẹ̀ dá mi lórí.,positive
Eyi jẹ́ òótọ́.,neutral
A o pade lọ́la.,neutral
Ọmọ yi fine die.,positive
So annoying mehn.,negative
O wa ní uapa iṣere.,neutral
Mo n lọ si ile itaja.,neutral
Mo n lọ si ile itaja.,neutral
Èmi ò fẹ́ rí ẹ mọ́.,negative
This is lovely abeg.,positive
O wa ní uapa iṣere..,neutral
Ko make any sense rara.,negative
Good vibes only.,positive
I don't like this at all.,negative
We go meet soon.,neutral
It's bad abeg....,negative
mo ti dé.,neutral
O jẹ́ ẹni burúkú.,negative
Mi o fer@n eyi.,negative
Fantastic work.,positive
Eyi  ko  dara  rara.,negative
Eyi ko dara rara.,negative
Eyi kò dáa.,negative
The car is outside.,neutral
"Ẹ jọ̀ọ́, mo n duro de ẹ..",neutral
I will be there tomorrow.,neutral
Inú mi dùn pé mo rí ọ.,positive
A o p@de lọ́l@.,neutral
O ni ẹ̀wà.,positive
Ẹ̀rọ náà kò ṣiṣẹ́ dáadáa..,negative
Ìfẹ́  rẹ̀  dá  mi  lórí.,positive
Mo fẹ́ràn rẹ gan-an.,positive
A o pade lọ́la.,neutral
Ẹ  ṣe  o.,positive
"Ẹ  jọ̀ọ́,  mo  n  duro  de  ẹ.",neutral
Èmi ò fẹ́ rí ẹ mọ́.,negative
Not happy with this.,negative
So annoying mehn.,negative
O jẹ́ ẹni burúkú.,negative
Not happy with this.,negative
Eyi kò dá@.,negative
Mi o fer@n eyi.,negative
O wa ní ita.,neutral
O jẹ́ ẹni burúkú.,negative
Eyi mu mi dùn.,positive
"Ẹ jọ̀ọ́, mo n duro de ẹ.",neutral
eyi kò dáa.,negative
This is lovely @beg.,positive
O jẹ́ ẹni burúkú.,negative
Mo n lọ si il3 itaja.,neutral
Ẹ ní ọkọ ayọ́kẹ́lẹ́ tuntun.,neutral
Ọjọ́ oni dara pupọ.,positive
a o pade lọ́la.,neutral
Eyi mu mi dùn.,positive
O ti burú gan.,negative
O ni ẹ̀wà.,positive
It's bad abeg.,negative
Not happy with this.,negative
O wa ní ita.,neutral
Mi o feran eyi.,negative
Good vibes only.,positive
Bae you try gan.,positive
"Ẹ jọ̀ọ́, mo n duro de ẹ.",neutral
O ti burú gan.!,negative
O ni ẹ̀wà.,positive
Eyi ko dara rara.,negative
Èmi ò fẹ́ rí ẹ mọ́.,negative
Mo n lọ si ile itaja.,neutral
Báwo ni o ṣe lè ṣe bẹẹ́?,negative
Báwo ni o ṣe lè ṣe bẹẹ́?,negative
Inú mi dùn pé mo rí ọ.,positive
This is lovely abeg....,positive
Eyi  ko  dara  rara.,negative
Ọjọ́ kejì ni ayẹyẹ.,neutral
You look so nice.,positive
Bae you try gan.,positive
Mo máa lọ sílé lẹ́yìn iṣẹ́.,neutral
Ẹ ní ọkọ ayọ́kẹ́lẹ́ tuntun.,neutral
Ọjọ́ oni dara pupọ.,positive
Ẹ jẹ ka lọ.,neutral
"Ẹ jọ̀ọ́, mo n duro de ẹ.",neutral
It's bad abeg.,negative
Weather is okay.,neutral
Not happy with this.,negative
This is lovely abeg.,positive
Ẹ̀rọ náà kò ṣiṣẹ́ dáadáa.,negative
Báwo ni o ṣe lè ṣe bẹẹ́?,negative
Ẹ ní ọkọ ayọ́kẹ́lẹ́ tuntun.,neutral
Mo n lọ si ile itaja.,neutral
Mo n lọ si ile itaja.,neutral
This is lovely abeg.,positive
Ẹ̀rọ náà kò ṣiṣẹ́ dáadáa.,negative
Ẹ jẹ ka lọ.,neutral
Ọjọ́ k3jì ni ayẹyẹ.,neutral
This  thing  no  gel.,negative
Ọjọ́ oni dara pupọ.,positive
A o pade lọ́la.,neutral
The car is outside.!,neutral
O wa ní uapa iṣere.,neutral
Ìfẹ́ rẹ̀ dá mi lórí.!!,positive
Ko make any sense rara.,negative
mo fẹ́ràn rẹ gan-an.,positive
You look so nice.,positive
Weather is okay.,neutral
Eyi jẹ́ òótọ́.,neutral
It's bad abeg.,negative
O ti burú gan.,negative
The car is outside.,neutral
This is lovely abeg.,positive
M0 n lọ si ile itaja.,neutral
Mi o fer@n eyi.,negative
It's bad abeg.,negative
Weather is okay.,neutral
I will be there tomorrow.,neutral
Ẹ̀rọ náà kò ṣiṣẹ́ dáadáa.,negative
O ni ẹ̀wà.,positive
Kò pé rara.,negative
O ṣeun gan ni o.,positive
The car is outside.,neutral
o ni ẹ̀wà.,positive
Weather is okay.,neutral
Ìfẹ́ rẹ̀ dá mi lórí.,positive
A 0 pade lọ́la.,neutral
Good  vibes  only.,positive
O wa ní ita.,neutral
Bae y0u try gan.,positive
O wa ní ita.,neutral
Mo máa lọ sílé lẹ́yìn iṣẹ́.,neutral
Ọjọ́ kejì ni ayẹyẹ.,neutral
O wa ní uapa iṣere.,neutral
Ẹ ṣ3 o.,positive
The car is outside.,neutral
Báwo ni o ṣe lè ṣe bẹẹ́?!,negative
Eyi kò dáa.,negative
Mi o feran eyi.,negative
"Ẹ jọ̀ọ́, mo n duro de ẹ.",neutral
This thing no g3l.,negative
We go meet soon.,neutral
M0 gbádùn rẹ.,positive
Eyi mu mi dùn.,positive
Ẹ ṣe o.,positive
Eyi ko dara rara.,negative
O ni ẹ̀wà.,positive
This thing no gel.,negative
The car is outside.,neutral
This thing no gel.,negative
Mo n lọ si ile it@j@.,neutral
Inú mi dùn pé mo rí ọ.,positive
Not happy with this.,negative
This thing no gel.,negative
I don't like this at all.,negative
O ṣ3un gan ni o.,positive
Fantastic work.,positive
Ẹ ní ọkọ ayọ́kẹ́lẹ́ tuntun.,neutral
O ṣeun gan ni o.,positive
Mo n lọ si il3 itaja.,neutral
Mo n lọ si ile itaja.,neutral
O ni ẹ̀wà.,positive
Báwo ni o ṣe lè ṣe bẹẹ́?,negative
This is lovely abeg.,positive
I don't like this at all.,negative
Mi o feran eyi.,negative
So annoying mehn.,negative
You look so nice.,positive
Mi o feran eyi.,negative
Ẹ jẹ ka lọ.,neutral
So annoying mehn.,negative
Mo fẹ́ràn rẹ gan-an.,positive
Ẹ̀rọ náà kò ṣiṣẹ́ dáadáa.,negative
Eyi ko dara rara.,negative
It's bad abeg.,negative
I don't like this at all.,negative
I don't like this at all.,negative
Mo gbádùn rẹ.,positive
Ko make any sense rara.,negative
Fantastic work.,positive
This thing no gel.,negative
I will be there tomorrow.,neutral
Báwo ni o ṣe lè ṣe bẹẹ́?,negative
A o pade lọ́la.,neutral
Mo ti dé.,neutral
You look so nice.,positive
Inú mi dùn pé mo rí ọ.,positive
Kò pé r@r@.,negative
Mi o feran eyi.,negative
Not happy with this..,negative
You look so nice.,positive
Not happy with this.,negative
Mo ti dé.,neutral
M0 máa lọ sílé lẹ́yìn iṣẹ́.,neutral
Mo máa lọ sílé lẹ́yìn iṣẹ́.,neutral
Mo fẹ́ràn rẹ g@n-@n.,positive
Báwo ni o ṣe lè ṣe bẹẹ́?,negative
Eyi jẹ́ òótọ́.,neutral
O wa ní uapa iṣere.,neutral
Fantastic work.,positive
inú mi dùn pé mo rí ọ.,positive
It's bad abeg.,negative
A o pade lọ́la.,neutral
Good vibes only.,positive
Ọmọ yi fine die.,positive
O wa ní ita.,neutral
Weather is okay.,neutral
Ẹ ṣe 0.,positive
the car is outside.,neutral
Eyi mu mi dùn.,positive
The car is outside.,neutral
O ṣeun gan ni o.,positive
Mo máa lọ sílé lẹ́yìn iṣẹ́.,neutral
It's bad abeg.,negative
Weather is okay.,neutral
Mi 0 feran eyi.,negative
Mo máa lọ sílé lẹ́yìn iṣẹ́.,neutral
Ẹ ṣe o.,positive
Ọmọ yi fine die.,positive
O ṣeun gan ni o.,positive
Ẹ jẹ ka lọ.,neutral
Báwo ni o ṣe lè ṣe bẹẹ́?,negative
Weather is okay.,neutral
So annoying mehn.,negative
"Ẹ jọ̀ọ́, mo n duro de ẹ.",neutral
The car is outside.,neutral
Fantastic work.,positive
It's bad abeg.,negative
Eyi kò dáa.,negative
"Ẹ jọ̀ọ́, mo n duro de ẹ.",neutral
Eyi ko dara rara.,negative
Ọmọ yi fine die.,positive
A o p@de lọ́l@.,neutral
It's bad abeg.,negative
Mo máa lọ sílé lẹ́yìn iṣẹ́.,neutral
This thing no gel....,negative
Eyi mu mi dùn.,positive
Eyi kò dáa.,negative
Mo  ti  dé.,neutral
Fantastic work.,positive
Mo máa lọ sílé lẹ́yìn iṣẹ́.,neutral
Good vibes only.,positive
mi o feran eyi.,negative
Báwo ni o ṣe lè ṣe bẹẹ́?,negative
Eyi mu mi dùn.,positive
S0 ann0ying mehn.,negative
Mo gbádùn rẹ.,positive
Mo máa lọ sílé lẹ́yìn iṣẹ́.,neutral
Ẹ  ní  ọkọ  ayọ́kẹ́lẹ́  tuntun.,neutral
The car is outside.,neutral
Ìfẹ́ rẹ̀ dá mi lórí.,positive
Ẹ ṣe o.,positive
I don't like this at all.,negative
O wa ní uapa iṣere.,neutral
Ẹ̀rọ náà kò ṣiṣẹ́ dáadáa.,negative
You look so nice.,positive
Eyi ko dara rara.,negative
Mo gbádùn rẹ.,positive
I will be there tomorrow.,neutral
Ìfẹ́ rẹ̀ dá mi lórí.,positive
Not happy with this.,negative
Ẹ ṣe o.,positive
Ọjọ́ k3jì ni ayẹyẹ.,neutral
"Ẹ jọ̀ọ́, mo n duro de ẹ.",neutral
Eyi kò dáa.,negative
Eyi kò dáa.,negative
Ko make any sense rara.,negative
We go meet soon.,neutral
Ọjọ́ 0ni dara pupọ.,positive
It's bad abeg.,negative
Mo n lọ si ile itaja.,neutral
Báwo ni o ṣe lè ṣe bẹẹ́?,negative
so annoying mehn.,negative
it's bad abeg.,negative
Ko make any sense rara.,negative
I will be there tomorrow.,neutral
Èmi ò fẹ́ rí ẹ mọ́.,negative
Fantastic work.,positive
O wa ní ita.,neutral
Ẹ ní ọkọ ayọ́kẹ́lẹ́ tuntun.,neutral
Mo n lọ si il3 itaja.,neutral
This thing no gel.!!,negative
Fantastic work.,positive
o wa ní uapa iṣere.,neutral
Ọmọ yi fine die.,positive
This is lovely abeg.,positive
Ọmọ yi fine die.,positive
This thing no gel.,negative
Bae you try gan.,positive
Ẹ̀rọ náà kò ṣiṣẹ́ dáadáa.,negative
Mo ti dé.,neutral
O ni ẹ̀wà.,positive
it's bad abeg.,negative
Ẹ jẹ ka lọ.,neutral
Eyi kò dáa.!,negative
Mo gbádùn rẹ.,positive
We go meet soon.,neutral
Mo n lọ si ile itaja.,neutral
Weather is okay.,neutral
Ẹ̀rọ náà kò ṣiṣẹ́ dáadáa.,negative
Ìfẹ́ rẹ̀ dá mi lórí.,positive
Bae you try gan.,positive
Ẹ̀rọ náà kò ṣiṣẹ́ dá@dá@.,negative
"Ẹ jọ̀ọ́, mo n duro de ẹ.",neutral
O ni ẹ̀wà.!!,positive
"Ẹ jọ̀ọ́, mo n duro de ẹ.",neutral
Mo gbádùn rẹ.,positive
Mi o feran eyi.,negative
Mo n lọ si ile it@j@.,neutral
O wa ní ita.!!,neutral
Èmi ò fẹ́ rí ẹ mọ́.,negative
O ṣeun gan ni o.,positive
Ọjọ́ kejì ni ayẹyẹ.,neutral
Ẹ ṣe o.!,positive
Ìfẹ́ rẹ̀ dá mi lórí.,positive
a o pade lọ́la.,neutral
Ìfẹ́ rẹ̀ dá mi lórí.,positive
Ọjọ́ 0ni dara pupọ.,positive
Kò pé rara.!!,negative
eyi kò dáa.,negative
eyi ko dara rara.,negative
Mo n lọ si ile itaja....,neutral
Kò pé rara.,negative
Báwo ni o ṣe lè ṣe bẹẹ́?,negative
Eyi mu mi dùn.,positive
A o pade lọ́la.,neutral
M0 gbádùn rẹ.,positive
Ẹ̀rọ náà kò ṣiṣẹ́ dáadáa.,negative
the car is outside.,neutral
A o pade lọ́la.,neutral
Ẹ ṣe o.,positive
Ko make any sense rara.,negative
A o pade lọ́la.,neutral
A o pade lọ́la.,neutral
Kò pé rara.,negative
O ṣeun gan ni o.,positive
This is lovely abeg.!,positive
This thing no gel.,negative
Eyi mu mi dùn.,positive
Mo fẹ́ràn rẹ gan-an.,positive
Mo n lọ si ile itaja.,neutral
Ọjọ́ oni dara pupọ.,positive
Fantastic work.,positive
I don't like this at all.,negative
Ẹ jẹ ka lọ.,neutral
Weather is okay.,neutral
Mi o feran eyi.,negative
Eyi mu mi dùn.,positive
Ọjọ́ kejì ni ayẹyẹ.,neutral
Eyi jẹ́ òótọ́.,neutral
I will be there tomorrow.,neutral
O ni ẹ̀wà.,positive
O wa ní ita.,neutral
Ọjọ́ kejì ni ayẹyẹ.,neutral
Ọjọ́ kejì ni ayẹyẹ.,neutral
Not h@ppy with this.,negative
Mo ti dé.,neutral
Mo ti dé.,neutral
We go meet soon.,neutral
Weather is 0kay.,neutral
Èmi ò fẹ́ rí ẹ mọ́.,negative
Eyi mu mi dùn.,positive
A o pade lọ́la.,neutral
This  is  lovely  abeg.,positive
Fantastic work.,positive
Mo n lọ si ile itaja.,neutral
Ko make any sense rara.,negative
Eyi mu mi dùn.,positive
You look so nice.,positive
Eyi kò dáa.,negative
Ìfẹ́ rẹ̀ dá mi lórí.,positive
Mi o feran eyi.,negative
a o pade lọ́la.,neutral
Bae you try gan.,positive
O ṣeun g@n ni o.,positive
O jẹ́ ẹni burúkú.,negative
The c@r is outside.,neutral
Ẹ jẹ ka lọ.,neutral
A o pade lọ́la.,neutral
Ọjọ́  kejì  ni  ayẹyẹ.,neutral
o wa ní uapa iṣere.,neutral
Not h@ppy with this.,negative
ẹ ṣe o.,positive
Eyi kò dá@.,negative
This thing no gel.,negative
Ko make any sense rara.,negative
O wa ní uapa iṣere.,neutral
Mo n lọ si ile itaja.,neutral
Not happy with this.,negative
Kò pé rara.,negative
Kò pé rara.,negative
Eyi jẹ́ òótọ́.,neutral
So annoying mehn..,negative
Not happy with this.,negative
Bae you try gan.,positive
This thing no gel.,negative
Èmi ò fẹ́ rí ẹ mọ́.,negative
Mo gbádùn rẹ.,positive
Eyi mu mi dùn.,positive
It's bad abeg.,negative
This thing no gel.,negative
O wa ní uapa iṣere.,neutral
O wa ní uapa iṣ3r3.,neutral
Eyi mu mi dùn.,positive
"Ẹ jọ̀ọ́, mo n duro de ẹ.",neutral
O ti burú gan.,negative
Ọjọ́ oni dara pupọ.,positive
This thing no gel.,negative
We go meet soon.,neutral
Mo máa lọ sílé lẹ́yìn iṣẹ́.,neutral
O ti burú gan.,negative
Eyi jẹ́ òótọ́.,neutral
Inú mi dùn pé mo rí ọ.,positive
Not happy with this.,negative
Good vibes only.,positive
Weather is okay.,neutral
Mo gbádùn rẹ.,positive
O  ṣeun  gan  ni  o.,positive
Ọjọ́ kejì ni ayẹyẹ.,neutral
It's bad abeg.,negative
"Ẹ jọ̀ọ́, m0 n dur0 de ẹ.",neutral
Good vibes only.,positive
"Ẹ jọ̀ọ́, mo n duro de ẹ.",neutral
This is lovely abeg.,positive
A o pade lọ́la.,neutral
Eyi k0 dara rara.,negative
Ẹ jẹ ka lọ.,neutral
Eyi jẹ́ òótọ́.,neutral
Mi o feran eyi.,negative
Eyi mu mi dùn.,positive
mo n lọ si ile itaja.,neutral
Ẹ ní ọkọ ayọ́kẹ́lẹ́ tuntun.,neutral
Ọjọ́ oni dara pupọ.,positive
A o p@de lọ́l@.,neutral
You look so nice.,positive
Ẹ ní ọkọ ayọ́kẹ́lẹ́ tuntun.,neutral
O ṣeun gan ni o.,positive
Ẹ ní ọkọ ayọ́kẹ́lẹ́ tuntun.,neutral
Mi o feran eyi.,negative
Ẹ ní ọkọ ayọ́kẹ́lẹ́ tuntun.,neutral
O jẹ́ ẹni burúkú....,negative
This thing no gel.,negative
Ẹ̀rọ náà kò ṣiṣẹ́ dáadáa.,negative
We go meet soon.,neutral
O jẹ́ ẹni burúkú.,negative
Ẹ ṣe o.,positive
Ìfẹ́ rẹ̀ dá mi lórí.,positive
Good vibes only.,positive
Ìfẹ́ rẹ̀ dá mi lórí.!!,positive
So annoying mehn.,negative
O ti burú gan.,negative
Ẹ̀rọ  náà  kò  ṣiṣẹ́  dáadáa.,negative
Eyi k0 dara rara.,negative
A o pade lọ́la.,neutral
You look so nice.,positive
Eyi kò dáa.,negative
Ìfẹ́ rẹ̀ dá mi lórí.,positive
Eyi ko dara rara.,negative
Ọjọ́ oni dara pupọ.,positive
This  is  lovely  abeg.,positive
Ẹ̀rọ náà kò ṣiṣẹ́ dáadáa.,negative
O ni ẹ̀wà.,positive
Mi o feran eyi.,negative
"Ẹ jọ̀ọ́, mo n duro de ẹ.",neutral
This  thing  no  gel.,negative
Ọjọ́ oni dara pupọ.,positive
I don't like this at all.,negative
Ọjọ́ kejì ni ayẹyẹ.,neutral
Eyi jẹ́ òótọ́.,neutral
Mo máa lọ sílé lẹ́yìn iṣẹ́.,neutral
mi o feran eyi.,negative
Èmi ò fẹ́ rí ẹ mọ́.,negative
O wa ní uapa iṣere..,neutral
Not happy with this.,negative
Inú mi dùn pé mo rí ọ.,positive
F@nt@stic work.,positive
Ọmọ yi fine die.,positive
Mo ti dé....,neutral
Not happy with this.,negative
Good vibes only.,positive
We go meet soon.,neutral
I don't like this at all.,negative
I d0n't like this at all.,negative
Ẹ ṣe o.,positive
O wa ní ita.,neutral
Ìfẹ́  rẹ̀  dá  mi  lórí.,positive
It's bad abeg.,negative
Eyi kò dáa.!!,negative
Kò pé rara.,negative
O ni ẹ̀wà.,positive
I will be there tomorrow.,neutral
Èmi ò fẹ́ rí ẹ mọ́.,negative
O wa ní ita.,neutral
Ìfẹ́ rẹ̀ dá mi lórí.,positive
So annoying mehn.,negative
It's bad abeg.,negative
O ti burú gan.,negative
Ẹ ní ọkọ ayọ́kẹ́lẹ́ tuntun.,neutral
this is lovely abeg.,positive
Mo gbádùn rẹ.,positive
Eyi mu mi dùn.,positive
Good  vibes  only.,positive
Mo gbádùn rẹ.,positive
Good vibes only.,positive
Eyi mu mi dùn.,positive
O jẹ́ ẹni burúkú.,negative
Mo gbádùn rẹ.,positive
Ìfẹ́ rẹ̀ dá mi lórí.,positive
Inú mi dùn pé mo rí ọ.,positive
Mo gbádùn rẹ.,positive
Mo  ti  dé.,neutral
Mo gbádùn rẹ.,positive
Ọjọ́ kejì ni ayẹyẹ.,neutral
This thing no gel.,negative
Mo n lọ si ile itaja.,neutral
Ọjọ́ oni dara pupọ.,positive
Not happy with this.,negative
Ọjọ́ oni dara pupọ....,positive
Ẹ̀rọ náà kò ṣiṣẹ́ dáadáa.!!,negative
O ni ẹ̀wà.,positive
Mi o feran eyi.,negative
o ni ẹ̀wà.,positive
So annoying mehn.,negative
Ko make any sense rara.,negative
Mo má@ lọ sílé lẹ́yìn iṣẹ́.,neutral
Báwo ni o ṣe lè ṣe bẹẹ́?,negative
Ẹ ní ọkọ ayọ́kẹ́lẹ́ tuntun.,neutral
Mo máa lọ sílé lẹ́yìn iṣẹ́.,neutral
Good vibes only.,positive
Ọjọ́ kejì ni ayẹyẹ.,neutral
You look so nice.,positive
it's bad abeg.,negative
Mo ti dé.,neutral
O wa ní ita.,neutral
Báwo ni o ṣe lè ṣe bẹẹ́?,negative
Mi o feran eyi.,negative
Ìfẹ́ rẹ̀ dá mi lórí.,positive
O ni ẹ̀wà.,positive
Mi o feran eyi.,negative
So annoying mehn.,negative
Kò pé r@r@.,negative
o ti burú gan.,negative
O jẹ́ ẹni burúkú.,negative
Bae y0u try gan.,positive
Mo gbádùn rẹ.,positive
Eyi mu mi dùn.,positive
Inú mi dùn pé mo rí ọ.,positive
Inú mi dùn pé mo rí ọ.,positive
Ẹ̀rọ náà kò ṣiṣẹ́ dáadáa.,negative
I don't like this at all.,negative
Mo ti dé.,neutral
Eyi mu mi dùn.,positive
Ọjọ́ oni dara pupọ.,positive
I will be there tomorrow.,neutral
This is lov3ly ab3g.,positive
Mo fẹ́ràn rẹ gan-an.,positive
Bae you try gan.,positive
Ko make any sense rara.,negative
Kò pé rara.,negative
Ọjọ́ oni dara pupọ.,positive
Weather is okay.,neutral
Ọjọ́ kejì ni ayẹyẹ.,neutral
W3 go m33t soon.,neutral
You look so nic3.,positive
Ọmọ yi fine die.,positive
So annoying mehn.,negative
Mi o feran eyi.,negative
Fantastic work.,positive
We go meet soon.,neutral
Ẹ jẹ ka lọ.,neutral
Bae you try gan.,positive
It's bad abeg.,negative
O ni ẹ̀wà.,positive
Mo ti dé.!!,neutral
Mo ti dé.,neutral
O ni ẹ̀wà.,positive
We@ther is ok@y.,neutral
Ìfẹ́  rẹ̀  dá  mi  lórí.,positive
"Ẹ jọ̀ọ́, mo n duro de ẹ.",neutral
Ẹ ní ọkọ ayọ́kẹ́lẹ́ tuntun.,neutral
Ko make any sense rara.,negative
this thing no gel.,negative
Ẹ jẹ ka lọ.,neutral
Eyi mu mi dùn.,positive
Mo ti dé.,neutral
Mi o feran eyi.,negative
Mo  n  lọ  si  ile  itaja.,neutral
This is lovely abeg.,positive
The car is outside.,neutral
The car is outside.!,neutral
Mo máa lọ sílé lẹ́yìn iṣẹ́.,neutral
Èmi ò fẹ́ rí ẹ mọ́.,negative
We go meet soon.,neutral
Good vibes only.,positive
Ko  make  any  sense  rara.,negative
O  wa  ní  ita.,neutral
Mo n lọ si ile itaja.,neutral
Èmi ò fẹ́ rí ẹ mọ́.,negative
Ìfẹ́  rẹ̀  dá  mi  lórí.,positive
Ko make any sense rara.,negative
Mo n lọ si ile itaja.,neutral
Ìfẹ́ rẹ̀ dá mi lórí.,positive
Ẹ ṣe o.,positive
Inú mi dùn pé m0 rí ọ.,positive
Inú mi dùn pé mo rí ọ.,positive
Ìfẹ́ rẹ̀ dá mi lórí.,positive
O ti burú gan.!!,negative
Fantastic work.,positive
good vibes only.,positive
I don't like this at all.,negative
Eyi ko dara rara.,negative
Eyi ko dara rara.,negative
Mo ti dé.,neutral
This thing no gel.,negative
Mo ti dé.,neutral
Ko make any sense rara.,negative
This is lovely abeg.,positive
O ṣeun gan ni o.,positive
O ti burú gan.,negative
Good vibes only.,positive
Ìfẹ́ rẹ̀ dá mi lórí.,positive
Not happy with this.!,negative
Ẹ ṣe o.,positive
Ẹ ṣe o.,positive
Ẹ̀rọ náà kò ṣiṣẹ́ dáadáa.,negative
Èmi ò fẹ́ rí ẹ mọ́.,negative
O wa ní uapa iṣere.,neutral
This is lovely abeg.,positive
A o pade lọ́la.,neutral
mo ti dé.,neutral
Inú mi dùn pé m0 rí ọ.,positive
Mo gbádùn rẹ.,positive
Ẹ ní ọkọ ayọ́kẹ́lẹ́ tuntun.,neutral
Ẹ ní ọkọ ayọ́kẹ́lẹ́ tuntun.,neutral
Mo fẹ́ràn rẹ gan-an.,positive
Mo n lọ si ile itaja.,neutral
Bae you try gan.,positive
K0 make any sense rara.,negative
Ẹ ní ọkọ ayọ́kẹ́lẹ́ tuntun.,neutral
O ni ẹ̀wà.,positive
It's bad abeg.,negative
I will be there t0m0rr0w.,neutral
Báwo ni o ṣ3 lè ṣ3 bẹẹ́?,negative
Ọmọ yi fine die.,positive
Ẹ̀rọ náà kò ṣiṣẹ́ dáadáa.,negative
Inú mi dùn pé mo rí ọ.,positive
Ẹ ṣe o.,positive
I don't like this at all.,negative
The  car  is  outside.,neutral
Ẹ jẹ ka lọ.,neutral
O wa ní ita.,neutral
You look so nice.,positive
O ṣeun gan ni o.,positive
a o pade lọ́la.,neutral
Èmi  ò  fẹ́  rí  ẹ  mọ́.,negative
I don't like this at all..,negative
O jẹ́ ẹni burúkú.,negative
Ko  make  any  sense  rara.,negative
O  wa  ní  uapa  iṣere.,neutral
Fantastic work.,positive
ẹ ṣe o.,positive
O wa ní ita.,neutral
ẹ jẹ ka lọ.,neutral
Mo máa lọ sílé lẹ́yìn iṣẹ́.,neutral
This is lovely abeg.,positive
Ẹ ṣ3 o.,positive
Ìfẹ́ rẹ̀ dá mi lórí.,positive
o ni ẹ̀wà.,positive
I don't like this at all.,negative
O ti burú gan.,negative
Ọjọ́ kejì ni ayẹyẹ.,neutral
O  ni  ẹ̀wà.,positive
Mi o feran eyi..,negative
Not happy with this.,negative
I don't like this at all....,negative
Ọjọ́ oni d@r@ pupọ.,positive
I will be there tomorrow.,neutral
Eyi kò dáa.,negative
Mo gbádùn rẹ.,positive
Mo máa lọ sílé lẹ́yìn iṣẹ́.,neutral
Not happy with this.,negative
This thing no g3l.,negative
the car is outside.,neutral
I will be there tomorrow.,neutral
Ìfẹ́ rẹ̀ dá mi lórí.,positive
We go meet soon.,neutral
Mo máa lọ sílé lẹ́yìn iṣẹ́.,neutral
Mi o feran eyi.!!,negative
Mo ti dé.,neutral
"Ẹ jọ̀ọ́, mo n duro de ẹ.",neutral
bae you try gan.,positive
This thing no gel.,negative
So annoying mehn.,negative
I d0n't like this at all.,negative
"Ẹ jọ̀ọ́, mo n duro de ẹ.",neutral
Ẹ ṣe o.,positive
Eyi kò dáa.,negative
Eyi ko dara rara.,negative
Bae you try gan.,positive
ọjọ́ oni dara pupọ.,positive
Good vibes only.,positive
Bae y0u try gan.,positive
The car is outside.,neutral
Ẹ  ní  ọkọ  ayọ́kẹ́lẹ́  tuntun.,neutral
Kò pé r@r@.,negative
Ọjọ́ oni d@r@ pupọ.,positive
Èmi ò fẹ́ rí ẹ mọ́.,negative
Ẹ jẹ ka lọ.,neutral
it's bad abeg.,negative
Eyi jẹ́ òótọ́.,neutral
Mo fẹ́ràn rẹ gan-an.,positive
Mo máa lọ sílé lẹ́yìn iṣẹ́.,neutral
N0t happy with this.,negative
"Ẹ jọ̀ọ́, mo n duro de ẹ.",neutral
Eyi ko dara rara.,negative
The car is outside.,neutral
O ṣeun g@n ni o.,positive
This thing no gel.,negative
Èmi ò fẹ́ rí ẹ mọ́.,negative
I will be there tomorrow.,neutral
Ẹ ṣe o.,positive
O wa ní uapa iṣere.!,neutral
Bae you try gan.,positive
We go meet soon.,neutral
Weather is okay.,neutral
Ẹ̀rọ náà kò ṣiṣẹ́ dáadáa.,negative
Mi o f3ran 3yi.,negative
mi o feran eyi.,negative
Bae you try gan.,positive
O ni ẹ̀wà.,positive
The c@r is outside.,neutral
Ẹ ní ọkọ ayọ́kẹ́lẹ́ tuntun.,neutral
I  don't  like  this  at  all.,negative
Fantastic work.,positive
This thing no g3l.,negative
Ẹ ní ọkọ ayọ́kẹ́lẹ́ tuntun.,neutral
mo fẹ́ràn rẹ gan-an.,positive
Weather is okay.,neutral
Ẹ  jẹ  ka  lọ.,neutral
O ṣeun gan ni o.,positive
Mo gbádùn rẹ.,positive
O jẹ́ ẹni burúkú.,negative
Ko make any sense rara.,negative
It's bad abeg.!,negative
Ẹ ní ọkọ ayọ́kẹ́lẹ́ tuntun.,neutral
the car is outside.,neutral
Ẹ jẹ ka lọ....,neutral
Bae you try gan.,positive
Mo máa lọ sílé lẹ́yìn iṣẹ́.,neutral
Good vibes only.,positive
Mi o feran eyi.,negative
Mo n lọ si ile itaja.,neutral
Ọjọ́ oni dara pupọ.,positive
Fantastic work.,positive
We go meet soon.,neutral
Inú mi dùn pé mo rí ọ.,positive
We  go  meet  soon.,neutral
Eyi ko dara rara.,negative
Ẹ jẹ ka lọ.,neutral
Ẹ jẹ ka lọ.,neutral
A o pade lọ́la.,neutral
This thing no gel.,negative
O jẹ́ ẹni burúkú.,negative
Ẹ̀rọ náà kò ṣiṣẹ́ dáadáa.,negative
Fantastic work.,positive
Bae  you  try  gan.,positive
Weather is okay.,neutral
I will be there tomorrow.,neutral
"Ẹ jọ̀ọ́, mo n duro de ẹ.",neutral
"Ẹ jọ̀ọ́, mo n duro de ẹ.",neutral
Mo ti dé.,neutral
ẹ jẹ ka lọ.,neutral
Mo  ti  dé.,neutral
Weather is okay.,neutral
Mo ti dé.,neutral
I don't like this at all.,negative
Weather is okay.,neutral
It's bad abeg.,negative
So annoying mehn.,negative
You look so nic3.,positive
O wa ní ita.!,neutral
Not happy with this.,negative
Ẹ ṣ3 o.,positive
Báwo ni o ṣe lè ṣe bẹẹ́?,negative
O wa ní ita.,neutral
Ẹ ṣe o.,positive
We go meet soon....,neutral
The car is outside.,neutral
O wa ní ita.,neutral
Eyi  mu  mi  dùn.,positive
Mo fẹ́ràn rẹ gan-an.,positive
M0 fẹ́ràn rẹ gan-an.,positive
Mo gbádùn rẹ.,positive
Mo fẹ́ràn rẹ gan-an.,positive
The car is outside.,neutral
Eyi jẹ́ òótọ́.,neutral
so annoying mehn.,negative
ọmọ yi fine die.,positive
Weather is okay.!,neutral
Mo gbádùn rẹ.,positive
This is lovely abeg.,positive
Èmi ò fẹ́ rí ẹ mọ́.,negative
Ẹ ṣe o.,positive
Báwo ni o ṣe lè ṣe bẹẹ́?,negative
Eyi ko dara rara.,negative
Mo fẹ́ràn rẹ gan-an.,positive
Báwo ni o ṣe lè ṣe bẹẹ́?!,negative
You look so nice.!,positive
Ọmọ yi fine die.,positive
This is lovely abeg.,positive
Ẹ ní ọkọ ayọ́kẹ́lẹ́ tuntun.,neutral
I will be there tomorrow....,neutral
eyi jẹ́ òótọ́.,neutral
Mo fẹ́ràn rẹ g@n-@n.,positive
Ọmọ yi fine die.,positive
Kò  pé  rara.,negative
Èmi ò fẹ́ rí ẹ mọ́.!!,negative
mo ti dé.,neutral
I don't like this at all.,negative
Inú mi dùn pé mo rí ọ.,positive
Ẹ̀rọ náà kò ṣiṣẹ́ dáadáa.,negative
N0t happy with this.,negative
I don't like this at all.,negative
Ọmọ yi fine die.,positive
Good vibes only.,positive
Ọmọ yi fine die.,positive
Eyi mu mi dùn.,positive
Ẹ ṣ3 o.,positive
O ti burú gan.,negative
I will be there tomorrow.,neutral
O  wa  ní  uapa  iṣere.,neutral
mo gbádùn rẹ.,positive
O ni ẹ̀wà.,positive
Eyi ko dara rara.,negative
Mo gbádùn rẹ.,positive
Kò pé rara.,negative
Ọjọ́ oni dara pupọ.,positive
Mo ti dé.,neutral
Not happy with this.,negative
Ìfẹ́ rẹ̀ dá mi lórí.,positive
Eyi ko dara rara.,negative
Inú mi dùn pé mo rí ọ.,positive
We go meet soon.,neutral
We go meet soon.,neutral
This is lovely abeg.,positive
O jẹ́ ẹni burúkú.,negative
Mi o feran eyi.,negative
It's  bad  abeg.,negative
Kò pé rara.,negative
A o pade lọ́la.,neutral
Ẹ ní ọkọ ayọ́kẹ́lẹ́ tuntun.,neutral
Fantastic work.,positive
Fantastic work.,positive
O wa ní ita.,neutral
O ti burú gan.,negative
Ẹ ní ọkọ ayọ́kẹ́lẹ́ tuntun.,neutral
O ṣeun gan ni o.,positive
I don't like this at all.,negative
Ko m@ke @ny sense r@r@.,negative
fantastic work.,positive
Ọjọ́ oni dara pupọ.,positive
Not happy with this.!!,negative
we go meet soon.,neutral
Ọjọ́ oni dara pupọ.,positive
Mo n lọ si ile itaja.,neutral
Eyi kò dáa.,negative
O ni ẹ̀wà.,positive
A o pade lọ́la.,neutral
Ẹ ṣe o.,positive
This thing no g3l.,negative
O ṣeun gan ni o.,positive
K0 make any sense rara.,negative
Bae you try gan.,positive
Ẹ̀rọ  náà  kò  ṣiṣẹ́  dáadáa.,negative
Inú mi dùn pé mo rí ọ.,positive
Mi o feran eyi.,negative
Not happy with this.,negative
Báwo ni o ṣe lè ṣe bẹẹ́?!,negative
I don't like this at all.,negative
Eyi kò dáa.,negative
Èmi ò fẹ́ rí ẹ mọ́.,negative
Good vibes only.,positive
Ẹ ní ọkọ ayọ́kẹ́lẹ́ tuntun.,neutral
So annoying mehn.,negative
Mo n lọ si ile itaja.,neutral
It's bad abeg.,negative
I will be there tomorrow.,neutral
Ẹ̀rọ náà kò ṣiṣẹ́ dáadáa.,negative
ẹ jẹ ka lọ.,neutral
Ẹ ṣe o.,positive
Ẹ ṣe o.,positive
Bae you try gan.,positive
I will be there tomorrow.,neutral
G00d vibes 0nly.,positive
A o p@de lọ́l@.,neutral
O wa ní uapa iṣere....,neutral
K0 make any sense rara.,negative
O ṣeun g@n ni o.,positive
O wa ní ita.,neutral
Good vibes only.,positive
Inú mi dùn pé mo rí ọ.,positive
Ọmọ yi fine die.,positive
Bae you try gan.,positive
Ẹ ní ọkọ ayọ́kẹ́lẹ́ tuntun.,neutral
This thing no gel.,negative
Mo  gbádùn  rẹ.,positive
Good vibes only.,positive
O  wa  ní  ita.,neutral
O wa ní ita.,neutral
So @nnoying mehn.,negative
Ọjọ́ oni dara pupọ.,positive
A o pad3 lọ́la.,neutral
Ìfẹ́ rẹ̀ dá mi lórí.,positive
Ẹ̀rọ náà kò ṣiṣẹ́ dáadáa.,negative
Ọmọ yi fine die.,positive
M0 gbádùn rẹ.,positive
It's bad ab3g.,negative
So annoying mehn.,negative
Weather is okay.,neutral
Weather is okay.,neutral
Bae you try gan.,positive
Weather is okay.,neutral
Eyi kò dáa.,negative
This  is  lovely  abeg.,positive
Ẹ̀rọ náà kò ṣiṣẹ́ dáadáa.,negative
Ko make any sense rara.,negative
Bae you try gan.,positive
Good vibes only.,positive
I  will  be  there  tomorrow.,neutral
Èmi ò fẹ́ rí ẹ mọ́.,negative
Eyi k0 dara rara.,negative
Mo n lọ si ile itaja.,neutral
We go meet soon.,neutral
Mo gbádùn rẹ.,positive
Eyi  ko  dara  rara.,negative
Ko make any sense rara.,negative
O wa ní uapa iṣere.,neutral
a o pade lọ́la.,neutral
Ọmọ yi fine die.,positive
Weather is okay....,neutral
ẹ̀rọ náà kò ṣiṣẹ́ dáadáa.,negative
O jẹ́ ẹni burúkú.,negative
You look so nice.,positive
I will be there tomorrow.,neutral
Báwo ni o ṣe lè ṣe bẹẹ́?,negative
kò pé rara.,negative
Báwo ni o ṣe lè ṣe bẹẹ́?,negative
Eyi mu mi dùn.,positive
It's bad abeg.,negative
O ṣeun gan ni o.,positive
We go meet soon.,neutral
Mo n lọ si ile itaja.,neutral
O ni ẹ̀wà.,positive
Èmi ò fẹ́ rí ẹ mọ́.,negative
Ẹ ní ọkọ ayọ́kẹ́lẹ́ tuntun.,neutral
Ẹ jẹ ka lọ.,neutral
The car is outside.,neutral
Eyi mu mi dùn.,positive
This thing no gel.,negative
Inú mi dùn pé mo rí ọ.,positive
Fantastic work.,positive
Ko  make  any  sense  rara.,negative
Báwo ni o ṣe lè ṣe bẹẹ́?,negative
Ẹ ṣe o.,positive
Eyi jẹ́ òótọ́.,neutral
It's bad abeg.,negative
O ti burú gan.,negative
Eyi mu mi dùn.,positive
Ẹ ṣe o.,positive
Not happy with this.,negative
Eyi ko dara rara.,negative
Kò pé rara.,negative
"Ẹ jọ̀ọ́, mo n duro de ẹ.",neutral
Báwo ni o ṣe lè ṣe bẹẹ́?,negative
"Ẹ jọ̀ọ́, mo n duro de ẹ....",neutral
I will be there tomorrow.,neutral
"Ẹ jọ̀ọ́, mo n duro de ẹ.",neutral
Ẹ ṣe o.,positive
O jẹ́ ẹni burúkú.,negative
Not happy with this.,negative
This thing no gel.,negative
The car is outside.,neutral
I don't like this at all.,negative
This thing no gel.,negative
Fantastic  work.,positive
Mo ti dé.,neutral
Not happy with this.,negative
Ẹ ṣe o.,positive
So  annoying  mehn.,negative
This is lovely abeg.,positive
Ọjọ́ oni dara pupọ.,positive
Ẹ̀rọ náà kò ṣiṣẹ́ dáadáa.,negative
Inú mi dùn pé mo rí ọ.,positive
This thing no gel.,negative
O w@ ní it@.,neutral
This is lovely abeg.,positive
The car is 0utside.,neutral
Kò pé rara.,negative
eyi mu mi dùn.,positive
We  go  meet  soon.,neutral
Ko make any sense rara.,negative
Ọmọ yi fin3 di3.,positive
Ẹ̀rọ náà kò ṣiṣẹ́ dáadáa.,negative
ọmọ yi fine die.,positive
We go meet soon.,neutral
I don't like this at all.,negative
Ẹ ṣe o.,positive
Ọjọ́ oni dara pupọ.,positive
Eyi ko dara rara.,negative
Ẹ ṣe o.,positive
a o pade lọ́la.,neutral
Mo gbádùn rẹ.,positive
Ẹ jẹ ka lọ.,neutral
We go meet soon.,neutral
Fantastic work.,positive
O wa ní uapa iṣere.,neutral
Eyi kò dáa.,negative
The car is outside.,neutral
Ẹ ní ọkọ ayọ́kẹ́lẹ́ tuntun.,neutral
Eyi ko dara rara.,negative
I will be there tomorrow.,neutral
not happy with this.,negative
I will be there tomorrow.,neutral
Èmi ò fẹ́ rí ẹ mọ́.,negative
Mo máa lọ sílé lẹ́yìn iṣẹ́.,neutral
Mi o feran eyi.,negative
Eyi kò dáa.,negative
Ọjọ́ kejì ni ayẹyẹ....,neutral
Ẹ ṣe o.,positive
O wa ní uapa iṣere.,neutral
This is lovely abeg.,positive
O wa ní ita.,neutral
O wa ní ita.,neutral
Not happy with this.,negative
O  wa  ní  uapa  iṣere.,neutral
O wa ní ita.,neutral
mo gbádùn rẹ.,positive
mo gbádùn rẹ.,positive
Mo ti dé.,neutral
Mi o feran eyi.,negative
Kò pé rara.,negative
Eyi kò dáa.,negative
"Ẹ jọ̀ọ́, mo n duro de ẹ.",neutral
Weather is okay.,neutral
Eyi ko d@r@ r@r@.,negative
Ẹ ṣe o.,positive
Mo gbádùn rẹ.,positive
Ẹ̀rọ náà kò ṣiṣẹ́ dáadáa.,negative
O ni ẹ̀wà.,positive
M0 ti dé.,neutral
Mo fẹ́ràn rẹ gan-an.,positive
I  will  be  there  tomorrow.,neutral
O w@ ní it@.,neutral
Kò pé rara.,negative
O wa ní ita.,neutral
we go meet soon.,neutral
I will be there tomorrow.,neutral
Ìfẹ́ rẹ̀ dá mi lórí.,positive
Ẹ ní ọkọ ayọ́kẹ́lẹ́ tuntun.,neutral
Èmi ò fẹ́ rí ẹ mọ́.,negative
so annoying mehn.,negative
Mo gbádùn rẹ.,positive
Ìfẹ́ rẹ̀ dá mi lórí.,positive
Kò pé rara..,negative
O ṣeun gan ni o.,positive
Mo gbádùn rẹ.,positive
Ọjọ́ kejì ni ayẹyẹ.,neutral
O ti burú gan.,negative
eyi mu mi dùn.,positive
O wa ní ita.,neutral
Not happy with this.,negative
A  o  pade  lọ́la.,neutral
Bae you try gan.,positive
O wa ní ita.,neutral
Ọjọ́ kejì ni ayẹyẹ.,neutral
"Ẹ jọ̀ọ́, mo n duro de ẹ.",neutral
Mo máa lọ sílé lẹ́yìn iṣẹ́.,neutral
Th3 car is outsid3.,neutral
O ṣeun gan ni o.!,positive
O wa ní uapa iṣere.,neutral
Weather is 0kay.,neutral
Inú mi dùn pé mo rí ọ.,positive
O wa ní uapa iṣere.,neutral
Fantastic work.!,positive
Ọmọ yi fine die.,positive
So annoying mehn.,negative
The car is 0utside.,neutral
this is lovely abeg.,positive
"Ẹ  jọ̀ọ́,  mo  n  duro  de  ẹ.",neutral
Mo gbádùn rẹ.,positive
Eyi  ko  dara  rara.,negative
Ẹ ní ọkọ ayọ́kẹ́lẹ́ tuntun.,neutral
So annoying mehn.,negative
O wa ní uapa iṣere.,neutral
Mi o feran eyi.,negative
O ṣeun gan ni 0.,positive
Th3 car is outsid3.,neutral
Not happy with this.,negative
Not happy with this.,negative
Ẹ ṣe o....,positive
O ni ẹ̀wà.,positive
Eyi mu mi dùn.,positive
Eyi kò dáa.!!,negative
So annoying m3hn.,negative
Ìfẹ́ rẹ̀ dá mi lórí.,positive
Inú mi dùn pé mo rí ọ.,positive
This thing no gel.,negative
"Ẹ jọ̀ọ́, m0 n dur0 de ẹ.",neutral
Ẹ ní ọkọ ayọ́kẹ́lẹ́ tuntun.,neutral
"Ẹ jọ̀ọ́, mo n duro de ẹ.",neutral
O wa ní uapa iṣere.,neutral
The car is outside.,neutral
O jẹ́ ẹni burúkú.,negative
A o pad3 lọ́la.,neutral
Eyi ko dara rara.,negative
Eyi ko dara rara.,negative
We go meet soon.,neutral
Ẹ  jẹ  ka  lọ.,neutral
Kò pé rara.,negative
Ìfẹ́ rẹ̀ dá mi lórí.,positive
Mo n lọ si ile itaja.,neutral
Ko make any sense rara.,negative
Ọjọ́  oni  dara  pupọ.,positive
Mo fẹ́ràn rẹ gan-an.,positive
O ni ẹ̀wà.,positive
It's bad abeg.!,negative
Ọmọ yi fin3 di3.,positive
Ìfẹ́ rẹ̀ dá mi lórí.,positive
You look so nice.,positive
Ẹ̀rọ náà kò ṣiṣẹ́ dá@dá@.,negative
Ko make any sense rara.,negative
O ṣeun gan ni o.,positive
Báwo ni o ṣe lè ṣe bẹẹ́?,negative
Ìfẹ́ rẹ̀ dá mi lórí.,positive
mo fẹ́ràn rẹ gan-an.,positive
Eyi ko dara rara.,negative
O wa ní uapa iṣere.,neutral
O ni ẹ̀wà.,positive
Ẹ jẹ ka lọ.,neutral
This thing no gel.,negative
Mo n lọ si ile itaja.,neutral
ìfẹ́ rẹ̀ dá mi lórí.,positive
Bae you try gan.,positive
O wa ní uapa iṣere.,neutral
So @nnoying mehn.,negative
Inú mi dùn pé mo rí ọ.,positive
O wa ní ita.,neutral
O wa ní ita.,neutral
This thing no gel..,negative
Mo fẹ́ràn rẹ gan-an.,positive
You look so nice.,positive
Ọmọ yi fine die.,positive
Eyi jẹ́ òótọ́.,neutral
Ẹ ṣe o.,positive
O wa ní uapa iṣere.,neutral
inú mi dùn pé mo rí ọ.,positive
Ẹ̀rọ náà kò ṣiṣẹ́ dá@dá@.,negative
I will be there tomorrow.,neutral
So annoying mehn.,negative
Ko make any sense rara.,negative
O ti burú gan.,negative
Ẹ̀rọ náà kò ṣiṣẹ́ dáadáa.,negative
Weather is okay.,neutral
The car is outside.,neutral
Mo máa lọ sílé lẹ́yìn iṣẹ́.,neutral
Mo máa lọ sílé lẹ́yìn iṣẹ́.,neutral
Ẹ ṣe o.,positive
Eyi mu mi dùn.,positive
Good vibes only.,positive
Báwo ni o ṣe lè ṣe bẹẹ́?,negative
Mo fẹ́ràn rẹ gan-an.!!,positive
Not happy with this.,negative
I will be there tomorrow.,neutral
Ko m@ke @ny sense r@r@.,negative
Eyi ko dara rara.,negative
A o pade lọ́la.,neutral
Mi o feran eyi.,negative
Inú mi dùn pé mo rí ọ.,positive
Weather is okay.,neutral
Ẹ ṣe o.,positive
Weather  is  okay.,neutral
Eyi kò dáa.,negative
I will be there tomorrow.,neutral
Ọjọ́ kejì ni ayẹyẹ.,neutral
We go meet soon.,neutral
"Ẹ jọ̀ọ́, mo n duro de ẹ.",neutral
Kò pé rara.,negative
We go meet soon..,neutral
Eyi ko dara rara.,negative
we go meet soon.,neutral
Mi o feran eyi.,negative
Weather is okay.,neutral
O ti burú gan.,negative
Good vibes only.,positive
Eyi kò dá@.,negative
mi o feran eyi.,negative
Èmi ò fẹ́ rí ẹ mọ́....,negative
Ọmọ yi fine die.,positive
Ẹ ní ọkọ ayọ́kẹ́lẹ́ tuntun.,neutral
Ọjọ́  oni  dara  pupọ.,positive
Ọjọ́ kejì ni ayẹyẹ.,neutral
Eyi ko dara rara.,negative
W3ath3r is okay.,neutral
Ọmọ yi fine die.,positive
Ìfẹ́ rẹ̀ dá mi lórí.,positive
Ìfẹ́ rẹ̀ dá mi lórí.,positive
Eyi kò dáa.,negative
Eyi jẹ́ òótọ́.,neutral
Èmi ò fẹ́ rí ẹ mọ́.!!,negative
O jẹ́ ẹni burúkú.,negative
Mo fẹ́ràn rẹ gan-an.,positive
Ko make any sense rara.,negative
"Ẹ jọ̀ọ́, mo n duro de ẹ.",neutral
O ti burú g@n.,negative
"Ẹ jọ̀ọ́, mo n duro de ẹ.",neutral
Bae you try gan.,positive
bae you try gan.,positive
Ẹ̀rọ náà kò ṣiṣẹ́ dáadáa.,negative
Eyi jẹ́ òótọ́.,neutral
Mo máa lọ sílé lẹ́yìn iṣẹ́.,neutral
Not happy with this.,negative
This is lovely abeg.,positive
O wa ní ita.,neutral
O wa ní ita.,neutral
fantastic work.,positive
Báwo ni o ṣ3 lè ṣ3 bẹẹ́?,negative
Inú mi dùn pé mo rí ọ.,positive
Mo máa lọ sílé lẹ́yìn iṣẹ́.,neutral
Weather is okay.,neutral
Ọjọ́ oni dara pupọ.,positive
Mo gbádùn rẹ.,positive
Mo gbádùn rẹ.,positive
O ṣeun gan ni o.,positive
Mi o f3ran 3yi.,negative
Not happy with this.,negative
Èmi ò fẹ́ rí ẹ mọ́..,negative
Ìfẹ́ rẹ̀ dá mi lórí.,positive
Inú mi dùn pé mo rí ọ.,positive
o wa ní uapa iṣere.,neutral
Mo ti dé.,neutral
O wa ní uapa iṣere.,neutral
o wa ní ita.,neutral
Ọjọ́ 0ni dara pupọ.,positive
Good vib3s only.,positive
We go meet soon.,neutral
Not happy with this.,negative
Eyi kò dáa.,negative
O jẹ́ ẹni burúkú.,negative
Eyi mu mi dùn.,positive
o ni ẹ̀wà.,positive
Mo n lọ si ile itaja.,neutral
Ko make any sense rara.,negative
"Ẹ jọ̀ọ́, mo n duro de ẹ.",neutral
O ṣeun gan ni o.!,positive
Mo  gbádùn  rẹ.,positive
O wa ní uapa iṣere.,neutral
The  car  is  outside.,neutral
You look so nice.,positive
We go meet soon.,neutral
A o pade lọ́la.,neutral
Mo n lọ si ile itaja.,neutral
Mo n lọ si il3 itaja.,neutral
You look so nice.,positive
Inú mi dùn pé mo rí ọ.!,positive
Kò pé rara.,negative
This is lovely abeg.,positive
Weather is okay.,neutral
Ìfẹ́ rẹ̀ dá mi lórí.,positive
O ni ẹ̀wà.,positive
Eyi jẹ́ òótọ́.,neutral
O jẹ́ ẹni burúkú.,negative
Eyi kò dáa.,negative
O ṣeun gan ni o.,positive
Mo gbádùn rẹ.,positive
O ṣeun gan ni o.,positive
O jẹ́ ẹni burúkú.,negative
O wa ní ita..,neutral
Not h@ppy with this.,negative
You look so nice.,positive
eyi kò dáa.,negative
This thing no gel.,negative
Ọjọ́ kejì ni ayẹyẹ.,neutral
Not happy with this.,negative
Ẹ ní ọkọ ayọ́kẹ́lẹ́ tuntun.,neutral
Ọjọ́ oni dara pupọ.,positive
F@nt@stic work.,positive
mo ti dé.,neutral
Ìfẹ́ rẹ̀ dá mi lórí.,positive
Mo n lọ si ile itaja.,neutral
Mo ti dé.,neutral
Eyi kò dáa.,negative
O ti burú gan.,negative
We go meet soon.,neutral
Not happy with this.,negative
Eyi ko dara rara.,negative
This thing no gel.,negative
Báw0 ni 0 ṣe lè ṣe bẹẹ́?,negative
I don't like this at all.,negative
Ọjọ́ oni dara pupọ.,positive
Mo ti dé.,neutral
Ọmọ yi fine die.,positive
So annoying mehn.,negative
It's bad abeg.!,negative
Ọjọ́ oni dara pupọ.,positive
Ẹ  ní  ọkọ  ayọ́kẹ́lẹ́  tuntun.,neutral
O wa ní ita.,neutral
Mo gbádùn rẹ.,positive
Ìfẹ́ rẹ̀ dá mi lórí.,positive
Mo máa lọ sílé lẹ́yìn iṣẹ́.,neutral
O ni ẹ̀wà.,positive
we go meet soon.,neutral
Mo fẹ́ràn rẹ gan-an.,positive
M0 n lọ si ile itaja.,neutral
The  car  is  outside.,neutral
So annoying mehn.,negative
O jẹ́ ẹni burúkú.,negative
you look so nice.,positive
Ko make any sense rara.,negative
Ọjọ́ oni dara pupọ.,positive
Ẹ̀rọ náà kò ṣiṣẹ́ dáadáa.,negative
Ọjọ́ kejì ni ayẹyẹ.,neutral
Ko make any sense rara.,negative
M0 máa lọ sílé lẹ́yìn iṣẹ́.,neutral
Ìfẹ́ rẹ̀ dá mi lórí.,positive
Inú  mi  dùn  pé  mo  rí  ọ.,positive
A o pade lọ́la.,neutral
Not happy with this.,negative
so annoying mehn.,negative
Not happy with this.,negative
Ẹ̀rọ náà kò ṣiṣẹ́ dáadáa.,negative
Èmi ò fẹ́ rí ẹ mọ́.,negative
Báwo ni o ṣe lè ṣe bẹẹ́?,negative
Not happy with this.,negative
Ba3 you try gan.,positive
Eyi jẹ́ òótọ́.,neutral
Bae  you  try  gan.,positive
O ni ẹ̀wà.,positive
Ẹ ṣe o.,positive
Bae you try gan..,positive
Good vibes only.,positive
O jẹ́ ẹni burúkú.,negative
Weather  is  okay.,neutral
O ni ẹ̀wà.,positive
This is lovely abeg.,positive
M0 máa lọ sílé lẹ́yìn iṣẹ́.,neutral
eyi ko dara rara.,negative
Báwo ni o ṣe lè ṣe bẹẹ́?,negative
This thing no gel.,negative
O ti burú gan.,negative
Eyi mu mi dùn.,positive
Fantastic work.,positive
O ni ẹ̀wà.!,positive
Mo n lọ si ile itaja.,neutral
I don't like this at all.,negative
Ẹ ní ọkọ ayọ́kẹ́lẹ́ tuntun..,neutral
Báwo ni o ṣe lè ṣe bẹẹ́?,negative
Mo  máa  lọ  sílé  lẹ́yìn  iṣẹ́.,neutral
Ẹ ṣe o.,positive
Mo máa lọ sílé lẹ́yìn iṣẹ́.,neutral
Mi o feran eyi.,negative
O ni ẹ̀wà.,positive
Mo fẹ́ràn rẹ g@n-@n.,positive
Eyi mu mi dùn.,positive
Ọjọ́ oni dara pupọ....,positive
Eyi kò dá@.,negative
Ìfẹ́ rẹ̀ dá mi lórí.,positive
I don't like this at all.,negative
Ìfẹ́ rẹ̀ dá mi lórí.,positive
O wa ní uapa iṣere..,neutral
Mi o feran eyi.,negative
You look so nic3.,positive
Eyi jẹ́ òótọ́.,neutral
O jẹ́ ẹni burúkú.,negative
Ko m@ke @ny sense r@r@.,negative
Ọjọ́ oni dara pupọ.,positive
Ọjọ́ kejì ni ayẹyẹ.,neutral
Ẹ jẹ ka lọ.,neutral
Eyi kò dáa.,negative
Not happy with this.,negative
Báwo ni o ṣe lè ṣe bẹẹ́?,negative
Ọjọ́ oni dara pupọ.,positive
Mo n lọ si ile itaja.,neutral
O ṣeun gan ni o.,positive
Fantastic work.,positive
This thing no gel.,negative
O wa ní uapa iṣere.,neutral
O wa ní uapa iṣere.,neutral
O wa ní uapa iṣere.,neutral
O wa ní ita.,neutral
Weather is okay.,neutral
Ẹ jẹ ka lọ.,neutral
Ìfẹ́ rẹ̀ dá mi lórí.!,positive
Mo ti dé.,neutral
This thing no gel.,negative
Kò pé rara.,negative
Èmi ò fẹ́ rí ẹ mọ́.,negative
Eyi ko dara rara.,negative
Ẹ̀rọ náà kò ṣiṣẹ́ dáadáa.,negative
A o pade lọ́la.,neutral
O ni ẹ̀wà.,positive
This thing no gel.,negative
Bae you try gan..,positive
Ẹ jẹ ka lọ.,neutral
Mo ti dé.,neutral
Mo fẹ́ràn rẹ gan-an.,positive
Fantastic work.,positive
Báwo ni o ṣe lè ṣe bẹẹ́?,negative
The car is outside.,neutral
O jẹ́ ẹni burúkú.,negative
good vibes only.,positive
Mo máa lọ sílé lẹ́yìn iṣẹ́.,neutral
So annoying mehn.,negative
Ẹ̀rọ náà kò ṣiṣẹ́ dáadáa.,negative
Good vibes only.,positive
Èmi ò fẹ́ rí ẹ mọ́.,negative
Ẹ jẹ ka lọ.,neutral
O wa ní uapa iṣere.,neutral
O ti burú gan.,negative
A o pade lọ́la.,neutral
O ti burú gan.,negative
Good vibes only.,positive
I don't like this at all.,negative
O ṣeun gan ni o.,positive
Not happy with this.,negative
Inú  mi  dùn  pé  mo  rí  ọ.,positive
Ẹ jẹ ka lọ.,neutral
O ti burú g@n.,negative
So annoying mehn.,negative
It's bad abeg.,negative
So annoying mehn.,negative
Good vibes only..,positive
Ẹ ní ọkọ ayọ́kẹ́lẹ́ tuntun.,neutral
N0t happy with this.,negative
Mo ti dé.,neutral
A  o  pade  lọ́la.,neutral
So annoying mehn.,negative
You look so nice.,positive
It's bad ab3g.,negative
Mo  n  lọ  si  ile  itaja.,neutral
ẹ ṣe o.,positive
We go meet soon.,neutral
Ọjọ́ oni dara pupọ.,positive
Ẹ jẹ ka lọ.,neutral
Mo fẹ́ràn rẹ gan-an.,positive
Ẹ̀rọ náà kò ṣiṣẹ́ dáadáa.,negative
Ẹ ní ọkọ ayọ́kẹ́lẹ́ tuntun.,neutral
O ti burú gan.,negative
O jẹ́ ẹni burúkú.,negative
I don't like this at all....,negative
Ẹ ní ọkọ ayọ́kẹ́lẹ́ tuntun.,neutral
Eyi mu mi dùn.,positive
Ẹ ṣe o.,positive
Ọmọ yi fine die.,positive
Eyi kò dá@.,negative
Good vibes only.,positive
Mo n lọ si ile itaja.,neutral
Eyi kò dáa.,negative
Mo fẹ́ràn rẹ gan-an.,positive
Ọjọ́ oni dara pupọ.,positive
O ṣeun gan ni o.,positive
"Ẹ jọ̀ọ́, mo n duro de ẹ.",neutral
Bae you try gan.,positive
Bae you try gan.!,positive
Eyi mu mi dùn.,positive
Good vibes only.,positive
Eyi kò dáa.,negative
Ko make any sense rara.,negative
I will be there tomorrow.,neutral
I don't like this at all.,negative
This is lovely abeg.,positive
Kò pé rara.,negative
Ẹ jẹ k@ lọ.,neutral
Mo ti dé.,neutral
Ọmọ yi fine die.,positive
You look so nice.,positive
M0 fẹ́ràn rẹ gan-an.,positive
Ọmọ yi fine die.,positive
You look so nice.,positive
Mi o feran eyi.,negative
It's bad abeg.,negative
Mi o f3ran 3yi.,negative
O wa ní uapa iṣere.,neutral
Ọjọ́ oni dara pupọ.,positive
mi o feran eyi.,negative
Inú mi dùn pé mo rí ọ.,positive
It's bad abeg.,negative
Báwo ni o ṣe lè ṣe bẹẹ́?,negative
"Ẹ jọ̀ọ́, mo n duro de ẹ.!!",neutral
Eyi ko dara rara.,negative
Not h@ppy with this.,negative
Mo n lọ si ile itaja.,neutral
Not happy with this.,negative
The car is outside.,neutral
Ọmọ yi fine die.,positive
Ọjọ́ oni dara pupọ.,positive
O w@ ní it@.,neutral
I will be there tomorrow.,neutral
Bae you try gan.,positive
Good vibes only.,positive
Báwo ni o ṣe lè ṣe bẹẹ́?...,negative
Weather is okay.,neutral
We go meet soon.,neutral
ẹ ní ọkọ ayọ́kẹ́lẹ́ tuntun.,neutral
Ìfẹ́ rẹ̀ dá mi lórí.,positive
O  wa  ní  uapa  iṣere.,neutral
O jẹ́ ẹni burúkú.,negative
The car is outside.,neutral
Ẹ jẹ ka lọ.,neutral
Ọjọ́ kejì ni @yẹyẹ.,neutral
Mo n lọ si il3 itaja.,neutral
I will be there tomorrow.,neutral
a o pade lọ́la.,neutral
Ko make any sense rara.,negative
This is lovely abeg.,positive
Ọmọ yi fine die.,positive
Kò pé rara.,negative
Ẹ ní ọkọ ayọ́kẹ́lẹ́ tuntun.,neutral
Mo gbádùn rẹ....,positive
O ti burú gan.,negative
Mo gbádùn rẹ.,positive
O jẹ́ ẹni burúkú.,negative
Mo ti dé.,neutral
Eyi mu mi dùn.,positive
This thing no gel.,negative
Ọmọ yi fine die.,positive
i will be there tomorrow.,neutral
Good vibes only.,positive
O wa ní ita.,neutral
Ìfẹ́ rẹ̀ dá mi lórí.,positive
Eyi kò dáa.,negative
O ni ẹ̀wà.,positive
Bae you try gan.,positive
Ìfẹ́ rẹ̀ dá mi lórí.,positive
The car is outside.,neutral
Ọmọ yi fine die.,positive
a o pade lọ́la.,neutral
A 0 pade lọ́la.,neutral
Ọjọ́ kejì ni ayẹyẹ.,neutral
Not happy with this.,negative
Weather is okay.,neutral
Ọjọ́  oni  dara  pupọ.,positive
I will be there tomorrow.,neutral
Báw0 ni 0 ṣe lè ṣe bẹẹ́?,negative
O ti burú gan.,negative
I will be there tomorrow.,neutral
M0 fẹ́ràn rẹ gan-an.,positive
Bae you try gan.,positive
Mi o feran eyi.,negative
This is lovely abeg.,positive
Mo ti dé.,neutral
you look so nice.,positive
This is lovely abeg.,positive
Mi o feran eyi....,negative
O jẹ́ ẹni burúkú.,negative
Mo ti dé.,neutral
Ìfẹ́ rẹ̀ dá mi lórí.,positive
Ọjọ́ kejì ni ayẹyẹ.,neutral
Ẹ jẹ ka lọ.,neutral
Bae you try gan.,positive
Ẹ ní ọkọ ayọ́kẹ́lẹ́ tuntun.,neutral
Eyi kò dáa.,negative
O jẹ́ ẹni burúkú.,negative
This thing no gel.,negative
Fantastic work.,positive
mo máa lọ sílé lẹ́yìn iṣẹ́.,neutral
Eyi kò dáa.,negative
Ẹ̀rọ náà kò ṣiṣẹ́ dáadáa.,negative
Inú mi dùn pé mo rí ọ.,positive
Ẹ̀rọ náà kò ṣiṣẹ́ dáadáa.,negative
Ko make any sense rara.,negative
M0 máa lọ sílé lẹ́yìn iṣẹ́.,neutral
O jẹ́ ẹni burúkú.,negative
Èmi ò fẹ́ rí ẹ mọ́.,negative
Ko make any sense rara.!!,negative
It's bad abeg.,negative
Eyi ko dara rara.,negative
Mo má@ lọ sílé lẹ́yìn iṣẹ́.,neutral
Not happy with this.,negative
Eyi ko dara rara.,negative
Eyi mu mi dùn.,positive
I don't like this at all.,negative
Eyi ko dara rara.,negative
Èmi  ò  fẹ́  rí  ẹ  mọ́.,negative
Ìfẹ́ rẹ̀ dá mi lórí.,positive
Bae you try gan.,positive
O wa ní ita.,neutral
This is lovely abeg.,positive
So annoying mehn.,negative
Bae you try gan.,positive
We g0 meet s00n.,neutral
O wa ní uapa iṣere..,neutral
Eyi mu mi dùn.,positive
Kò pé rara.,negative
Mo n lọ si ile itaja.,neutral
Eyi jẹ́ òótọ́.,neutral
Ẹ ní ọkọ ayọ́kẹ́lẹ́ tuntun.,neutral
Weather is okay.,neutral
So  annoying  mehn.,negative
Èmi ò fẹ́ rí ẹ mọ́.,negative
Ko make any sense rara.!!,negative
I will be there tomorrow.,neutral
O ti burú gan.,negative
a o pade lọ́la.,neutral
Mo fẹ́ràn rẹ gan-an.,positive
Not happy with this....,negative
Mi o fer@n eyi.,negative
Ẹ ṣe o.,positive
O ṣeun gan ni o.,positive
Mo  gbádùn  rẹ.,positive
Ẹ ṣe o.,positive
Ọmọ  yi  fine  die.,positive
Mo ti dé.,neutral
Not happy with this.,negative
Ìfẹ́ rẹ̀ dá mi lórí.,positive
Mi o feran eyi.,negative
Ọmọ yi fine die.,positive
Eyi ko dara rara.,negative
Mo ti dé.,neutral
I will be there tomorrow.,neutral
O ti burú gan.,negative
Not happy with this.,negative
I will be there tomorrow..,neutral
The car is outside.,neutral
Eyi mu mi dùn.,positive
Ọmọ yi fine die.,positive
So annoying mehn.,negative
The car is outside.,neutral
Èmi ò fẹ́ rí ẹ mọ́.,negative
O ṣeun gan ni o.,positive
Fantastic work.,positive
Mo  fẹ́ràn  rẹ  gan-an.,positive
This thing n0 gel.,negative
Kò pé rara.,negative
It's  bad  abeg.,negative
"Ẹ jọ̀ọ́, mo n duro de ẹ.",neutral
The car is outside.,neutral
Bae you try gan.,positive
Bae you try gan....,positive
O jẹ́ ẹni burúkú.,negative
you look so nice.,positive
It's bad abeg.,negative
Mo n lọ si ile itaja.,neutral
Not happy with this.,negative
This is lovely abeg.,positive
Mo fẹ́ràn rẹ g@n-@n.,positive
Èmi  ò  fẹ́  rí  ẹ  mọ́.,negative
Weather is okay.,neutral
I will be there tomorrow.,neutral
Ẹ̀rọ náà kò ṣiṣẹ́ dáadáa.,negative
This is lovely abeg.!!,positive
Inú mi dùn pé mo rí ọ.,positive
I don't like this at all.,negative
Ìfẹ́ rẹ̀ dá mi lórí.,positive
O wa ní uapa iṣere.,neutral
Ẹ ní ọkọ ayọ́kẹ́lẹ́ tuntun.,neutral
"Ẹ jọ̀ọ́, mo n duro de ẹ.",neutral
èmi ò fẹ́ rí ẹ mọ́.,negative
Eyi jẹ́ òótọ́.,neutral
O ṣeun g@n ni o.,positive
O jẹ́ ẹni burúkú.,negative
So annoying mehn.,negative
I will be there tomorrow.,neutral
Eyi ko dara rara.,negative
Ẹ̀rọ náà kò ṣiṣẹ́ dáadáa.,negative
I don't like this at all.,negative
o wa ní uapa iṣere.,neutral
Ẹ jẹ ka lọ.,neutral
Ko make any sense rara.,negative
Ẹ ṣe o....,positive
We go meet soon.,neutral
Bae you try gan.,positive
Ẹ̀rọ náà kò ṣiṣẹ́ dáadáa.,negative
"Ẹ  jọ̀ọ́,  mo  n  duro  de  ẹ.",neutral
Weather is okay.,neutral
Inú mi dùn pé mo rí ọ.,positive
ẹ ṣe o.,positive
I will be there tomorrow.,neutral
I don't like this at all.,negative
Mi o feran eyi.,negative
Mo gbádùn rẹ.,positive
A o pade lọ́la.,neutral
Ìfẹ́ rẹ̀ dá mi lórí.,positive
Ẹ ní ọkọ ayọ́kẹ́lẹ́ tuntun.,neutral
Eyi mu mi dùn.,positive
O ti burú gan.,negative
Mi  o  feran  eyi.,negative
Ọjọ́ kejì ni ayẹyẹ.,neutral
A o pade lọ́la.,neutral
I don't like this at all.,negative
O ni ẹ̀wà.,positive
I will be there tomorrow.,neutral
Good vibes only.,positive
Good vibes only.,positive
This is lovely abeg.,positive
A o pade lọ́la.,neutral
This thing no gel.,negative
Kò pé rara..,negative
O ti burú gan..,negative
Ẹ̀rọ náà kò ṣiṣẹ́ dáadáa.,negative
"Ẹ jọ̀ọ́, mo n duro de ẹ.",neutral
Mo gbádùn rẹ.,positive
I d0n't like this at all.,negative
This is lovely abeg.,positive
Ọjọ́ kejì ni ayẹyẹ.,neutral
The car is outside.,neutral
The car is outside.,neutral
Mo gbádùn rẹ.,positive
Ẹ jẹ ka lọ.,neutral
You look so nice.,positive
Mi 0 feran eyi.,negative
The car is outside.,neutral
Mi o f3ran 3yi.,negative
I don't like this at all.,negative
Ẹ ní ọkọ ayọ́kẹ́lẹ́ tuntun.,neutral
This is lovely abeg.,positive
Báwo ni o ṣe lè ṣe bẹẹ́?,negative
So annoying mehn.,negative
Ẹ jẹ k@ lọ.,neutral
So annoying mehn.,negative
O wa ní uapa iṣere.,neutral
Mo n lọ si ile it@j@.,neutral
Fantastic work.,positive
Not happy with this.,negative
mi o feran eyi.,negative
Mo gbádùn rẹ.,positive
Not happy with this.,negative
Eyi k0 dara rara.,negative
O jẹ́ ẹni burúkú.,negative
This is lovely abeg.,positive
mo n lọ si ile itaja.,neutral
Fantastic work.,positive
Ẹ  ní  ọkọ  ayọ́kẹ́lẹ́  tuntun.,neutral
Mo fẹ́ràn rẹ gan-an.,positive
Ko make any sense rara.,negative
O ni ẹ̀wà.!!,positive
Ko make any sense rara.,negative
Èmi ò fẹ́ rí ẹ mọ́.,negative
Mo ti dé.,neutral
O wa ní uapa iṣere.,neutral
So annoying mehn.,negative
So annoying mehn.,negative
Ìfẹ́ rẹ̀ dá mi lórí.!,positive
Mo fẹ́ràn rẹ gan-an.,positive
The car is outside.,neutral
This  thing  no  gel.,negative
S0 ann0ying mehn.,negative
Weather is okay.,neutral
Mo ti dé.,neutral
The car is outside.,neutral
Inú mi dùn pé mo rí ọ.,positive
Ọmọ yi fine die.,positive
You look so nice.,positive
Not h@ppy with this.,negative
Ẹ ṣe o..,positive
Ko make any sense rara.,negative
Ẹ̀rọ náà kò ṣiṣẹ́ dáadáa.,negative
Mo fẹ́ràn rẹ gan-an.,positive
Mo n lọ si ile itaja.,neutral
O wa ní ita.,neutral
I will be there tomorrow.,neutral
Not happy with this.,negative
Ko m@ke @ny sense r@r@.,negative
This thing no gel.,negative
"Ẹ jọ̀ọ́, mo n duro de ẹ.",neutral
Ẹ  ṣe  o.,positive
O ti burú gan.,negative
Ẹ ṣe o.,positive
So annoying mehn.,negative
O wa ní ita.,neutral
O ti burú gan.,negative
Eyi  jẹ́  òótọ́.,neutral
Ọjọ́ kejì ni ayẹyẹ.,neutral
Ọjọ́ kejì ni ayẹyẹ....,neutral
Ọjọ́ oni dara pupọ.,positive
Not happy with this.,negative
O ṣeun gan ni o.,positive
Mi o feran eyi.,negative
A  o  pade  lọ́la.,neutral
Mo  ti  dé.,neutral
Ẹ̀rọ náà kò ṣiṣẹ́ dáadáa.,negative
I will be there tomorrow.!!,neutral
Mo máa lọ sílé lẹ́yìn iṣẹ́.,neutral
O ni ẹ̀wà.,positive
Eyi ko dara rara.,negative
ẹ ní ọkọ ayọ́kẹ́lẹ́ tuntun.,neutral
Mo n lọ si ile it@j@.,neutral
You look so nice.,positive
Eyi ko dara rara.,negative
I don't like this @t @ll.,negative
Inú mi dùn pé mo rí ọ..,positive
Báwo ni o ṣe lè ṣe bẹẹ́?,negative
Ko mak3 any s3ns3 rara.,negative
"Ẹ jọ̀ọ́, mo n duro de ẹ.",neutral
You look so nice.,positive
Ọjọ́ oni dara pupọ.,positive
O ti burú gan.,negative
O ti burú gan.,negative
So annoying mehn.,negative
Ko  make  any  sense  rara.,negative
This thing n0 gel.,negative
Ìfẹ́ rẹ̀ dá mi lórí.,positive
Inú mi dùn pé m0 rí ọ.,positive
You look so nice.,positive
So annoying mehn.,negative
Eyi  kò  dáa.,negative
I will be there tomorrow.,neutral
Not  happy  with  this.,negative
Weather is okay.,neutral
Ẹ jẹ ka lọ.,neutral
Mo fẹ́ràn rẹ gan-an.,positive
Mo máa lọ sílé lẹ́yìn iṣẹ́....,neutral
Mi o feran eyi....,negative
I don't like this at all..,negative
o wa ní ita.,neutral
Eyi kò dáa.,negative
O ṣeun gan ni o.,positive
O wa ní ita.,neutral
we go meet soon.,neutral
Ko make any sense rara.,negative
Mo fẹ́ràn rẹ gan-an.,positive
Eyi kò dáa.,negative
Inú mi dùn pé mo rí ọ.,positive
Ko make any sense rara.,negative
Inú mi dùn pé mo rí ọ.,positive
Ọjọ́ oni dara pupọ.,positive
Mo gbádùn rẹ.,positive
mo máa lọ sílé lẹ́yìn iṣẹ́.,neutral
Eyi k0 dara rara.,negative
Eyi kò dáa....,negative
Ẹ ní ọkọ ayọ́kẹ́lẹ́ tuntun.,neutral
Ko make any sense rara.,negative
Ẹ ní ọkọ ayọ́kẹ́lẹ́ tuntun.,neutral
"Ẹ jọ̀ọ́, mo n duro de ẹ.",neutral
Eyi jẹ́ òótọ́.,neutral
Eyi jẹ́ òótọ́.,neutral
Báwo  ni  o  ṣe  lè  ṣe  bẹẹ́?,negative
We go meet soon.,neutral
O ni ẹ̀wà.,positive
O ṣeun gan ni o.,positive
o ti burú gan.,negative
So annoying mehn.,negative
Good vibes only.,positive
o ṣeun gan ni o.,positive
O ni ẹ̀wà.,positive
Inú mi dùn pé mo rí ọ.,positive
O wa ní ita.,neutral
Èmi ò fẹ́ rí ẹ mọ́.,negative
Ẹ̀rọ náà kò ṣiṣẹ́ dáadáa.,negative
Báwo ni o ṣe lè ṣe bẹẹ́?,negative
I don't like this at all.,negative
Bae you try gan.,positive
Mo gbádùn rẹ.,positive
O wa ní ita.!!,neutral
Eyi kò dáa.,negative
Báwo ni o ṣe lè ṣe bẹẹ́?,negative
Ìfẹ́ rẹ̀ dá mi lórí..,positive
Kò pé rara.,negative
We go meet soon.,neutral
ẹ ní ọkọ ayọ́kẹ́lẹ́ tuntun.,neutral
The car is outside.,neutral
Fantastic work.,positive
The car is 0utside.,neutral
O ti burú gan.,negative
O ṣeun gan ni o.,positive
o ti burú gan.,negative
A o pade lọ́la.,neutral
A o pade lọ́la.,neutral
Mo ti dé.,neutral
Inú mi dùn pé mo rí ọ.,positive
ko make any sense rara.,negative
Mo máa lọ sílé lẹ́yìn iṣẹ́.,neutral
Ọmọ yi fine die.,positive
Ọmọ yi fine die.,positive
O jẹ́ ẹni burúkú.,negative
Eyi mu mi dùn.,positive
O ti burú gan.,negative
Mo máa lọ sílé lẹ́yìn iṣẹ́.,neutral
Eyi mu mi dùn.,positive
Èmi ò fẹ́ rí ẹ mọ́.,negative
A o pade lọ́la.,neutral
Ọjọ́ oni dara pupọ.,positive
Fantastic work.,positive
O ṣeun gan ni o.,positive
Mo  fẹ́ràn  rẹ  gan-an.,positive
Good vibes only.,positive
I will be there tomorrow.,neutral
Ẹ jẹ ka lọ.,neutral
You look so nice.,positive
Mo n lọ si ile it@j@.,neutral
Ba3 you try gan.,positive
Mo máa lọ sílé lẹ́yìn iṣẹ́.,neutral
Ẹ ṣe o.,positive
Inú mi dùn pé mo rí ọ.,positive
Ọjọ́ oni dara pupọ.,positive
Good vibes only.,positive
O ti burú gan.,negative
Mo gbádùn rẹ.,positive
This is lovely abeg.,positive
i will be there tomorrow.,neutral
ìfẹ́ rẹ̀ dá mi lórí.,positive
Mo fẹ́ràn rẹ gan-an.,positive
Mo fẹ́ràn rẹ gan-an.,positive
Kò pé rara.,negative
Ẹ jẹ ka lọ.,neutral
Ẹ̀rọ náà kò ṣiṣẹ́ dáadáa.,negative
O  ni  ẹ̀wà.,positive
We go meet soon.,neutral
Ọmọ yi fine die.,positive
Inú mi dùn pé mo rí ọ.,positive
Good vibes only.,positive
Weather is okay.,neutral
Eyi mu mi dùn.,positive
Ẹ̀rọ náà kò ṣiṣẹ́ dáadáa.,negative
Eyi mu mi dùn.,positive
inú mi dùn pé mo rí ọ.,positive
Ẹ jẹ ka lọ.,neutral
Kò pé rara.,negative
Ẹ̀rọ náà kò ṣiṣẹ́ dáadáa.,negative
Báwo ni o ṣe lè ṣe bẹẹ́?,negative
Kò pé rara.,negative
This is lovely abeg.,positive
N0t happy with this.,negative
It's bad abeg.,negative
Mi o feran eyi.,negative
O ti burú gan.,negative
This is lovely abeg.,positive
Ọmọ yi fine die.,positive
Ẹ jẹ ka lọ.,neutral
Ẹ jẹ ka lọ.,neutral
Eyi kò dáa.,negative
Ẹ̀rọ náà kò ṣiṣẹ́ dáadáa.,negative
Ìfẹ́ rẹ̀ dá mi lórí.,positive
So  annoying  mehn.,negative
Not happy with this.,negative
It's bad abeg.,negative
O ni ẹ̀wà.,positive
This thing no gel.,negative
O wa ní ita.,neutral
so annoying mehn.,negative
Ọjọ́ 0ni dara pupọ.,positive
we go meet soon.,neutral
Ọjọ́ oni dara pupọ.,positive
O ni ẹ̀wà.,positive
Eyi jẹ́ òótọ́.,neutral
Mi o feran eyi.,negative
Eyi ko dara rara.,negative
Kò pé rara.,negative
O jẹ́ ẹni burúkú.,negative
M0 gbádùn rẹ.,positive
It's bad abeg.!,negative
Mo fẹ́ràn rẹ gan-an..,positive
I don't like this at all.,negative
The car is outside.,neutral
This thing no gel.,negative
Mo n lọ si ile itaja.,neutral
Mo fẹ́ràn rẹ gan-an.,positive
O ti burú gan.,negative
Mo fẹ́ràn rẹ gan-an.,positive
W3ath3r is okay.,neutral
I will be there t0m0rr0w.,neutral
Ko make any sense rara.,negative
Inú mi dùn pé mo rí ọ.,positive
Ẹ jẹ ka lọ..,neutral
Good vibes only.,positive
I will be there tomorrow.,neutral
We go meet soon.,neutral
Good vibes only.,positive
Mi o f3ran 3yi.,negative
Èmi ò fẹ́ rí ẹ mọ́.,negative
Ọjọ́ oni dara pupọ.,positive
Ìfẹ́ rẹ̀ dá mi lórí.,positive
O jẹ́ ẹni burúkú.,negative
A o pade lọ́la.,neutral
It's bad abeg.,negative
O jẹ́ ẹni burúkú.,negative
Ẹ ṣ3 o.,positive
Ẹ̀rọ náà kò ṣiṣẹ́ dáadáa.,negative
"Ẹ jọ̀ọ́, mo n duro de ẹ.",neutral
Mo  ti  dé.,neutral
O jẹ́ ẹni burúkú.,negative
Ko make any sense rara.,negative
O ti burú gan.,negative
W3ath3r is okay.,neutral
Ẹ̀rọ náà kò ṣiṣẹ́ dáadáa.,negative
Kò pé rara.,negative
Kò pé rara.,negative
Eyi kò dáa.,negative
"Ẹ jọ̀ọ́, mo n duro de ẹ.",neutral
You look so nice.,positive
O wa ní uapa iṣere.,neutral
O ṣeun gan ni o.,positive
"Ẹ jọ̀ọ́, mo n duro d3 ẹ.",neutral
I will be there tomorrow.,neutral
Ẹ jẹ k@ lọ.,neutral
So annoying mehn.,negative
O jẹ́ ẹni burúkú.,negative
Ọjọ́ kejì ni ayẹyẹ.,neutral
O ti burú gan.,negative
This thing n0 gel.,negative
Ọjọ́ kejì ni ayẹyẹ.,neutral
Ko make any sense rara.,negative
Ọjọ́ oni dara pupọ.!!,positive
Not happy with this.,negative
Ọjọ́ oni dara pupọ....,positive
Ọjọ́ oni d@r@ pupọ.,positive
O wa ní ita.,neutral
Ẹ ṣe o.,positive
This is lovely abeg.,positive
I don't like this @t @ll.,negative
Ẹ ṣe o.,positive
Mi 0 feran eyi.,negative
Eyi jẹ́ òótọ́.,neutral
Ìfẹ́ rẹ̀ dá mi lórí.,positive
We g0 meet s00n.,neutral
I will be there tomorrow.,neutral
Mi  o  feran  eyi.,negative
Mo gbádùn rẹ.,positive
Eyi mu mi dùn.,positive
O ti burú gan.,negative
O wa ní uapa iṣere.,neutral
Eyi jẹ́ òótọ́.,neutral
Ọmọ yi fine die..,positive
O wa ní uapa iṣere.,neutral
i don't like this at all.,negative
O jẹ́ ẹni burúkú.,negative
Mo máa lọ sílé lẹ́yìn iṣẹ́.,neutral
Mi o feran eyi.,negative
Good vibes only.,positive
Bae you try gan.,positive
"Ẹ jọ̀ọ́, mo n duro de ẹ.",neutral
Good vibes only.,positive
Eyi mu mi dùn.,positive
O wa ní ita.,neutral
Báwo ni o ṣe lè ṣe bẹẹ́?,negative
Mo máa lọ sílé lẹ́yìn iṣẹ́.,neutral
Eyi jẹ́ òótọ́.,neutral
It's bad abeg.,negative
You look so nice.,positive
O wa ní ita.,neutral
Ẹ  ní  ọkọ  ayọ́kẹ́lẹ́  tuntun.,neutral
So annoying mehn.,negative
Báwo ni o ṣe lè ṣe bẹẹ́?,negative
Inú mi dùn pé mo rí ọ.,positive
Kò pé rara.,negative
You look so nice.,positive
Mo n lọ si ile itaja.,neutral
Fantastic work.,positive
Mo ti dé.,neutral
Good vibes only.,positive
O jẹ́ ẹni burúkú.!!,negative
Ọjọ́ oni dara pupọ.,positive
Inú mi dùn pé mo rí ọ.!!,positive
O  wa  ní  ita.,neutral
We go meet soon..,neutral
Inú mi dùn pé mo rí ọ.,positive
Ọjọ́ kejì ni ayẹyẹ.,neutral
Mo gbádùn rẹ.,positive
Ẹ ní ọkọ ayọ́kẹ́lẹ́ tuntun.,neutral
"Ẹ jọ̀ọ́, mo n duro de ẹ.",neutral
Ko make any sense rara.,negative
Ẹ  ṣe  o.,positive
O ni ẹ̀wà.,positive
So annoying m3hn.,negative
You look so nice.,positive
Ẹ ní ọkọ ayọ́kẹ́lẹ́ tuntun.,neutral
Báwo ni o ṣe lè ṣe bẹẹ́?,negative
O jẹ́ ẹni burúkú.,negative
Eyi mu mi dùn.,positive
Eyi mu mi dùn.,positive
ẹ jẹ ka lọ.,neutral
O wa ní ita.,neutral
The car is outside.,neutral
Eyi mu mi dùn.,positive
It's bad abeg.,negative
O ti burú gan.!!,negative
You look so nice.,positive
This is lovely @beg.,positive
Mi o feran eyi.,negative
O jẹ́ ẹni burúkú.,negative
Èmi ò fẹ́ rí ẹ mọ́.,negative
Inú mi dùn pé mo rí ọ.,positive
Eyi kò dáa.,negative
O jẹ́ ẹni burúkú.!!,negative
So annoying mehn.,negative
Mo máa lọ sílé lẹ́yìn iṣẹ́.,neutral
Bae you try gan.,positive
This is lovely abeg.,positive
It's bad abeg.,negative
fantastic work.,positive
This is lovely @beg.,positive
Inú mi dùn pé mo rí ọ.,positive
Ẹ ṣ3 o.,positive
So annoying mehn.,negative
O ṣ3un gan ni o.,positive
Ìfẹ́  rẹ̀  dá  mi  lórí.,positive
O ni ẹ̀wà.,positive
This is lov3ly ab3g.,positive
"Ẹ jọ̀ọ́, mo n duro de ẹ.",neutral
Kò pé rara.,negative
Good vibes only.,positive
I will be there tomorrow.,neutral
O ṣeun gan ni o.,positive
You look so nice.,positive
O ti burú gan.,negative
Ẹ̀rọ náà kò ṣiṣẹ́ dáadáa.,negative
Eyi jẹ́ òótọ́.,neutral
We go meet soon.,neutral
Èmi ò fẹ́ rí ẹ mọ́.,negative
Ìfẹ́ rẹ̀ dá mi lórí.,positive
I will be there tomorrow.,neutral
Mo ti dé.,neutral
Eyi jẹ́ òótọ́.,neutral
S0 ann0ying mehn.,negative
O wa ní uapa iṣ3r3.,neutral
A o p@de lọ́l@.,neutral
Fantastic work.,positive
I don't like this at all.,negative
O wa ní ita.,neutral
Mo máa lọ sílé lẹ́yìn iṣẹ́.,neutral
Ọjọ́ kejì ni ayẹyẹ.,neutral
A o pade lọ́la.,neutral
Ọmọ yi fine die.,positive
Ìfẹ́ rẹ̀ dá mi lórí.,positive
Weather is okay.,neutral
"Ẹ jọ̀ọ́, mo n duro de ẹ.",neutral
O  jẹ́  ẹni  burúkú.,negative
O ṣeun gan ni 0.,positive
Ko mak3 any s3ns3 rara.,negative
Eyi kò dáa.,negative
O w@ ní u@p@ iṣere.,neutral
Ọjọ́ kejì ni ayẹyẹ.,neutral
Good vibes only.,positive
Eyi kò dá@.,negative
Ẹ̀rọ náà kò ṣiṣẹ́ dáadáa.,negative
Eyi mu mi dùn.,positive
I don't like this at all.,negative
This thing no gel.,negative
K0 make any sense rara.,negative
Ẹ ní ọkọ @yọ́kẹ́lẹ́ tuntun.,neutral
O wa ní ita.,neutral
Ìfẹ́ rẹ̀ dá mi lórí....,positive
We go meet soon.,neutral
Ẹ̀rọ náà kò ṣiṣẹ́ dáadáa.,negative
Not happy with this.,negative
Èmi ò fẹ́ rí ẹ mọ́.,negative
Ọjọ́ kejì ni ayẹyẹ.!,neutral
Eyi ko dara rara.,negative
O jẹ́ ẹni burúkú.,negative
"Ẹ jọ̀ọ́, m0 n dur0 de ẹ.",neutral
Ọjọ́ oni dara pupọ.,positive
Kò pé rara.,negative
Ẹ ní ọkọ ayọ́kẹ́lẹ́ tuntun.,neutral
O wa ní ita.,neutral
Weather is okay.,neutral
Ẹ ní ọkọ ayọ́kẹ́lẹ́ tuntun.,neutral
O ṣeun gan ni o.,positive
Ìfẹ́ rẹ̀ dá mi lórí.,positive
Eyi jẹ́ òótọ́.,neutral
ìfẹ́ rẹ̀ dá mi lórí.,positive
It's bad abeg.,negative
Mi o feran eyi.,negative
Weather is okay.,neutral
A o pade lọ́la.,neutral
Mo ti dé.,neutral
Èmi ò fẹ́ rí ẹ mọ́.,negative
ẹ ní ọkọ ayọ́kẹ́lẹ́ tuntun.,neutral
Bae you try gan.,positive
This thing no gel.,negative
"Ẹ jọ̀ọ́, mo n duro d3 ẹ.",neutral
It's bad abeg.,negative
O ni ẹ̀wà.,positive
O jẹ́ ẹni burúkú.,negative
Mi o feran eyi.,negative
Ẹ jẹ ka lọ.,neutral
O wa ní uapa iṣere....,neutral
A o pade lọ́la.,neutral
I will be there tomorrow.,neutral
The car is outside.,neutral
This is lovely abeg.,positive
Eyi jẹ́ òótọ́.,neutral
Weather is okay.,neutral
Ọmọ yi fine die.,positive
O wa ní uapa iṣere.,neutral
Weather is okay.,neutral
Èmi ò fẹ́ rí ẹ mọ́.,negative
Bae you try gan.,positive
Ìfẹ́ rẹ̀ dá mi lórí.,positive
Inú mi dùn pé mo rí ọ.,positive
Mo ti dé.,neutral
Ẹ ṣe o.,positive
This thing no gel.,negative
Mo fẹ́ràn rẹ gan-an.,positive
Eyi mu mi dùn.,positive
"Ẹ jọ̀ọ́, mo n duro de ẹ.",neutral
A 0 pade lọ́la.,neutral
You look so nice.,positive
Eyi kò dáa.,negative
I don't lik3 this at all.,negative
Ọjọ́ kejì ni ayẹyẹ.,neutral
Mo máa lọ sílé lẹ́yìn iṣẹ́.,neutral
we go meet soon.,neutral
Eyi mu mi dùn.,positive
Èmi ò fẹ́ rí ẹ mọ́.,negative
Mo fẹ́ràn rẹ gan-an.,positive
Good vibes only.,positive
O wa ní uapa iṣere.,neutral
Eyi mu mi dùn.,positive
ọmọ yi fine die.,positive
Eyi jẹ́ òótọ́.,neutral
I don't like this at all.,negative
Eyi kò dáa.!,negative
It's bad abeg.,negative
Ẹ ní ọkọ ayọ́kẹ́lẹ́ tuntun.!!,neutral
Ìfẹ́ rẹ̀ dá mi lórí.,positive
This thing no gel.,negative
Mi o feran eyi.,negative
Eyi jẹ́ òótọ́.,neutral
Mo fẹ́ràn rẹ gan-an.,positive
Mo n lọ si ile itaja.,neutral
Eyi jẹ́ òótọ́.,neutral
O jẹ́ ẹni burúkú.,negative
You look so nice.,positive
Kò pé rara.,negative
Ko make any sense rara.,negative
Ẹ ṣe o.,positive
Mo n lọ si ile itaja.,neutral
Fantastic work.,positive
O ṣeun gan ni o.,positive
Kò pé rara.!!,negative
O ti burú gan.,negative
N0t happy with this.,negative
O wa ní uapa iṣ3r3.,neutral
Ọmọ  yi  fine  die.,positive
Ìfẹ́ rẹ̀ dá mi lórí.,positive
I don't like this at all.,negative
It's b@d @beg.,negative
Mo n lọ si ile itaja.,neutral
You look so nice.,positive
You look so nice.,positive
This thing no gel.,negative
Mi o feran eyi.,negative
Ọmọ yi fine die.,positive
A 0 pade lọ́la.,neutral
Mo gbádùn rẹ.,positive
ẹ ṣe o.,positive
Inú mi dùn pé mo rí ọ.,positive
O wa ní ita.,neutral
O ti burú gan.,negative
A o pade lọ́la.,neutral
Good vibes only.,positive
ko make any sense rara.,negative
"Ẹ jọ̀ọ́, mo n duro de ẹ.",neutral
Weather is okay.,neutral
"Ẹ jọ̀ọ́, mo n duro de ẹ.",neutral
O jẹ́ ẹni burúkú.,negative
Ko make any sense rara.,negative
Mo máa lọ sílé lẹ́yìn iṣẹ́.,neutral
Ẹ ní ọkọ ayọ́kẹ́lẹ́ tuntun.,neutral
It's bad abeg.!!,negative
kò pé rara.,negative
Weather is 0kay.,neutral
Ẹ jẹ ka lọ.,neutral
Ọmọ yi fine die.,positive
Ẹ jẹ ka lọ.,neutral
Kò pé rara....,negative
Ọjọ́ oni dara pupọ.,positive
O w@ ní it@.,neutral
Ẹ jẹ ka lọ.,neutral
Eyi ko dara rara.,negative
O  wa  ní  ita.,neutral
Mi o feran eyi.,negative
Ọjọ́ oni dara pupọ.,positive
So annoying mehn.,negative
Ẹ ní ọkọ ayọ́kẹ́lẹ́ tuntun.,neutral
A o pade lọ́la.,neutral
Ọjọ́ oni dara pupọ.,positive
This is lovely abeg.,positive
Ọjọ́ oni dara pupọ.,positive
O wa ní uapa iṣere.,neutral
Good vibes only.,positive
Weather  is  okay.,neutral
Ẹ ní ọkọ ayọ́kẹ́lẹ́ tuntun.!!,neutral
Èmi ò fẹ́ rí ẹ mọ́.,negative
Èmi ò fẹ́ rí ẹ mọ́.,negative
Ọjọ́ oni dara pupọ.,positive
This is lovely abeg.,positive
Fantastic work.,positive
Mo n lọ si ile itaja.,neutral
O jẹ́ ẹni burúkú.,negative
Ẹ̀rọ náà kò ṣiṣẹ́ dáadáa.,negative
Mo gbádùn rẹ.,positive
Báwo ni o ṣe lè ṣe bẹẹ́?,negative
Inú mi dùn pé mo rí ọ.,positive
I will be there t0m0rr0w.,neutral
Ẹ jẹ ka lọ.,neutral
It's bad abeg.,negative
You look so nic3.,positive
Ẹ ní ọkọ ayọ́kẹ́lẹ́ tuntun.!!,neutral
We g0 meet s00n.,neutral
Ko make any sense rara.!,negative
Kò pé rara.,negative
Ẹ ní ọkọ ayọ́kẹ́lẹ́ tuntun.,neutral
I don't like this at all.,negative
Not happy with this.,negative
It's bad abeg.,negative
Fantastic w0rk.,positive
O wa ní ita.,neutral
Mi o feran eyi.,negative
Eyi kò dáa.,negative
This thing no gel.,negative
O ti burú gan.,negative
mo fẹ́ràn rẹ gan-an.,positive
We  go  meet  soon.,neutral
"Ẹ jọ̀ọ́, mo n duro de ẹ.",neutral
ẹ ṣe o.,positive
Ko make any sense rara....,negative
The car is outside.,neutral
K0 make any sense rara.,negative
Mo ti dé.,neutral
Bae you try gan.,positive
This thing no gel.,negative
This thing no gel.,negative
A o pade lọ́la.,neutral
A o pade lọ́la.,neutral
I will be there tomorrow.,neutral
Ẹ̀rọ náà kò ṣiṣẹ́ dáadáa.,negative
We go meet soon.,neutral
O wa ní ita.,neutral
Ẹ jẹ ka lọ.,neutral
Ẹ jẹ ka lọ.,neutral
We go meet soon.,neutral
Ọjọ́ oni dara pupọ.!,positive
A o pade lọ́la.,neutral
Weather is okay....,neutral
Mo gbádùn rẹ.,positive
Ọjọ́ oni dara pupọ.,positive
This is lovely abeg.!!,positive
O jẹ́ ẹni burúkú.,negative
This is lovely abeg..,positive
A o p@de lọ́l@.,neutral
eyi mu mi dùn.,positive
Inú mi dùn pé mo rí ọ.,positive
Inú mi dùn pé m0 rí ọ.,positive
Mo ti dé.,neutral
This is lovely abeg.!!,positive
I don't like this at all.!,negative
I don't like this at all.,negative
ẹ̀rọ náà kò ṣiṣẹ́ dáadáa.,negative
Mi o feran eyi.,negative
Báwo ni o ṣe lè ṣe bẹẹ́?,negative
I will be there tomorrow.,neutral
Ẹ ní ọkọ ayọ́kẹ́lẹ́ tuntun.,neutral
Ẹ̀rọ náà kò ṣiṣẹ́ dáadáa.,negative
Ọjọ́ kejì ni ayẹyẹ.,neutral
Ẹ ṣe 0.,positive
Ìfẹ́ rẹ̀ dá mi lórí.,positive
Mi o feran eyi.,negative
Mi o feran eyi.,negative
Ẹ jẹ ka lọ.,neutral
Mo gbádùn rẹ.,positive
I don't like this at all.,negative
This thing no gel.,negative
Ọmọ yi fine die.,positive
Weather is okay.,neutral
A 0 pade lọ́la.,neutral
Inú mi dùn pé mo rí ọ.,positive
Weather is okay.,neutral
Eyi ko dara rara.,negative
Weather is okay.,neutral
Inú mi dùn pé mo rí ọ.,positive
Ẹ ṣe o.,positive
So annoying mehn.,negative
The car is outside.!!,neutral
Inú mi dùn pé m0 rí ọ.,positive
Mi o feran eyi.,negative
O wa ní uapa iṣere.,neutral
Y0u l00k s0 nice.,positive
O jẹ́ ẹni burúkú.,negative
Ọjọ́ oni dara pupọ.,positive
Fantastic  work.,positive
Ọjọ́ oni d@r@ pupọ.,positive
Fantastic w0rk.,positive
Th3 car is outsid3.,neutral
This thing no gel.,negative
eyi mu mi dùn.,positive
Mi o feran eyi.,negative
This is lovely abeg.,positive
This is lovely abeg.,positive
Báwo ni o ṣe lè ṣe bẹẹ́?,negative
O wa ní ita.,neutral
Ẹ jẹ ka lọ.,neutral
O ni ẹ̀wà.,positive
Eyi jẹ́ òótọ́.,neutral
Ọjọ́ oni dara pupọ.,positive
You look so nice.,positive
Eyi  mu  mi  dùn.,positive
Mo gbádùn rẹ.,positive
Ọmọ yi fine die.,positive
Eyi jẹ́ òótọ́.,neutral
The  car  is  outside.,neutral
Ẹ ní ọkọ ayọ́kẹ́lẹ́ tuntun.,neutral
O wa ní ita.,neutral
Ọjọ́ oni dara pupọ.,positive
"Ẹ jọ̀ọ́, mo n duro de ẹ.",neutral
Báwo ni o ṣe lè ṣe bẹẹ́?,negative
Èmi ò fẹ́ rí ẹ mọ́.,negative
Not h@ppy with this.,negative
O ni ẹ̀wà.,positive
Inú mi dùn pé mo rí ọ.,positive
O wa ní uapa iṣere.,neutral
Eyi kò dáa.,negative
O wa ní uapa iṣere.,neutral
This is lovely abeg.,positive
This thing no gel.!,negative
Báwo ni o ṣe lè ṣe bẹẹ́?,negative
Kò pé rara.,negative
Not happy with this.,negative
mi o feran eyi.,negative
O ṣeun gan ni o.,positive
Ọjọ́ kejì ni ayẹyẹ.,neutral
O wa ní uapa iṣere.,neutral
Eyi ko dara rara.,negative
M0 n lọ si ile itaja.,neutral
This is lovely abeg.,positive
Ẹ̀rọ náà kò ṣiṣẹ́ dáadáa.,negative
O jẹ́ ẹni burúkú.,negative
This is lovely abeg.,positive
O jẹ́ ẹni burúkú.,negative
This is lovely abeg.,positive
A o pade lọ́la.,neutral
We go meet soon.,neutral
This is lovely @beg.,positive
Báwo ni o ṣe lè ṣe bẹẹ́?,negative
Y0u l00k s0 nice.,positive
Ọjọ́ oni d@r@ pupọ.,positive
O ti burú gan.,negative
This is lovely abeg.,positive
Èmi  ò  fẹ́  rí  ẹ  mọ́.,negative
Ẹ̀rọ náà kò ṣiṣẹ́ dáadáa.,negative
I don't like this at all.,negative
O wa ní uapa iṣere.,neutral
We go meet soon.,neutral
O ti burú gan.,negative
Ẹ jẹ ka lọ.,neutral
I will be there t0m0rr0w.,neutral
Ẹ jẹ ka lọ.,neutral
The car is outside.,neutral
"Ẹ jọ̀ọ́, mo n duro de ẹ.",neutral
Good vibes only.,positive
O  ti  burú  gan.,negative
Kò pé rara.,negative
O ti burú gan.,negative
So annoying mehn....,negative
Kò pé rara.,negative
Mo ti dé.,neutral
Eyi kò dáa.,negative
Eyi mu mi dùn.,positive
Ẹ ṣ3 o.,positive
Eyi mu mi dùn.,positive
Ọjọ́ oni dara pupọ.,positive
We g0 meet s00n.,neutral
O wa ní uapa iṣere.,neutral
Good vibes only.,positive
Not happy with this.,negative
Ẹ  ṣe  o.,positive
This is lovely abeg.,positive
Bae you try gan.,positive
eyi jẹ́ òótọ́.,neutral
Kò pé r@r@.,negative
O wa ní uapa iṣere.,neutral
It's bad abeg.,negative
Báwo ni o ṣe lè ṣe bẹẹ́?,negative
Báwo ni o ṣe lè ṣe bẹẹ́?,negative
Fantastic work.,positive
Not happy with this.,negative
I don't like this at all.,negative
Ẹ ní ọkọ ayọ́kẹ́lẹ́ tuntun.,neutral
Good vibes only.,positive
A o pade lọ́la.!!,neutral
mo n lọ si ile itaja.,neutral
You look so nice.,positive
Not happy with this.,negative
Weather  is  okay.,neutral
Ẹ jẹ ka lọ.,neutral
O wa ní uapa iṣere.,neutral
We go meet soon.,neutral
O jẹ́ ẹni burúkú.,negative
Eyi kò dáa.,negative
I will be there tomorrow.!!,neutral
Not happy with this.,negative
Weather  is  okay.,neutral
Ko  make  any  sense  rara.,negative
"Ẹ jọ̀ọ́, mo n duro de ẹ.",neutral
Not happy with this.,negative
Mo fẹ́ràn rẹ gan-an.,positive
Eyi kò dáa.,negative
Ọmọ yi fin3 di3.,positive
"Ẹ jọ̀ọ́, mo n duro de ẹ.",neutral
We g0 meet s00n.,neutral
Not happy with this.,negative
O wa ní uapa iṣere.,neutral
Èmi ò fẹ́ rí ẹ mọ́.,negative
Eyi jẹ́ òótọ́.,neutral
Mo máa lọ sílé lẹ́yìn iṣẹ́.,neutral
ẹ̀rọ náà kò ṣiṣẹ́ dáadáa.,negative
Not happy with this.!,negative
Eyi jẹ́ òótọ́.,neutral
We  go  meet  soon.,neutral
o wa ní uapa iṣere.,neutral
Kò pé rara.!,negative
It's bad abeg.,negative
This  is  lovely  abeg.,positive
Ẹ ṣe o.,positive
Inú mi dùn pé mo rí ọ.,positive
Kò  pé  rara.,negative
Èmi ò fẹ́ rí ẹ mọ́.,negative
"Ẹ jọ̀ọ́, mo n duro de ẹ.",neutral
O jẹ́ ẹni burúkú.,negative
M0 fẹ́ràn rẹ gan-an.,positive
O ṣeun gan ni o.,positive
Ẹ̀rọ náà kò ṣiṣẹ́ dáadáa.,negative
ọmọ yi fine die.,positive
Eyi ko dara rara.,negative
O ṣeun gan ni o.,positive
I don't like this at all.,negative
This thing n0 gel.,negative
Ẹ jẹ ka lọ.,neutral
Fantastic work.,positive
Kò pé rara.,negative
So annoying mehn.,negative
Mo gbádùn rẹ.,positive
Inú mi dùn pé mo rí ọ.,positive
Mo máa lọ sílé lẹ́yìn iṣẹ́.,neutral
this thing no gel.,negative
I don't lik3 this at all.,negative
The car is outside.,neutral
Mo máa lọ sílé lẹ́yìn iṣẹ́.,neutral
"Ẹ jọ̀ọ́, mo n duro de ẹ..",neutral
Ko make any sense rara.,negative
Mo ti dé.!!,neutral
Ko make any sense rara.,negative
Ọjọ́ kejì ni ayẹyẹ.,neutral
I will be there tomorrow.,neutral
Mo n lọ si ile itaja.,neutral
O jẹ́ ẹni burúkú.,negative
Not happy with this.,negative
We go meet soon.!!,neutral
You look so nice.,positive
Mo ti dé.!!,neutral
We g0 meet s00n.,neutral
"Ẹ jọ̀ọ́, mo n duro de ẹ.",neutral
You look so nice.,positive
Eyi mu mi dùn.,positive
Eyi ko dara rara.,negative
Ìfẹ́  rẹ̀  dá  mi  lórí.,positive
So annoying mehn.,negative
A o p@de lọ́l@.,neutral
Ọjọ́  kejì  ni  ayẹyẹ.,neutral
Ọjọ́ kejì ni ayẹyẹ.,neutral
O ni ẹ̀wà.,positive
O wa ní ita.,neutral
Ọmọ yi fine die.,positive
Ọjọ́ 0ni dara pupọ.,positive
Mi o feran eyi.,negative
So annoying mehn.,negative
O ṣeun gan ni o.,positive
You look so nice.!!,positive
Inú mi dùn pé m0 rí ọ.,positive
Good vibes only.,positive
O wa ní uapa iṣere.,neutral
You look so nice.,positive
Mo  fẹ́ràn  rẹ  gan-an.,positive
The car is outside.,neutral
Good vibes only.!,positive
Kò pé rara.,negative
This thing no gel.,negative
Ọjọ́ oni dara pupọ.,positive
It's bad abeg.,negative
Báwo ni o ṣe lè ṣe bẹẹ́?!,negative
Ẹ ṣe o.,positive
It's bad abeg.,negative
Fantastic work.,positive
Eyi mu mi dùn.!!,positive
Eyi jẹ́ òótọ́.,neutral
This thing no gel.,negative
I will be there tomorrow.,neutral
O wa ní ita.,neutral
I will be there tomorrow.,neutral
Bae you try gan.!,positive
Èmi ò fẹ́ rí ẹ mọ́.,negative
Ẹ ní ọkọ ayọ́kẹ́lẹ́ tuntun.,neutral
o ti burú gan.,negative
Ẹ jẹ k@ lọ.,neutral
A o pade lọ́la.,neutral
O ti burú gan.,negative
Ọmọ yi fine die.,positive
O wa ní ita.,neutral
The car is outside.,neutral
o wa ní uapa iṣere.,neutral
A o pade lọ́la.,neutral
Eyi kò dáa.,negative
Eyi mu mi dùn.,positive
Eyi kò dáa.,negative
Ẹ̀rọ náà kò ṣiṣẹ́ dáadáa.,negative
Eyi kò dáa.,negative
Bae you try gan.,positive
Mo máa lọ sílé lẹ́yìn iṣẹ́.,neutral
O wa ní uapa iṣ3r3.,neutral
I will b3 th3r3 tomorrow.,neutral
"Ẹ jọ̀ọ́, mo n duro de ẹ.",neutral
O wa ní ita.,neutral
O ti burú gan.,negative
Weather is okay.,neutral
O jẹ́ ẹni burúkú.,negative
Ọjọ́ kejì ni ayẹyẹ.,neutral
Ọjọ́ oni dara pupọ.,positive
O wa ní uapa iṣere.,neutral
Ẹ ṣe o.,positive
O ni ẹ̀wà.,positive
Good vib3s only.,positive
Eyi  kò  dáa.,negative
Ẹ̀rọ náà kò ṣiṣẹ́ dáadáa.,negative
Mo fẹ́ràn rẹ g@n-@n.,positive
Ẹ  ní  ọkọ  ayọ́kẹ́lẹ́  tuntun.,neutral
Eyi mu mi dùn.,positive
Ọjọ́ oni dara pupọ.,positive
Ọmọ yi fine die.,positive
Èmi ò fẹ́ rí ẹ mọ́.,negative
it's bad abeg.,negative
O ti burú gan.,negative
B@e you try g@n.,positive
M0 fẹ́ràn rẹ gan-an.,positive
Eyi kò dáa.,negative
Good vibes only.,positive
Ẹ̀rọ náà kò ṣiṣẹ́ dáadáa.!!,negative
Ọmọ yi fine die.,positive
Ọjọ́ oni dara pupọ.,positive
Ọjọ́ kejì ni @yẹyẹ.,neutral
mi o feran eyi.,negative
Mo fẹ́ràn rẹ gan-an.,positive
Ọjọ́ oni dara pupọ.,positive
This thing no gel.,negative
Good vibes only.,positive
Weather is okay.,neutral
G00d vibes 0nly.,positive
A o p@de lọ́l@.,neutral
Mo fẹ́ràn rẹ g@n-@n.,positive
Mo fẹ́ràn rẹ gan-an.,positive
Eyi ko dara rara.,negative
Ọjọ́ kejì ni ayẹyẹ.,neutral
Mo máa lọ sílé lẹ́yìn iṣẹ́.,neutral
This is lovely abeg....,positive
This thing no gel.,negative
Mo ti dé.,neutral
Èmi ò fẹ́ rí ẹ mọ́.,negative
O jẹ́ ẹni burúkú.,negative
The car is outside.,neutral
Ẹ ní ọkọ ayọ́kẹ́lẹ́ tuntun.,neutral
Ẹ̀rọ náà kò ṣiṣẹ́ dáadáa.,negative
Ọjọ́ oni dara pupọ.,positive
O ti burú gan.,negative
Kò pé rara.,negative
Eyi ko d@r@ r@r@.,negative
This thing no gel.,negative
Ko make any sense rara.,negative
O ṣeun gan ni o.,positive
Mo ti dé.,neutral
This thing no gel.,negative
I will be there tomorrow.,neutral
you look so nice.,positive
Not happy with this..,negative
Ọjọ́ kejì ni ayẹyẹ.,neutral
O wa ní ita.,neutral
This thing no gel.,negative
Mi o feran eyi.,negative
Mi o feran eyi.,negative
Weather is okay.,neutral
Mo ti dé.,neutral
Ẹ jẹ ka lọ.,neutral
Mo máa lọ sílé lẹ́yìn iṣẹ́.,neutral
O wa ní ita.,neutral
I will be there tomorrow.,neutral
Mo n lọ si ile itaja.,neutral
Ọjọ́ oni dara pupọ.,positive
Inú mi dùn pé mo rí ọ.,positive
O wa ní uapa iṣere.,neutral
So annoying mehn.,negative
O w@ ní it@.,neutral
O ni ẹ̀wà.,positive
Mo ti dé.,neutral
Èmi ò fẹ́ rí ẹ mọ́.,negative
Ẹ̀rọ náà kò ṣiṣẹ́ dáadáa.,negative
O  ni  ẹ̀wà.,positive
Ẹ jẹ ka lọ.,neutral
Eyi jẹ́ òótọ́.,neutral
Ko make any sense rara.,negative
I don't like this at all.,negative
Mo ti dé.,neutral
Eyi jẹ́ òótọ́.,neutral
i don't like this at all.,negative
I d0n't like this at all.,negative
Eyi jẹ́ òótọ́.,neutral
Eyi ko dara rara.,negative
Ọjọ́ kejì ni ayẹyẹ.,neutral
Mo máa lọ sílé lẹ́yìn iṣẹ́.,neutral
Not happy with this.,negative
Not happy with this.,negative
Bae you try gan.,positive
Ìfẹ́ rẹ̀ dá mi lórí.,positive
Eyi kò dáa.,negative
Eyi jẹ́ òótọ́.,neutral
The car is outside.,neutral
Eyi mu mi dùn.,positive
O ni ẹ̀wà.,positive
Ẹ  jẹ  ka  lọ.,neutral
Good vibes only.,positive
Fantastic work....,positive
Ẹ ṣe o.,positive
Ẹ ní ọkọ ayọ́kẹ́lẹ́ tuntun....,neutral
Mo fẹ́ràn rẹ gan-an.,positive
Kò pé r@r@.,negative
Mi o feran eyi.,negative
Fantastic work.,positive
Eyi ko dara rara.,negative
Y0u l00k s0 nice.,positive
Mi o feran eyi.,negative
O ti burú gan.,negative
Eyi jẹ́ òótọ́.,neutral
Eyi ko dara rara.,negative
This is lovely abeg.,positive
Ẹ ṣe o.,positive
Kò pé rara.,negative
o ni ẹ̀wà.,positive
The car is outside.,neutral
I don't like this at all.!,negative
Mo ti dé.,neutral
Good vibes only.,positive
Good vibes only.,positive
A o pade lọ́la.,neutral
This thing no gel.,negative
O wa ní uapa iṣ3r3.,neutral
O ni ẹ̀wà.,positive
Mo ti dé.,neutral
Ọmọ yi fine die.,positive
This is lovely abeg.,positive
O wa ní ita.,neutral
A o pad3 lọ́la.,neutral
A o pade lọ́la.,neutral
Ko  make  any  sense  rara.,negative
We go meet soon.,neutral
Ọjọ́ kejì ni ayẹyẹ....,neutral
Èmi ò fẹ́ rí ẹ mọ́.,negative
Báwo  ni  o  ṣe  lè  ṣe  bẹẹ́?,negative
Ẹ ní ọkọ ayọ́kẹ́lẹ́ tuntun.,neutral
Mo máa lọ sílé lẹ́yìn iṣẹ́.,neutral
Weather is okay.,neutral
Báwo ni o ṣe lè ṣe bẹẹ́?,negative
You look so nice.,positive
Mo n lọ si ile itaja.,neutral
"ẹ jọ̀ọ́, mo n duro de ẹ.",neutral
O ṣeun gan ni o.,positive
This is lovely abeg.,positive
Ọjọ́  oni  dara  pupọ.,positive
Eyi  mu  mi  dùn.,positive
Mo fẹ́ràn rẹ gan-an.,positive
Mi o f3ran 3yi.,negative
Ẹ̀rọ náà kò ṣiṣẹ́ dáadáa.,negative
Mo máa lọ sílé lẹ́yìn iṣẹ́.,neutral
I will be there tomorrow.,neutral
Ẹ̀rọ náà kò ṣiṣẹ́ dáadáa.,negative
Eyi jẹ́ òótọ́.,neutral
Eyi ko d@r@ r@r@.,negative
Ọjọ́ oni dara pupọ..,positive
This thing no gel....,negative
This is lovely abeg..,positive
Bae you try gan.,positive
We go meet soon.,neutral
Báwo ni o ṣe lè ṣe bẹẹ́?,negative
Mo gbádùn rẹ.,positive
Ẹ  ní  ọkọ  ayọ́kẹ́lẹ́  tuntun.,neutral
O jẹ́ ẹni burúkú.,negative
Mo  gbádùn  rẹ.,positive
Eyi jẹ́ òótọ́.,neutral
Mo n lọ si ile itaja.,neutral
Mo n lọ si ile itaja.,neutral
Ẹ jẹ ka lọ.,neutral
You look so nic3.,positive
Mo ti dé.,neutral
Ìfẹ́ rẹ̀ dá mi lórí.,positive
Ẹ̀rọ náà kò ṣiṣẹ́ dáadáa.,negative
O jẹ́ ẹni burúkú.,negative
Eyi kò dáa.,negative
Mo gbádùn rẹ.,positive
Mi o feran eyi.,negative
O wa ní uapa iṣere.,neutral
O wa ní uapa iṣere.,neutral
Ọjọ́ kejì ni ayẹyẹ.,neutral
Mo fẹ́ràn rẹ gan-an.,positive
Ẹ jẹ ka lọ.,neutral
Ko mak3 any s3ns3 rara.,negative
We go meet soon.,neutral
A o pade lọ́la.,neutral
Bae you try gan.,positive
Eyi mu mi dùn.,positive
Ọmọ yi fine die.,positive
Mo n lọ si ile itaja.,neutral
O wa ní uapa iṣere.,neutral
The car is outside.,neutral
Mo ti dé.!,neutral
This is lovely abeg.!!,positive
eyi kò dáa.,negative
so annoying mehn.,negative
Ọjọ́ oni dara pupọ.,positive
O wa ní uapa iṣere.,neutral
O ti burú g@n.,negative
Eyi jẹ́ òótọ́.,neutral
Mo gbádùn rẹ.,positive
O ṣ3un gan ni o.,positive
O ti burú gan.,negative
Eyi kò dáa.,negative
Mo fẹ́ràn rẹ gan-an.,positive
We go meet soon.!,neutral
Ẹ̀rọ náà kò ṣiṣẹ́ dáadáa.,negative
Mo gbádùn rẹ.,positive
Mo  máa  lọ  sílé  lẹ́yìn  iṣẹ́.,neutral
Mo gbádùn rẹ.,positive
We go meet soon.,neutral
Mo gbádùn rẹ.,positive
The car is outside.,neutral
Not happy with this.,negative
Mo n lọ si ile itaja.,neutral
Eyi  mu  mi  dùn.,positive
Ẹ jẹ ka lọ.,neutral
Not happy with this.,negative
Eyi ko dara rara.,negative
O wa ní ita.,neutral
This thing no gel.,negative
This thing no gel.,negative
It's bad abeg.,negative
Not happy with this.,negative
O ni ẹ̀wà.,positive
O w@ ní it@.,neutral
O ṣeun gan ni o.,positive
Bae you try gan.,positive
Ọmọ yi fine die.!!,positive
Kò pé rara.,negative
This thing no gel.,negative
Kò pé r@r@.,negative
Not happy with this.,negative
O jẹ́ ẹni burúkú.,negative
"Ẹ jọ̀ọ́, mo n duro de ẹ.",neutral
mi o feran eyi.,negative
Ọmọ yi fin3 di3.,positive
Bae you try gan.,positive
This thing no gel.,negative
Ẹ ṣe o.,positive
good vibes only.,positive
Mo ti dé.,neutral
Mo fẹ́ràn rẹ gan-an.,positive
Ẹ̀rọ  náà  kò  ṣiṣẹ́  dáadáa.,negative
O jẹ́ ẹni burúkú.,negative
Mi o feran eyi.,negative
mi o feran eyi.,negative
We go meet soon.,neutral
Bae you try gan.,positive
I don't like this at all.,negative
O wa ní uapa iṣere.,neutral
The car is outside.,neutral
O wa ní uapa iṣ3r3.,neutral
Ọjọ́ oni dara pupọ.,positive
We go meet soon.,neutral
O wa ní uapa iṣere.,neutral
Mo  fẹ́ràn  rẹ  gan-an.,positive
Ẹ̀rọ náà kò ṣiṣẹ́ dáadáa.,negative
Eyi kò dáa.,negative
Mo ti dé.,neutral
Eyi kò dáa.,negative
O wa ní ita.,neutral
Ọmọ yi fine die....,positive
Inú mi dùn pé mo rí ọ.,positive
Eyi ko dara rara.,negative
We go meet soon.,neutral
I don't like this at all.,negative
Eyi jẹ́ òótọ́.,neutral
Èmi ò fẹ́ rí ẹ mọ́.,negative
Mi o feran eyi.,negative
Eyi mu mi dùn.,positive
Good vibes only.,positive
Ọjọ́ oni dara pupọ.,positive
O  jẹ́  ẹni  burúkú.,negative
Mo ti dé.,neutral
O ṣeun gan ni o.,positive
Mo gbádùn rẹ.,positive
O wa ní ita.,neutral
I will be there tomorrow.,neutral
Inú mi dùn pé mo rí ọ.,positive
Ko make any sense rara.,negative
O wa ní uapa iṣere.,neutral
I will be there tomorrow.,neutral
Mi o fer@n eyi.,negative
Ko make any sense rara.,negative
You look so nice.,positive
Mo fẹ́ràn rẹ gan-an.,positive
Ẹ̀rọ náà kò ṣiṣẹ́ dáadáa.,negative
O ṣ3un gan ni o.,positive
Ẹ̀rọ náà kò ṣiṣẹ́ dáadáa.,negative
It's bad abeg.,negative
O ni ẹ̀wà.,positive
Ẹ ní ọkọ @yọ́kẹ́lẹ́ tuntun.,neutral
O ti burú gan.,negative
Ẹ̀rọ náà kò ṣiṣẹ́ dáadáa.,negative
Eyi mu mi dùn.,positive
O ṣeun gan ni o.,positive
S0 ann0ying mehn.,negative
I don't lik3 this at all.,negative
Not happy with this.,negative
Mo fẹ́ràn rẹ gan-an.,positive
O jẹ́ ẹni burúkú.,negative
Ẹ̀rọ náà kò ṣiṣẹ́ dáadáa.,negative
Bae you try gan.,positive
Good vibes only.,positive
So annoying mehn.,negative
Ẹ ṣe o.,positive
O ti burú gan.,negative
O jẹ́ ẹni burúkú.,negative
Ọjọ́ kejì ni ayẹyẹ.,neutral
Kò pé rara.,negative
I don't like this at all.,negative
Mo fẹ́ràn rẹ gan-an.,positive
Ọjọ́ k3jì ni ayẹyẹ.,neutral
Kò pé r@r@.,negative
Eyi k0 dara rara.,negative
Ìfẹ́ rẹ̀ dá mi lórí.,positive
Ẹ ṣe o.,positive
We go meet soon.,neutral
The car is outside.,neutral
Mi o feran eyi.,negative
Ọjọ́ kejì ni @yẹyẹ.,neutral
Ìfẹ́ rẹ̀ dá mi lórí.,positive
Mo n lọ si ile itaja.,neutral
Mo ti dé.,neutral
Báwo ni o ṣe lè ṣe bẹẹ́?,negative
So annoying mehn.,negative
Weather is okay.,neutral
Èmi ò fẹ́ rí ẹ mọ́.,negative
Mo n lọ si ile itaja.,neutral
Good vibes only.,positive
O ti burú gan.,negative
Ẹ ní ọkọ ayọ́kẹ́lẹ́ tuntun.,neutral
Fantastic work.,positive
Mo  n  lọ  si  ile  itaja.,neutral
Mo ti dé.,neutral
Ọmọ yi fine die.,positive
A o pade lọ́la.,neutral
Ìfẹ́ rẹ̀ dá mi lórí.,positive
A o pade lọ́la.,neutral
Kò pé rara.,negative
O ṣeun gan ni 0.,positive
Eyi mu mi dùn.,positive
Ẹ̀rọ náà kò ṣiṣẹ́ dáadáa.,negative
W3ath3r is okay.,neutral
Ọjọ́ oni dara pupọ.,positive
The  car  is  outside.,neutral
This  is  lovely  abeg.,positive
O ti burú gan.,negative
Weather is okay.,neutral
Mi  o  feran  eyi.,negative
Good vibes only.,positive
Eyi ko dara rara.,negative
Ìfẹ́ rẹ̀ dá mi lórí.,positive
O ṣeun gan ni 0.,positive
Ìfẹ́ rẹ̀ dá mi lórí.,positive
Ẹ ṣ3 o.,positive
So annoying mehn.,negative
Ọmọ yi fine die.,positive
Eyi jẹ́ òótọ́.,neutral
O wa ní uapa iṣere.,neutral
Ẹ ní ọkọ ayọ́kẹ́lẹ́ tuntun.,neutral
Mo máa lọ sílé lẹ́yìn iṣẹ́.,neutral
This is lovely abeg.,positive
Kò pé rara....,negative
"Ẹ jọ̀ọ́, mo n duro de ẹ.",neutral
Ko make any sense rara.,negative
You look so nice.,positive
A o pade lọ́la.,neutral
This thing no gel.,negative
It's bad abeg.,negative
Good vib3s only.,positive
We go meet soon.,neutral
Kò pé rara.,negative
Ìfẹ́ rẹ̀ dá mi lórí.,positive
Ọjọ́ kejì ni ayẹyẹ.,neutral
Eyi jẹ́ òótọ́.,neutral
Eyi  jẹ́  òótọ́.,neutral
Ẹ ṣe o.,positive
Not happy with this.,negative
We go meet soon.,neutral
O ṣ3un gan ni o.,positive
Ẹ ní ọkọ ayọ́kẹ́lẹ́ tuntun.,neutral
Eyi mu mi dùn.,positive
O jẹ́ ẹni burúkú.,negative
I don't like this at all.,negative
Weather is okay.,neutral
O ni ẹ̀wà.,positive
Kò pé rara.,negative
I will be there tomorrow.,neutral
Ẹ jẹ ka lọ.,neutral
A 0 pade lọ́la.,neutral
O wa ní uapa iṣere.,neutral
I will be there tomorrow.,neutral
O w@ ní u@p@ iṣere.,neutral
Eyi jẹ́ òótọ́.,neutral
Mi o feran eyi.,negative
Weather is okay.,neutral
I don't like this at all.,negative
Eyi ko dara rara.,negative
Ọjọ́ oni dara pupọ.,positive
Mo gbádùn rẹ.,positive
I don't like this at all.,negative
The car is 0utside.,neutral
"Ẹ jọ̀ọ́, m0 n dur0 de ẹ.",neutral
Ẹ̀rọ náà kò ṣiṣẹ́ dáadáa.!,negative
Eyi mu mi dùn.,positive
Fantastic work.,positive
Ìfẹ́ rẹ̀ dá mi lórí.,positive
O wa ní ita.,neutral
Good vibes only.,positive
Eyi mu mi dùn.,positive
Mo gbádùn rẹ.,positive
I will be there tomorrow.,neutral
Mo  ti  dé.,neutral
Mo  ti  dé.,neutral
ìfẹ́ rẹ̀ dá mi lórí.,positive
Inú mi dùn pé mo rí ọ.,positive
Ẹ̀rọ náà kò ṣiṣẹ́ dáadáa.,negative
So annoying mehn.,negative
Ọjọ́ kejì ni ayẹyẹ.,neutral
Bae you try gan.,positive
Eyi  kò  dáa.,negative
Ọmọ yi fine die.,positive
Mi o f3ran 3yi.,negative
Good vibes only.,positive
Ọjọ́ kejì ni ayẹyẹ.,neutral
O ṣeun g@n ni o.,positive
So annoying mehn.,negative
Ọjọ́ oni dara pupọ.,positive
O ṣeun gan ni o.,positive
Ọmọ yi fine die.,positive
Mo fẹ́ràn rẹ gan-an.,positive
o wa ní uapa iṣere.,neutral
Good vibes only.,positive
Ìfẹ́ rẹ̀ dá mi lórí.,positive
o ti burú gan.,negative
M0 gbádùn rẹ.,positive
Èmi ò fẹ́ rí ẹ mọ́.,negative
This is lovely abeg.,positive
O wa ní uapa iṣere.,neutral
Mo n lọ si ile itaja.,neutral
This thing no gel.,negative
You look so nice.,positive
ẹ jẹ ka lọ.,neutral
O jẹ́ ẹni burúkú.,negative
O ṣeun gan ni o.,positive
Inú mi dùn pé mo rí ọ.,positive
Inú mi dùn pé mo rí ọ.,positive
Ko make any sense rara.,negative
eyi mu mi dùn.,positive
Mi o feran eyi.,negative
So annoying mehn.,negative
Ẹ jẹ ka lọ.,neutral
Weather is okay.,neutral
Fantastic work.,positive
Báwo ni o ṣe lè ṣe bẹẹ́?,negative
O ti burú gan.,negative
Inú mi dùn pé mo rí ọ.,positive
O ni ẹ̀wà.,positive
Ẹ ṣe o.,positive
O ti burú gan.,negative
Eyi jẹ́ òótọ́.,neutral
Mo gbádùn rẹ.,positive
We go meet soon..,neutral
Mo n lọ si ile itaja.,neutral
I will be there tomorrow.,neutral
O ni ẹ̀wà.,positive
O wa ní ita.,neutral
Ẹ ṣe o.,positive
You look so nice.,positive
Mo fẹ́ràn rẹ gan-an.,positive
M0 ti dé.,neutral
Fantastic work.,positive
Ọjọ́ oni dara pupọ.,positive
O wa ní ita.,neutral
You look so nice.,positive
A o pade lọ́la.,neutral
I don't like this at all.,negative
ẹ̀rọ náà kò ṣiṣẹ́ dáadáa.,negative
Ọjọ́ oni dara pupọ.,positive
Mo fẹ́ràn rẹ gan-an.,positive
Ko make any sense rara.,negative
Ko m@ke @ny sense r@r@.,negative
Ko make any sense rara.,negative
Mo ti dé.,neutral
Ẹ̀rọ náà kò ṣiṣẹ́ dáadáa.,negative
Ìfẹ́ rẹ̀ dá mi lórí.,positive
eyi jẹ́ òótọ́.,neutral
Eyi ko dara rara.,negative
Mo n lọ si ile itaja....,neutral
O wa ní uapa iṣere.,neutral
This is lovely abeg.,positive
Ẹ ní ọkọ ayọ́kẹ́lẹ́ tuntun.,neutral
O wa ní ita.,neutral
O ṣeun gan ni o.,positive
Mo gbádùn rẹ.,positive
Good vibes only.,positive
eyi kò dáa.,negative
This is lovely abeg.,positive
O ni ẹ̀wà.,positive
Eyi mu mi dùn.!,positive
"Ẹ jọ̀ọ́, mo n duro de ẹ.",neutral
The car is outside.!,neutral
Ko make any sense rara.,negative
I don't like this at all.,negative
We go meet soon....,neutral
Bae you try gan.,positive
I will be there tomorrow.,neutral
O ti burú gan.,negative
Ọmọ yi fine die.,positive
ọjọ́ kejì ni ayẹyẹ.,neutral
O jẹ́ ẹni burúkú....,negative
M0 ti dé.,neutral
Eyi ko d@r@ r@r@.,negative
I don't like this at all.,negative
O ti burú gan.,negative
"Ẹ jọ̀ọ́, mo n duro de ẹ.",neutral
Èmi ò fẹ́ rí ẹ mọ́.,negative
Ọmọ yi fine die.,positive
Báwo ni o ṣe lè ṣe bẹẹ́?,negative
Eyi kò dáa.,negative
Ọmọ yi fine die..,positive
Ọjọ́ oni d@r@ pupọ.,positive
O wa ní ita.,neutral
This thing no gel.,negative
Kò pé rara.,negative
Ìfẹ́ rẹ̀ dá mi lórí.,positive
It's bad abeg.,negative
You  look  so  nice.,positive
Eyi ko dara rara.,negative
It's bad abeg.,negative
Ìfẹ́ rẹ̀ dá mi lórí....,positive
Bae you try gan.,positive
Not happy with this.,negative
Ẹ ní ọkọ ayọ́kẹ́lẹ́ tuntun..,neutral
This thing no gel.,negative
A o pade lọ́la.,neutral
Mo fẹ́ràn rẹ gan-an.,positive
Ẹ ṣe o.,positive
Inú mi dùn pé mo rí ọ.,positive
Ọjọ́ oni dara pupọ.,positive
Mo fẹ́ràn rẹ gan-an.,positive
Mi o feran eyi.,negative
"Ẹ jọ̀ọ́, mo n duro de ẹ.",neutral
Weather is okay.,neutral
You look so nice.,positive
I don't like this at all.,negative
Mo máa lọ sílé lẹ́yìn iṣẹ́.,neutral
O ti burú gan.,negative
Ẹ̀rọ náà kò ṣiṣẹ́ dáadáa.,negative
O wa ní uapa iṣere.,neutral
Mo ti dé.,neutral
Fantastic work.,positive
Mo gbádùn rẹ.,positive
Eyi kò dáa..,negative
mo n lọ si ile itaja.,neutral
Ìfẹ́ rẹ̀ dá mi lórí.,positive
Good vibes only.,positive
Ẹ ṣe o.,positive
It's bad abeg.,negative
Inú mi dùn pé mo rí ọ.,positive
Mo fẹ́ràn rẹ gan-an.,positive
Ọjọ́ k3jì ni ayẹyẹ.,neutral
O wa ní uapa iṣere.,neutral
O ṣ3un gan ni o.,positive
Mi o feran eyi.,negative
Mo gbádùn rẹ.,positive
Ọmọ yi fine die.,positive
Ọjọ́  oni  dara  pupọ.,positive
O  ṣeun  gan  ni  o.,positive
O wa ní uapa iṣere.,neutral
Mi o feran eyi.,negative
o ni ẹ̀wà.,positive
Ọmọ yi fine die.,positive
Ẹ ní ọkọ ayọ́kẹ́lẹ́ tuntun.,neutral
Ìfẹ́ rẹ̀ dá mi lórí.,positive
O w@ ní u@p@ iṣere.,neutral
Eyi mu mi dùn.,positive
Eyi jẹ́ òótọ́.,neutral
Ọmọ yi fine die..,positive
The car is outside.,neutral
mo fẹ́ràn rẹ gan-an.,positive
Mo máa lọ sílé lẹ́yìn iṣẹ́.,neutral
Eyi kò dáa.,negative
O wa ní uapa iṣere.,neutral
Ọmọ yi fine die.,positive
You look so nice.,positive
We go meet soon.,neutral
O wa ní uapa iṣere.,neutral
Good vibes only.,positive
The car is outside.,neutral
I don't like this at all.,negative
O ṣeun gan ni o.,positive
Ẹ jẹ ka lọ.,neutral
Eyi mu mi dùn.,positive
Ọmọ yi fine die.,positive
Ẹ ṣe o.,positive
Eyi kò dáa.,negative
Mo fẹ́ràn rẹ gan-an.,positive
Good vibes only.,positive
Bae you try gan.,positive
Ko make any sense rara.,negative
This is lovely abeg.,positive
Ọjọ́ kejì ni ayẹyẹ.,neutral
Bae you try gan.,positive
M0 máa lọ sílé lẹ́yìn iṣẹ́.,neutral
O jẹ́ ẹni burúkú.,negative
It's bad abeg.,negative
Mo n lọ si ile itaja.,neutral
Ẹ jẹ ka lọ.,neutral
Kò pé rara.,negative
Ìfẹ́ rẹ̀ dá mi lórí.,positive
This  thing  no  gel.,negative
Ìfẹ́ rẹ̀ dá mi lórí.,positive
Báwo ni o ṣe lè ṣe bẹẹ́?,negative
I don't like this at all.,negative
Ọjọ́ kejì ni ayẹyẹ.,neutral
Weather is okay.!,neutral
I  don't  like  this  at  all.,negative
This is lovely abeg.,positive
O ni ẹ̀wà.,positive
Eyi  mu  mi  dùn.,positive
You look so nice.,positive
You look so nic3.,positive
"Ẹ jọ̀ọ́, mo n duro de ẹ.",neutral
O jẹ́ ẹni burúkú.,negative
You look so nice.,positive
Eyi  ko  dara  rara.,negative
"Ẹ jọ̀ọ́, m0 n dur0 de ẹ.",neutral
Bae you try gan....,positive
fantastic work.,positive
O ṣeun gan ni o.,positive
Ko make any sense rara.,negative
M0 ti dé.,neutral
Èmi ò fẹ́ rí ẹ mọ́.,negative
Èmi ò fẹ́ rí ẹ mọ́.,negative
O wa ní ita.,neutral
Mo n lọ si ile it@j@.,neutral
Weather is okay.,neutral
O wa ní ita.,neutral
Mo máa lọ sílé lẹ́yìn iṣẹ́.,neutral
This is l0vely abeg.,positive
O ni ẹ̀wà.,positive
A o pade lọ́la.,neutral
Ẹ̀rọ náà kò ṣiṣẹ́ dáadáa.,negative
Mo gbádùn rẹ.,positive
Mo n lọ si ile itaja.,neutral
A o pade lọ́la.,neutral
Eyi ko dara rara.,negative
good vibes only.,positive
It's bad abeg.,negative
Eyi ko dara rara.,negative
Ọmọ yi fine die..,positive
We go meet soon.,neutral
Not happy with this.,negative
So annoying mehn.,negative
This is lovely abeg.,positive
O wa ní ita.,neutral
Eyi ko d@r@ r@r@.,negative
O wa ní uapa iṣere.,neutral
Ẹ ṣe o.,positive
Mo ti dé.,neutral
O ti burú gan.,negative
This thing no gel.,negative
Ọjọ́ oni dara pupọ.,positive
Ko make any sense rara.,negative
Ọjọ́ kejì ni ayẹyẹ.,neutral
The car is outside.,neutral
Mo gbádùn rẹ.,positive
O ni ẹ̀wà.,positive
Eyi ko dara rara.,negative
Mo fẹ́ràn rẹ gan-an.,positive
A o pade lọ́la.,neutral
Fantastic work.,positive
It's bad abeg..,negative
Fantastic work.,positive
It's bad abeg.,negative
Ọmọ yi fine die.,positive
Ẹ ní ọkọ ayọ́kẹ́lẹ́ tuntun.,neutral
Ọjọ́ oni dara pupọ.,positive
Fantastic work.!!,positive
Ọmọ yi fine die.,positive
A o pade lọ́la.,neutral
It's bad abeg.,negative
Èmi ò fẹ́ rí ẹ mọ́.,negative
Eyi mu mi dùn.,positive
Ọjọ́  oni  dara  pupọ.,positive
Inú mi dùn pé mo rí ọ.,positive
Ẹ ṣe o.,positive
I will be there tomorrow.,neutral
This is l0vely abeg.,positive
It's bad abeg.,negative
We go meet soon.,neutral
Eyi jẹ́ òótọ́.,neutral
I don't like this @t @ll.,negative
ọjọ́ kejì ni ayẹyẹ.,neutral
Weather is okay.,neutral
Mo n lọ si il3 itaja.,neutral
Eyi mu mi dùn.,positive
Fantastic work.,positive
Eyi  kò  dáa.,negative
Ẹ ní ọkọ ayọ́kẹ́lẹ́ tuntun.,neutral
Mo má@ lọ sílé lẹ́yìn iṣẹ́.,neutral
Ẹ ní ọkọ ayọ́kẹ́lẹ́ tuntun....,neutral
O ti burú gan.,negative
Eyi kò dáa.,negative
Mo fẹ́ràn rẹ gan-an.,positive
The car is outside.,neutral
Eyi mu mi dùn.,positive
Eyi  ko  dara  rara.,negative
O wa ní uapa iṣere.,neutral
O ṣeun gan ni o.,positive
Eyi mu mi dùn.!,positive
Eyi mu mi dùn.,positive
Ọjọ́ kejì ni @yẹyẹ.,neutral
Ìfẹ́ rẹ̀ dá mi lórí.,positive
O wa ní ita.,neutral
Ìfẹ́ rẹ̀ dá mi lórí.,positive
Eyi ko dara rara.,negative
Ẹ jẹ ka lọ.,neutral
Kò pé rara.,negative
O ṣeun gan ni o.,positive
Inú mi dùn pé mo rí ọ.,positive
Kò pé rara..,negative
Eyi jẹ́ òótọ́.,neutral
We go meet soon.,neutral
Ẹ ní ọkọ @yọ́kẹ́lẹ́ tuntun.,neutral
Bae you try gan.,positive
Eyi kò dáa.,negative
Bae you try gan.,positive
Ẹ jẹ ka lọ.,neutral
Eyi jẹ́ òótọ́.,neutral
Báwo ni o ṣe lè ṣe bẹẹ́?,negative
Mo ti dé.,neutral
I don't like this at all.,negative
Mo má@ lọ sílé lẹ́yìn iṣẹ́.,neutral
So annoying mehn.,negative
Eyi mu mi dùn.,positive
O ti burú gan.,negative
We go meet soon.,neutral
Mo n lọ si ile itaja.,neutral
Báwo ni o ṣ3 lè ṣ3 bẹẹ́?,negative
So annoying mehn.,negative
"Ẹ jọ̀ọ́, mo n duro de ẹ.",neutral
I d0n't like this at all.,negative
Fantastic work.,positive
Ẹ jẹ ka lọ.,neutral
I don't like this at all.,negative
Ẹ ní ọkọ ayọ́kẹ́lẹ́ tuntun.,neutral
Eyi jẹ́ òótọ́.,neutral
Mo ti dé....,neutral
ẹ ní ọkọ ayọ́kẹ́lẹ́ tuntun.,neutral
Ọmọ yi fine die.,positive
Mi o feran eyi.,negative
Mi o feran eyi.,negative
Ko make any sense rara.,negative
Bae  you  try  gan.,positive
O wa ní uapa iṣere.,neutral
This thing no gel.,negative
Ọjọ́ kejì ni ayẹyẹ.,neutral
Ìfẹ́ rẹ̀ dá mi lórí.,positive
Eyi ko d@r@ r@r@.,negative
Ọjọ́ kejì ni ayẹyẹ.,neutral
Ẹ jẹ ka lọ.,neutral
Inú mi dùn pé mo rí ọ.,positive
O ṣeun gan ni o.,positive
"Ẹ jọ̀ọ́, mo n duro de ẹ.",neutral
This is lovely abeg.,positive
A o pade lọ́la.,neutral
Ẹ̀rọ náà kò ṣiṣẹ́ dáadáa.,negative
O wa ní ita.,neutral
inú mi dùn pé mo rí ọ.,positive
Mo ti dé.,neutral
"Ẹ  jọ̀ọ́,  mo  n  duro  de  ẹ.",neutral
The car is outside.,neutral
This is lovely @beg.,positive
Ẹ  ṣe  o.,positive
So annoying mehn.,negative
Èmi ò fẹ́ rí ẹ mọ́.,negative
Ọjọ́ oni dara pupọ.,positive
The car is outside.,neutral
Mi o feran eyi.,negative
Ọjọ́ kejì ni ayẹyẹ.,neutral
Ẹ ní ọkọ ayọ́kẹ́lẹ́ tuntun.,neutral
good vibes only.,positive
O ṣeun gan ni o.,positive
Ẹ ṣe o.,positive
A o pade lọ́la....,neutral
Eyi  ko  dara  rara.,negative
Inú mi dùn pé mo rí ọ.,positive
Not happy with this.!!,negative
Ẹ̀rọ náà kò ṣiṣẹ́ dáadáa.,negative
Eyi ko dara rara.,negative
Eyi ko dara rara.,negative
Ọmọ yi fine die.,positive
M0 n lọ si ile itaja.,neutral
Bae you try gan.,positive
Ọmọ yi fine die.,positive
It's bad abeg.,negative
Ọmọ yi fine die.,positive
Inú mi dùn pé mo rí ọ.,positive
Mi o f3ran 3yi.,negative
Ẹ  ṣe  o.,positive
O ti burú gan.,negative
Ọjọ́ kejì ni ayẹyẹ.,neutral
The car is outside.,neutral
You look so nice.,positive
Ìfẹ́ rẹ̀ dá mi lórí.,positive
Ọjọ́ kejì ni ayẹyẹ..,neutral
Eyi kò dáa.,negative
Mo fẹ́ràn rẹ gan-an.,positive
o ni ẹ̀wà.,positive
I don't lik3 this at all.,negative
It's bad abeg.,negative
O wa ní ita.,neutral
A  o  pade  lọ́la.,neutral
It's bad abeg.,negative
Inú mi dùn pé mo rí ọ.,positive
Mo fẹ́ràn rẹ gan-an.,positive
Ẹ ní ọkọ ayọ́kẹ́lẹ́ tuntun.,neutral
Eyi jẹ́ òótọ́.,neutral
Eyi kò dáa.,negative
Ọjọ́ oni dara pupọ.,positive
Ẹ̀rọ náà kò ṣiṣẹ́ dáadáa.,negative
I don't like this at all.,negative
Ko make any sense rara.,negative
O ni ẹ̀wà.,positive
A o pade lọ́la.,neutral
O w@ ní it@.,neutral
A o pade lọ́la.,neutral
Ko make any sense rara.,negative
O ti burú gan.,negative
Báwo ni o ṣe lè ṣe bẹẹ́?,negative
Èmi ò fẹ́ rí ẹ mọ́.,negative
I d0n't like this at all.,negative
Ìfẹ́ rẹ̀ dá mi lórí.,positive
A o pade lọ́la.,neutral
Mi o f3ran 3yi.,negative
Not happy with this.,negative
It's bad ab3g.,negative
So annoying mehn.,negative
Ìfẹ́ rẹ̀ dá mi lórí.,positive
It's b@d @beg.,negative
Not happy with this.,negative
Mo gbádùn rẹ.,positive
Kò pé rara.,negative
O jẹ́ ẹni burúkú.,negative
I will be there tomorrow.,neutral
Ọjọ́ kejì ni ayẹyẹ.,neutral
Ko make any sense rara.!!,negative
Eyi mu mi dùn.!!,positive
Ẹ ṣe o.,positive
Inú mi dùn pé mo rí ọ.,positive
The car is outside.,neutral
O wa ní uapa iṣere.,neutral
I  don't  like  this  at  all.,negative
Good  vibes  only.,positive
Mo ti dé.,neutral
Eyi kò dáa.,negative
O ṣeun gan ni o.,positive
I will be there tomorrow.,neutral
Eyi kò dá@.,negative
O ni ẹ̀wà.,positive
Mo n lọ si ile it@j@.,neutral
O ti burú gan.,negative
It's bad abeg.,negative
This thing no gel.,negative
Mo ti dé.,neutral
Bae you try gan.!!,positive
This thing no gel.,negative
Inú mi dùn pé mo rí ọ.,positive
Mo máa lọ sílé lẹ́yìn iṣẹ́.,neutral
O wa ní ita.,neutral
Eyi  kò  dáa.,negative
Mo ti dé.,neutral
Ìfẹ́  rẹ̀  dá  mi  lórí.,positive
Báwo ni o ṣe lè ṣe bẹẹ́?,negative
not happy with this.,negative
The car is outside.,neutral
Báwo  ni  o  ṣe  lè  ṣe  bẹẹ́?,negative
Inú  mi  dùn  pé  mo  rí  ọ.,positive
"Ẹ jọ̀ọ́, m0 n dur0 de ẹ.",neutral
Ko make any sense rara.,negative
O wa ní ita.,neutral
O ṣeun gan ni o.,positive
Weather is okay.,neutral
A o pade lọ́la.,neutral
Mo n lọ si ile itaja.,neutral
Ko m@ke @ny sense r@r@.,negative
O ṣeun gan ni o.,positive
Mo ti dé.,neutral
I will be there t0m0rr0w.,neutral
Weather is okay.,neutral
Ko make any sense rara.,negative
i don't like this at all.,negative
"Ẹ jọ̀ọ́, mo n duro de ẹ.",neutral
Eyi mu mi dùn.,positive
You look so nice.,positive
Mo ti dé.,neutral
Good vibes only.,positive
This thing no gel.,negative
Good vibes only.,positive
O wa ní uapa iṣ3r3.,neutral
Fantastic work.,positive
Fantastic work.,positive
I  don't  like  this  at  all.,negative
Eyi kò dáa.,negative
Kò pé rara.,negative
Mo máa lọ sílé lẹ́yìn iṣẹ́..,neutral
Ẹ ní ọkọ ayọ́kẹ́lẹ́ tuntun.,neutral
A o pad3 lọ́la.,neutral
Mo gbádùn rẹ.,positive
o ni ẹ̀wà.,positive
Mo máa lọ sílé lẹ́yìn iṣẹ́.,neutral
Báwo ni o ṣe lè ṣe bẹẹ́?,negative
Eyi ko dara rara.,negative
So annoying mehn.,negative
Mi o feran eyi.,negative
Ọjọ́ kejì ni ayẹyẹ....,neutral
Èmi ò fẹ́ rí ẹ mọ́.,negative
Kò  pé  rara.,negative
Èmi ò fẹ́ rí ẹ mọ́.,negative
Ọjọ́ oni dara pupọ.,positive
Ẹ ní ọkọ ayọ́kẹ́lẹ́ tuntun.,neutral
Mo ti dé.,neutral
Ẹ jẹ ka lọ.,neutral
Ọjọ́ kejì ni ayẹyẹ.,neutral
Mo fẹ́ràn rẹ gan-an.,positive
A o pade lọ́la.,neutral
you look so nice.,positive
Mo gbádùn rẹ.,positive
Mo ti dé.,neutral
Mo gbádùn rẹ.,positive
I will be there tomorrow.,neutral
good vibes only.,positive
Ọjọ́ oni dara pupọ.,positive
Eyi kò dáa.,negative
Mo n lọ si ile itaja.,neutral
Ọjọ́ oni dara pupọ.,positive
You look so nice.,positive
Ìfẹ́ rẹ̀ dá mi lórí.,positive
"Ẹ jọ̀ọ́, mo n duro de ẹ.",neutral
Ọjọ́ kejì ni ayẹyẹ.,neutral
O  ṣeun  gan  ni  o.,positive
O ti burú gan..,negative
Ẹ jẹ ka lọ.,neutral
It's bad abeg.,negative
Èmi  ò  fẹ́  rí  ẹ  mọ́.,negative
Mo gbádùn rẹ.,positive
Ẹ ní ọkọ ayọ́kẹ́lẹ́ tuntun.,neutral
Èmi ò fẹ́ rí ẹ mọ́.,negative
A 0 pade lọ́la.,neutral
Ẹ  jẹ  ka  lọ.,neutral
Ẹ jẹ ka lọ.,neutral
Kò pé rara.,negative
You look so nice.,positive
Eyi kò dáa.,negative
Eyi  jẹ́  òótọ́.,neutral
I will be there tomorrow.,neutral
O wa ní uapa iṣere.,neutral
Inú mi dùn pé mo rí ọ.,positive
Mo máa lọ sílé lẹ́yìn iṣẹ́.,neutral
Ẹ ní ọkọ ayọ́kẹ́lẹ́ tuntun.,neutral
So annoying mehn.,negative
This is lovely abeg.,positive
Bae you try gan.,positive
Ẹ jẹ ka lọ.,neutral
We go meet soon.,neutral
Báwo ni o ṣe lè ṣe bẹẹ́?,negative
Ọmọ yi fine die.,positive
Kò pé rara.,negative
O  ti  burú  gan.,negative
"Ẹ jọ̀ọ́, mo n duro de ẹ.",neutral
O ṣeun g@n ni o.,positive
I don't like this at all.,negative
Not h@ppy with this.,negative
W3 go m33t soon.,neutral
Ọmọ yi fine die.,positive
O ti burú gan.,negative
O ti burú gan.,negative
Good vibes only.,positive
Mo ti dé.,neutral
I will be there tomorrow.,neutral
Báwo ni o ṣe lè ṣe bẹẹ́?,negative
Ẹ ṣe o.,positive
Good vibes only.,positive
Mo  n  lọ  si  ile  itaja.,neutral
Th3 car is outsid3.,neutral
It's bad abeg.,negative
Ọjọ́ oni dara pupọ.,positive
Fantastic work.,positive
Ọmọ yi fine die.,positive
You look so nice.,positive
Èmi ò fẹ́ rí ẹ mọ́.,negative
Not happy with this.,negative
Mo n lọ si ile itaja.,neutral
Mo fẹ́ràn rẹ gan-an.,positive
Ọjọ́ oni dara pupọ.,positive
Ẹ jẹ ka lọ.,neutral
So annoying mehn.,negative
M0 n lọ si ile itaja.,neutral
Mo fẹ́ràn rẹ gan-an.,positive
Good vibes only.,positive
Bae you try gan.,positive
Kò pé rara.,negative
Mo ti dé.!,neutral
Ẹ̀rọ náà kò ṣiṣẹ́ dáadáa.,negative
Eyi mu mi dùn.,positive
O jẹ́ ẹni burúkú.,negative
You look so nice.,positive
ọjọ́ kejì ni ayẹyẹ.,neutral
Mo máa lọ sílé lẹ́yìn iṣẹ́.,neutral
Inú mi dùn pé mo rí ọ..,positive
this thing no gel.,negative
This is lovely abeg.,positive
Kò pé rara.,negative
the car is outside.,neutral
Good vibes only.,positive
Ọmọ yi fine die.,positive
O wa ní ita.,neutral
A o pade lọ́la.,neutral
Mo máa lọ sílé lẹ́yìn iṣẹ́.,neutral
o wa ní ita.,neutral
mi o feran eyi.,negative
The car is outside.,neutral
O wa ní uapa iṣere.,neutral
You look so nice.,positive
We go meet soon.,neutral
Mo  gbádùn  rẹ.,positive
Ìfẹ́ rẹ̀ dá mi lórí.!!,positive
Ẹ jẹ k@ lọ.,neutral
Eyi mu mi dùn.,positive
Ọmọ yi fine die.,positive
The c@r is outside.,neutral
This is lovely abeg.,positive
I don't like this at all..,negative
O ṣeun gan ni o.,positive
Weather is okay.,neutral
Mo fẹ́ràn rẹ gan-an.,positive
Bae you try gan.,positive
I don't like this at all.,negative
O  ni  ẹ̀wà.,positive
Mi o feran eyi.,negative
This is lovely abeg.,positive
I don't like this at all..,negative
I don't like this at all.,negative
O wa ní uapa iṣere.,neutral
"Ẹ jọ̀ọ́, mo n duro de ẹ.",neutral
It's bad abeg.,negative
Ẹ ṣe o.,positive
Ọjọ́ kejì ni ayẹyẹ.,neutral
o wa ní ita.,neutral
Ìfẹ́ rẹ̀ dá mi lórí.!,positive
ẹ jẹ ka lọ.,neutral
Mo gbádùn rẹ.,positive
Mi o feran eyi.,negative
Good vibes only.,positive
Kò pé rara.,negative
O ti burú gan.,negative
Ko make any sense rara.,negative
We go meet soon.,neutral
Mi 0 feran eyi.,negative
I don't like this at all.,negative
Bae you try gan.,positive
Eyi kò dáa.,negative
eyi jẹ́ òótọ́.,neutral
Mo ti dé.,neutral
O ṣeun gan ni o..,positive
Ọjọ́ kejì ni ayẹyẹ.,neutral
ìfẹ́ rẹ̀ dá mi lórí.,positive
O ṣeun gan ni o.!!,positive
O wa ní ita.,neutral
A o pade lọ́la.,neutral
Inú mi dùn pé mo rí ọ.,positive
The car is outside.,neutral
This thing no gel.,negative
A o pade lọ́la.,neutral
Ẹ ní ọkọ ayọ́kẹ́lẹ́ tuntun.,neutral
A 0 pade lọ́la.,neutral
I  don't  like  this  at  all.,negative
Kò  pé  rara.,negative
Mo n lọ si ile itaja.,neutral
Ẹ  ní  ọkọ  ayọ́kẹ́lẹ́  tuntun.,neutral
Weather is okay.,neutral
Eyi  mu  mi  dùn.,positive
Ko make any sense rara.,negative
this is lovely abeg.,positive
Mo fẹ́ràn rẹ gan-an.,positive
Bae  you  try  gan.,positive
Ọmọ yi fine die.,positive
Eyi mu mi dùn.,positive
Mo n lọ si ile itaja.,neutral
O wa ní uapa iṣere.,neutral
O jẹ́ ẹni burúkú.,negative
O wa ní uapa iṣere.,neutral
A o pade lọ́la.,neutral
Good vibes only..,positive
Mo fẹ́ràn rẹ gan-an.,positive
Eyi jẹ́ òótọ́.,neutral
Ẹ jẹ ka lọ.,neutral
Ọjọ́ oni dara pupọ.,positive
Eyi jẹ́ òótọ́.,neutral
It's  bad  abeg.,negative
Inú  mi  dùn  pé  mo  rí  ọ.,positive
o wa ní uapa iṣere.,neutral
I will be there tomorrow.,neutral
Inú mi dùn pé mo rí ọ.,positive
Mo gbádùn rẹ.,positive
Inú mi dùn pé m0 rí ọ.,positive
O ṣeun gan ni o.,positive
Not  happy  with  this.,negative
Ẹ  ní  ọkọ  ayọ́kẹ́lẹ́  tuntun.,neutral
Inú mi dùn pé mo rí ọ.,positive
O wa ní uapa iṣere.,neutral
Ọmọ yi fine die.,positive
Ọmọ yi fine die.,positive
Ẹ ṣe 0.,positive
Mo gbádùn rẹ.!!,positive
So annoying mehn.,negative
This is lovely abeg.,positive
Eyi jẹ́ òótọ́.,neutral
Good vibes only.,positive
Ọjọ́ oni dara pupọ.,positive
Mo máa lọ sílé lẹ́yìn iṣẹ́.,neutral
Mo ti dé.,neutral
ọjọ́ oni dara pupọ.,positive
M0 gbádùn rẹ.,positive
O ni ẹ̀wà.,positive
You look so nice.,positive
Mo ti dé.,neutral
Ẹ ṣe o.,positive
Bae  you  try  gan.,positive
Eyi kò dáa.,negative
eyi ko dara rara.,negative
O ṣeun gan ni o.,positive
Mo ti dé.,neutral
Mo  n  lọ  si  ile  itaja.,neutral
eyi mu mi dùn.,positive
The car is outside.,neutral
Èmi ò fẹ́ rí ẹ mọ́.,negative
O wa ní ita.,neutral
Weather is okay.,neutral
"Ẹ jọ̀ọ́, mo n duro de ẹ.",neutral
This is lovely abeg.,positive
Ẹ̀rọ náà kò ṣiṣẹ́ dáadáa.,negative
O jẹ́ ẹni burúkú.,negative
Inú mi dùn pé mo rí ọ.,positive
Ko  make  any  sense  rara.,negative
O ni ẹ̀wà.,positive
O wa ní ita.,neutral
O wa ní ita.,neutral
Ko make any sense rara.,negative
Ọmọ yi fine die.,positive
It's bad abeg..,negative
This is lovely @beg.,positive
I don't like this at all.,negative
i will be there tomorrow.,neutral
Mo ti dé.,neutral
you look so nice.,positive
Inú mi dùn pé mo rí ọ..,positive
A  o  pade  lọ́la.,neutral
Báwo ni o ṣe lè ṣe bẹẹ́?,negative
"Ẹ jọ̀ọ́, mo n duro de ẹ.",neutral
Ìfẹ́ rẹ̀ dá mi lórí.,positive
Mo gbádùn rẹ.,positive
It's bad abeg.,negative
Ọjọ́ oni dara pupọ.,positive
This is lovely abeg.,positive
O ṣeun gan ni o.,positive
"Ẹ jọ̀ọ́, m0 n dur0 de ẹ.",neutral
Mo fẹ́ràn rẹ gan-an.,positive
Eyi jẹ́ òótọ́.,neutral
Ẹ jẹ ka lọ.,neutral
Ẹ ní ọkọ ayọ́kẹ́lẹ́ tuntun.,neutral
Eyi kò dáa.,negative
Ẹ ní ọkọ ayọ́kẹ́lẹ́ tuntun.,neutral
Weather is 0kay.,neutral
It's bad abeg.,negative
O wa ní ita.,neutral
Eyi ko dara rara.,negative
It's bad abeg.,negative
Fantastic work.,positive
it's bad abeg.,negative
Inú mi dùn pé mo rí ọ.,positive
Ko make any sense rara.,negative
Not happy with this.,negative
O jẹ́ ẹni burúkú.,negative
This thing no gel.,negative
"Ẹ jọ̀ọ́, mo n duro de ẹ.",neutral
Eyi mu mi dùn.,positive
Not h@ppy with this.,negative
Mo fẹ́ràn rẹ gan-an.,positive
Ẹ̀rọ náà kò ṣiṣẹ́ dáadáa....,negative
Eyi ko dara rara.,negative
F@nt@stic work.,positive
Ko m@ke @ny sense r@r@.,negative
Ìfẹ́ rẹ̀ dá mi lórí.,positive
Mo máa lọ sílé lẹ́yìn iṣẹ́.,neutral
O ṣeun gan ni o.,positive
Èmi ò fẹ́ rí ẹ mọ́.,negative
Báwo ni o ṣe lè ṣe bẹẹ́?,negative
Mo gbádùn rẹ.,positive
I don't like this at all.,negative
A o pade lọ́la.,neutral
O ṣeun gan ni o.,positive
This is lovely abeg.,positive
Ko make any sense rara.,negative
O ṣeun gan ni o.,positive
Ẹ ní ọkọ ayọ́kẹ́lẹ́ tuntun.,neutral
I  will  be  there  tomorrow.,neutral
Ọjọ́ oni dara pupọ.,positive
Weather is okay.,neutral
Ẹ ní ọkọ ayọ́kẹ́lẹ́ tuntun.,neutral
O ṣeun gan ni o.,positive
Mo fẹ́ràn rẹ gan-an.,positive
Mi o feran eyi.,negative
"Ẹ jọ̀ọ́, mo n duro d3 ẹ.",neutral
Eyi mu mi dùn..,positive
Weather is okay.,neutral
O ti burú gan.,negative
Good vibes only.,positive
This thing no gel.,negative
"Ẹ jọ̀ọ́, mo n duro d3 ẹ.",neutral
Eyi ko d@r@ r@r@.,negative
Weather is okay.,neutral
Fantastic work.,positive
Èmi ò fẹ́ rí ẹ mọ́.,negative
Ọjọ́ oni dara pupọ.,positive
Ọjọ́ kejì ni ayẹyẹ.,neutral
Ẹ ṣe o.,positive
Ọjọ́ kejì ni ayẹyẹ.,neutral
Ẹ ní ọkọ ayọ́kẹ́lẹ́ tuntun.,neutral
O wa ní uapa iṣere.,neutral
Ẹ̀rọ náà kò ṣiṣẹ́ dáadáa.,negative
Ẹ ní ọkọ ayọ́kẹ́lẹ́ tuntun.,neutral
We go meet soon.,neutral
O wa ní ita.,neutral
Ko make any sense rara.,negative
This thing no gel.,negative
Ẹ jẹ ka lọ.,neutral
Ẹ ṣe o.,positive
Eyi ko dara rara.,negative
O  wa  ní  ita.,neutral
Ẹ ṣe o.,positive
Eyi jẹ́ òótọ́.,neutral
O wa ní uapa iṣere.,neutral
Ìfẹ́ rẹ̀ dá mi lórí.,positive
Mo n lọ si ile itaja.,neutral
Ẹ̀rọ náà kò ṣiṣẹ́ dáadáa.,negative
Mo  fẹ́ràn  rẹ  gan-an.,positive
Mo ti dé.,neutral
The car is outside.,neutral
Ọjọ́ kejì ni ayẹyẹ.,neutral
This is lovely abeg.,positive
So annoying mehn.,negative
O  ṣeun  gan  ni  o.,positive
Good vibes only.,positive
Ẹ jẹ ka lọ.,neutral
Bae you try gan..,positive
Ko make any sense rara.,negative
O wa ní ita.,neutral
Mi o feran eyi.,negative
Not happy with this.,negative
I don't like this at all.,negative
O jẹ́ ẹni burúkú.,negative
Eyi jẹ́ òótọ́.,neutral
Ìfẹ́ rẹ̀ dá mi lórí.,positive
ko make any sense rara.,negative
Mo gbádùn rẹ.,positive
This thing no gel.,negative
Fantastic  work.,positive
Inú  mi  dùn  pé  mo  rí  ọ.,positive
Mi o feran eyi.,negative
Eyi ko dara rara.,negative
M0 máa lọ sílé lẹ́yìn iṣẹ́.,neutral
We go meet soon.,neutral
mo máa lọ sílé lẹ́yìn iṣẹ́.,neutral
O wa ní ita.,neutral
Ko  make  any  sense  rara.,negative
Mo n lọ si ile itaja.,neutral
Mo ti dé.,neutral
mo n lọ si ile itaja.,neutral
Good vibes only.,positive
Mo n lọ si ile itaja.,neutral
Fantastic work.,positive
Mo  máa  lọ  sílé  lẹ́yìn  iṣẹ́.,neutral
Mo n lọ si ile itaja.,neutral
Eyi jẹ́ òótọ́.,neutral
Mo gbádùn rẹ.,positive
Mo fẹ́ràn rẹ gan-an.,positive
Ẹ ní ọkọ ayọ́kẹ́lẹ́ tuntun.,neutral
Ẹ jẹ ka lọ.,neutral
Ìfẹ́ rẹ̀ dá mi lórí.,positive
N0t happy with this.,negative
Eyi mu mi dùn.,positive
Èmi  ò  fẹ́  rí  ẹ  mọ́.,negative
A o pad3 lọ́la.,neutral
The car is outside.,neutral
The car is outside.!!,neutral
This thing no gel.,negative
O ti burú gan..,negative
Not happy with this.,negative
Mi o feran eyi.,negative
This thing no gel.,negative
Ẹ jẹ ka lọ.,neutral
O jẹ́ ẹni burúkú.,negative
O wa ní ita.,neutral
O ṣeun gan ni o.,positive
This is lovely abeg....,positive
O wa ní uapa iṣere.,neutral
Mo máa lọ sílé lẹ́yìn iṣẹ́.,neutral
Eyi jẹ́ òótọ́.,neutral
"Ẹ jọ̀ọ́, mo n duro de ẹ.",neutral
Mo má@ lọ sílé lẹ́yìn iṣẹ́.,neutral
Mi o fer@n eyi.,negative
Ọjọ́ kejì ni ayẹyẹ.,neutral
Eyi jẹ́ òótọ́.,neutral
Eyi jẹ́ òótọ́.,neutral
O ti burú g@n.,negative
Inú mi dùn pé mo rí ọ.,positive
i will be there tomorrow.,neutral
O ti burú gan.,negative
O wa ní uapa iṣere.,neutral
Mo ti dé.,neutral
Ọjọ́ kejì ni ayẹyẹ.,neutral
O ni ẹ̀wà.,positive
O jẹ́ ẹni burúkú.,negative
Mi o feran eyi.,negative
Mo gbádùn rẹ.,positive
Eyi ko dara rara.,negative
I don't like this at all.,negative
Ẹ̀rọ náà kò ṣiṣẹ́ dáadáa.,negative
Eyi mu mi dùn.,positive
Bae you try gan.,positive
Ko m@ke @ny sense r@r@.,negative
Ẹ jẹ ka lọ.,neutral
Ẹ jẹ ka lọ.,neutral
Mo máa lọ sílé lẹ́yìn iṣẹ́.,neutral
Mo ti dé.,neutral
Eyi jẹ́ òótọ́.,neutral
O ni ẹ̀wà.,positive
I will be there tomorrow.,neutral
You look so nice.,positive
Ẹ ní ọkọ ayọ́kẹ́lẹ́ tuntun.,neutral
Eyi jẹ́ òótọ́.,neutral
Weather is okay.,neutral
weather is okay.,neutral
O wa ní ita.,neutral
Ẹ ní ọkọ ayọ́kẹ́lẹ́ tuntun.,neutral
Mi 0 feran eyi.,negative
Ìfẹ́ rẹ̀ dá mi lórí.,positive
Ẹ jẹ ka lọ.,neutral
"Ẹ  jọ̀ọ́,  mo  n  duro  de  ẹ.",neutral
Ìfẹ́ rẹ̀ dá mi lórí.,positive
Inú mi dùn pé mo rí ọ.,positive
Ọjọ́ kejì ni ayẹyẹ.,neutral
Inú mi dùn pé mo rí ọ.,positive
We go meet soon.,neutral
Inú mi dùn pé mo rí ọ.,positive
Ẹ̀rọ náà kò ṣiṣẹ́ dáadáa.,negative
It's bad abeg.,negative
Mo  máa  lọ  sílé  lẹ́yìn  iṣẹ́.,neutral
Ẹ jẹ k@ lọ.,neutral
O ṣeun gan ni o.,positive
Eyi ko dara rara.,negative
O jẹ́ ẹni burúkú.,negative
So annoying mehn.,negative
O ṣeun gan ni o.,positive
Ẹ ní ọkọ ayọ́kẹ́lẹ́ tuntun.,neutral
O ni ẹ̀wà.,positive
M0 gbádùn rẹ.,positive
Mi o feran eyi.,negative
G00d vibes 0nly.,positive
I will be there tomorrow.!!,neutral
This thing no gel.,negative
M0 fẹ́ràn rẹ gan-an.,positive
Eyi jẹ́ òótọ́.,neutral
Ẹ ṣe o.,positive
Eyi mu mi dùn.,positive
Ẹ ní ọkọ ayọ́kẹ́lẹ́ tuntun.,neutral
Èmi ò fẹ́ rí ẹ mọ́.,negative
o jẹ́ ẹni burúkú.,negative
Weather is okay.,neutral
O ni ẹ̀wà.,positive
A o p@de lọ́l@.,neutral
It's bad abeg....,negative
Mi o feran eyi.,negative
Ẹ̀rọ náà kò ṣiṣẹ́ dáadáa.,negative
Ìfẹ́ rẹ̀ dá mi lórí.,positive
ọmọ yi fine die.,positive
Eyi ko dara rara.,negative
We g0 meet s00n.,neutral
Mi  o  feran  eyi.,negative
Èmi ò fẹ́ rí ẹ mọ́.,negative
"Ẹ jọ̀ọ́, mo n duro de ẹ.",neutral
I don't like this @t @ll.,negative
"Ẹ jọ̀ọ́, mo n duro de ẹ.",neutral
O wa ní uapa iṣere.,neutral
Ẹ jẹ ka lọ.,neutral
The car is outside.,neutral
Mo ti dé.,neutral
Ko make any sense rara.,negative
This is lovely abeg.,positive
Inú  mi  dùn  pé  mo  rí  ọ.,positive
Mo ti dé.,neutral
This is lovely abeg.,positive
This  thing  no  gel.,negative
This is lovely abeg.,positive
O jẹ́ ẹni burúkú.,negative
Ọmọ  yi  fine  die.,positive
ẹ ní ọkọ ayọ́kẹ́lẹ́ tuntun.,neutral
It's bad abeg....,negative
Ọmọ yi fine die.!!,positive
Ẹ̀rọ  náà  kò  ṣiṣẹ́  dáadáa.,negative
I don't like this at all.,negative
Báwo ni o ṣe lè ṣe bẹẹ́?,negative
O  wa  ní  ita.,neutral
It's bad abeg.,negative
Kò pé rara.,negative
You look so nic3.,positive
O ni ẹ̀wà.,positive
Mo gbádùn rẹ.,positive
Fantastic work.,positive
Ẹ ní ọkọ ayọ́kẹ́lẹ́ tuntun.,neutral
Inú mi dùn pé mo rí ọ.,positive
Ẹ̀rọ náà kò ṣiṣẹ́ dáadáa.,negative
Mo máa lọ sílé lẹ́yìn iṣẹ́.,neutral
Èmi ò fẹ́ rí ẹ mọ́.,negative
Good vibes only.,positive
Mo máa lọ sílé lẹ́yìn iṣẹ́.,neutral
Mo fẹ́ràn rẹ gan-an.,positive
Mi o feran eyi.,negative
You look so nice.,positive
O  wa  ní  uapa  iṣere.,neutral
Mo máa lọ sílé lẹ́yìn iṣẹ́.,neutral
Mo n lọ si ile itaja.,neutral
Ọjọ́ kejì ni ayẹyẹ.,neutral
Weather  is  okay.,neutral
Ko make any sense rara.,negative
Ko make any sense rara.,negative
Eyi mu mi dùn.,positive
Ọmọ yi fine die.,positive
Mo máa lọ sílé lẹ́yìn iṣẹ́.,neutral
So annoying mehn.,negative
O wa ní uapa iṣere.,neutral
We go meet soon.,neutral
Fantastic w0rk.,positive
Mo gbádùn rẹ.,positive
"Ẹ jọ̀ọ́, mo n duro de ẹ.!!",neutral
O wa ní ita.,neutral
Ọjọ́ kejì ni ayẹyẹ.,neutral
S0 ann0ying mehn.,negative
Ọjọ́ kejì ni ayẹyẹ.,neutral
Ẹ ní ọkọ ayọ́kẹ́lẹ́ tuntun.!,neutral
Báwo ni o ṣe lè ṣe bẹẹ́?,negative
O ti burú gan.,negative
Mo ti dé.,neutral
Eyi mu mi dùn.,positive
Ìfẹ́ rẹ̀ dá mi lórí.,positive
A o pade lọ́la.,neutral
O jẹ́ ẹni burúkú.,negative
Eyi ko dara rara.,negative
"Ẹ jọ̀ọ́, mo n duro de ẹ.",neutral
Èmi ò fẹ́ rí ẹ mọ́.,negative
Mo n lọ si ile itaja.,neutral
This thing no gel.,negative
Eyi jẹ́ òótọ́.,neutral
So annoying mehn.!,negative
O wa ní ita.,neutral
Weather is okay.,neutral
You look so nice.,positive
Eyi ko dara rara.,negative
So annoying mehn.,negative
You look so nice.,positive
We@ther is ok@y.,neutral
F@nt@stic work.,positive
Ẹ ṣe 0.,positive
So  annoying  mehn.,negative
Bae you try gan.,positive
Ọjọ́ oni dara pupọ.,positive
This thing no gel.,negative
eyi mu mi dùn.,positive
Ìfẹ́ rẹ̀ dá mi lórí.,positive
Mo máa lọ sílé lẹ́yìn iṣẹ́.,neutral
The car is outside.,neutral
It's bad abeg.,negative
O ni ẹ̀wà.,positive
Eyi mu mi dùn.,positive
a o pade lọ́la.,neutral
O wa ní uapa iṣere.,neutral
O ṣeun gan ni o.!!,positive
Ọjọ́ kejì ni ayẹyẹ.!,neutral
Ẹ jẹ ka lọ.,neutral
Ọmọ yi fine die.,positive
Inú mi dùn pé mo rí ọ.,positive
Mo gbádùn rẹ.,positive
Mo n lọ si ile itaja.,neutral
Ko make any sense rara.,negative
Mi o fer@n eyi.,negative
mi o feran eyi.,negative
Mo fẹ́ràn rẹ gan-an..,positive
O ni ẹ̀wà.,positive
Eyi jẹ́ òótọ́.,neutral
Ọmọ yi fine die.,positive
O ni ẹ̀wà.,positive
Mo gbádùn rẹ.,positive
O wa ní uapa iṣere.,neutral
Inú mi dùn pé mo rí ọ.,positive
I don't like this at all.,negative
Mo máa lọ sílé lẹ́yìn iṣẹ́.,neutral
Báwo ni o ṣe lè ṣe bẹẹ́?!!,negative
Mo gbádùn rẹ.,positive
O ti burú gan.,negative
I will be there tomorrow.,neutral
Eyi mu mi dùn.,positive
Inú mi dùn pé m0 rí ọ.,positive
Mo máa lọ sílé lẹ́yìn iṣẹ́.,neutral
"Ẹ jọ̀ọ́, mo n duro de ẹ.",neutral
O ṣeun gan ni o.,positive
Ẹ ní ọkọ ayọ́kẹ́lẹ́ tuntun.,neutral
Ọjọ́ oni dara pupọ.!!,positive
Ọjọ́ oni dara pupọ.,positive
K0 make any sense rara.,negative
M0 ti dé.,neutral
"Ẹ jọ̀ọ́, mo n duro de ẹ.",neutral
i will be there tomorrow.,neutral
Fantastic work.,positive
Kò pé rara.,negative
Inú mi dùn pé mo rí ọ.,positive
So annoying mehn.,negative
Mo gbádùn rẹ.,positive
Eyi mu mi dùn.,positive
Mo gbádùn rẹ.,positive
O ṣeun gan ni o.,positive
Kò pé rara.,negative
Ìfẹ́ rẹ̀ dá mi lórí.,positive
The  car  is  outside.,neutral
Not happy with this.,negative
O ti burú gan.,negative
Èmi ò fẹ́ rí ẹ mọ́.,negative
Weather is okay.,neutral
Mi o feran eyi.,negative
Mo máa lọ sílé lẹ́yìn iṣẹ́.,neutral
Ẹ̀rọ náà kò ṣiṣẹ́ dáadáa.,negative
Ọjọ́ kejì ni ayẹyẹ.,neutral
Ẹ ṣe o..,positive
Ọjọ́  oni  dara  pupọ.,positive
Not happy with this.,negative
Eyi ko dara rara.,negative
M0 ti dé.,neutral
Eyi mu mi dùn.,positive
We go meet soon.,neutral
O wa ní uapa iṣere.,neutral
Eyi kò dáa.,negative
Mo fẹ́ràn rẹ gan-an.,positive
Eyi kò dáa.,negative
This  thing  no  gel.,negative
Eyi  ko  dara  rara.,negative
This  thing  no  gel.,negative
Mi o fer@n eyi.,negative
You look so nice.,positive
Eyi jẹ́ òótọ́.,neutral
Eyi jẹ́ òótọ́.,neutral
Ẹ jẹ ka lọ.,neutral
Mo  ti  dé.,neutral
Ọmọ yi fine die.,positive
The car is outside.,neutral
Ko m@ke @ny sense r@r@.,negative
O ṣeun gan ni o.,positive
good vibes only.,positive
Èmi ò fẹ́ rí ẹ mọ́.,negative
This thing no gel.,negative
I will be there tomorrow.,neutral
Ẹ ní ọkọ @yọ́kẹ́lẹ́ tuntun.,neutral
Ẹ ṣe o.,positive
Mo n lọ si ile itaja.,neutral
Ọmọ yi fine die.,positive
Ọmọ yi fine die.,positive
Weather is okay.,neutral
N0t happy with this.,negative
Eyi jẹ́ òótọ́.,neutral
Eyi ko dara rara.,negative
This is lovely @beg.,positive
Not happy with this.,negative
Ko make any sense rara.,negative
Báwo  ni  o  ṣe  lè  ṣe  bẹẹ́?,negative
O ni ẹ̀wà.,positive
mo gbádùn rẹ.,positive
Ẹ̀rọ náà kò ṣiṣẹ́ dáadáa.,negative
O jẹ́ ẹni burúkú.,negative
You look so nice.,positive
Eyi mu mi dùn.,positive
It's bad abeg.,negative
Ìfẹ́ rẹ̀ dá mi lórí.,positive
Eyi mu mi dùn.,positive
O ti burú gan.!,negative
Ọjọ́ kejì ni ayẹyẹ....,neutral
Mo n lọ si ile itaja.,neutral
Ẹ jẹ ka lọ....,neutral
Eyi ko dara rara.,negative
O ti burú gan.,negative
ẹ ṣe o.,positive
This thing no gel.,negative
This is lovely abeg.,positive
I will be there tomorrow.,neutral
Ọmọ yi fine die.,positive
Ẹ ṣe 0.,positive
So annoying mehn.,negative
ko make any sense rara.,negative
O ṣeun gan ni o.,positive
O wa ní uapa iṣere.,neutral
Ẹ ṣe o.,positive
M0 gbádùn rẹ.,positive
Mo fẹ́ràn rẹ gan-an.,positive
Ọmọ yi fine die.,positive
Ẹ̀rọ náà kò ṣiṣẹ́ dáadáa..,negative
Weather is okay.,neutral
Ọjọ́ kejì ni ayẹyẹ.,neutral
Mo fẹ́ràn rẹ gan-an.,positive
Eyi kò dáa.,negative
Ọjọ́ oni dara pupọ.,positive
Ìfẹ́ rẹ̀ dá mi lórí.,positive
Mo fẹ́ràn rẹ gan-an.,positive
Ẹ ṣe o.,positive
Weather is okay.,neutral
M0 fẹ́ràn rẹ gan-an.,positive
Mi o feran eyi.,negative
O ṣeun gan ni 0.,positive
You look so nice.,positive
Mi 0 feran eyi.,negative
Kò pé rara.,negative
O jẹ́ ẹni burúkú.,negative
Inú mi dùn pé mo rí ọ.,positive
A o pade lọ́la.,neutral
Inú mi dùn pé mo rí ọ.,positive
The car is outside.,neutral
O wa ní uapa iṣere.,neutral
Báwo ni o ṣe lè ṣe bẹẹ́?,negative
Eyi mu mi dùn.,positive
Eyi jẹ́ òótọ́.!!,neutral
O wa ní ita.,neutral
Ọjọ́ kejì ni ayẹyẹ.,neutral
Ìfẹ́ rẹ̀ dá mi lórí.,positive
Not happy with this.,negative
Ọjọ́ oni dara pupọ.,positive
Mi o feran eyi.,negative
Mi o f3ran 3yi.,negative
Y0u l00k s0 nice.,positive
This is lovely abeg.,positive
Eyi mu mi dùn.,positive
Mo gbádùn rẹ.,positive
Kò pé rara.,negative
o wa ní uapa iṣere.,neutral
I will be there tomorrow.,neutral
Good vibes only.,positive
This thing no gel.,negative
So annoying mehn.,negative
kò pé rara.,negative
It's  bad  abeg.,negative
Báwo  ni  o  ṣe  lè  ṣe  bẹẹ́?,negative
Mo máa lọ sílé lẹ́yìn iṣẹ́.,neutral
"Ẹ jọ̀ọ́, mo n duro de ẹ.",neutral
Mo n lọ si ile itaja.,neutral
This thing no gel.,negative
Eyi jẹ́ òótọ́.,neutral
O ti burú gan.,negative
Eyi kò dáa.,negative
O wa ní ita.,neutral
This thing no gel.,negative
Not happy with this.,negative
Ẹ ní ọkọ ayọ́kẹ́lẹ́ tuntun.,neutral
ẹ̀rọ náà kò ṣiṣẹ́ dáadáa.,negative
Èmi ò fẹ́ rí ẹ mọ́.,negative
bae you try gan.,positive
Báwo ni o ṣe lè ṣe bẹẹ́?,negative
Eyi ko dara rara.,negative
Fantastic work.,positive
O wa ní ita.,neutral
Eyi mu mi dùn.,positive
You look so nice.,positive
Mi  o  feran  eyi.,negative
It's bad abeg.,negative
Ko make any sense rara.,negative
èmi ò fẹ́ rí ẹ mọ́.,negative
Èmi ò fẹ́ rí ẹ mọ́.,negative
Kò pé rara.,negative
Ẹ̀rọ náà kò ṣiṣẹ́ dáadáa.,negative
Èmi  ò  fẹ́  rí  ẹ  mọ́.,negative
"Ẹ jọ̀ọ́, m0 n dur0 de ẹ.",neutral
Ọjọ́ kejì ni ayẹyẹ.!,neutral
Eyi jẹ́ òótọ́.,neutral
Ìfẹ́ rẹ̀ dá mi lórí.,positive
The car is outside.,neutral
Ẹ̀rọ náà kò ṣiṣẹ́ dáadáa.,negative
Ko make any sense rara.,negative
O jẹ́ ẹni burúkú.,negative
The car is outside.,neutral
Ẹ jẹ ka lọ.,neutral
Bae  you  try  gan.,positive
Ẹ jẹ ka lọ.,neutral
Mo gbádùn rẹ.,positive
This thing no gel.,negative
Eyi jẹ́ òótọ́.,neutral
Eyi mu mi dùn.,positive
Ẹ ṣe o.,positive
Inú mi dùn pé mo rí ọ.,positive
Ẹ̀rọ náà kò ṣiṣẹ́ dáadáa.,negative
This thing no gel.!,negative
O ni ẹ̀wà.,positive
Eyi mu mi dùn.,positive
Ko  make  any  sense  rara.,negative
Inú mi dùn pé mo rí ọ.,positive
Mo fẹ́ràn rẹ gan-an.,positive
Ẹ ṣe o.,positive
Inú mi dùn pé mo rí ọ.,positive
Not happy with this.,negative
it's bad abeg.,negative
It's bad abeg.,negative
We go meet soon.,neutral
O ti burú g@n.,negative
So annoying mehn.,negative
Mo fẹ́ràn rẹ gan-an.,positive
Mo máa lọ sílé lẹ́yìn iṣẹ́.,neutral
Ẹ jẹ ka lọ.,neutral
The car is outside.,neutral
Mi o feran eyi.,negative
The car is outside.,neutral
O wa ní ita.,neutral
Ko make any sense rara.,negative
O ti burú gan.,negative
O ti burú gan.,negative
Ẹ ní ọkọ ayọ́kẹ́lẹ́ tuntun.,neutral
Ọjọ́ kejì ni ayẹyẹ.,neutral
Ẹ̀rọ náà kò ṣiṣẹ́ dá@dá@.,negative
You look so nice.,positive
Weather is okay..,neutral
Ọjọ́ kejì ni ayẹyẹ.,neutral
