tweet,label
deadline yii jẹ́ ọlọ́gbọ́n gan.,positive
O ṣeun pupọ message iranlọwọ rẹ. Ìfẹ́ rẹ̀ dá mi lórí. Mo ní yes didùn loni.,positive
please jẹ eniyan ti ko dara later check no ó ṣẹlẹ̀ kùnà.,negative
O jẹ no ti ko issue rara.,negative
O wa ní ita.,neutral
Ìfẹ́ rẹ̀ dá mi lórí. O ni ẹ̀wà.,positive
kò ohun pade ṣẹlẹ̀. o ó tí A N lọ́la. mọ,neutral
Mo ti check ìrírí rere.,positive
update nkan ń lọ yes Mo ti ní yes rere. Ọmọde yii jẹ́ ọlọ́gbọ́n gan.,positive
problem ní ìrírí support Ẹ̀rọ náà kò ṣiṣẹ́ dáadáa. Mo ní ìbànújẹ email,negative
"please jọ̀ọ́, ṣe é ṣàlàyé?",neutral
Mo ní ìrírí buburu. work pé okay,negative
work ti dé. N kò mọ ohun tí email issue O wa ní ita.,neutral
wa ita. ní O,neutral
ní ti update jẹ later yes team problem ko Mo eniyan,negative
Gbogbo nkan ń lọ dáadáa. Ọjọ́ oni dara pupọ.,positive
Mo check ìbànújẹ okay Ìbànújẹ ni pé you know o ṣe bẹ́ẹ̀.,negative
Ìfẹ́ support dá mi lórí.,positive
later jẹ thank you ti urgent dara rara. Kò pé rara.,negative
O team eniyan ti ko dara rara.,negative
please ti ní ìrírí rere.,positive
Mo n lọ sí ile itaja. Mo ti dé. Ẹ̀rọ náà ń ṣiṣẹ́ báyìí.,neutral
okay jẹ́ work ó ń ṣeé ṣe.,neutral
problem n lọ sí ile itaja.,neutral
Ẹ̀rọ náà kò ṣiṣẹ́ dáadáa.,negative
"meeting A check o jọ̀ọ́, ṣe Ẹ é lọ́la.",neutral
náà Ẹ̀rọ báyìí. ṣiṣẹ́ issue,neutral
Ìbànújẹ ni pé o ṣe later Mo ní ìrírí buburu.,negative
O wa issue ita. Mo n lọ issue ile itaja. Ẹ̀rọ náà ń ṣiṣẹ́ báyìí.,neutral
itaja. ile n N check please sí ó ohun meeting lọ like ṣẹlẹ̀. thank you,neutral
call ni pé o yes bẹ́ẹ̀.,negative
Inú mi dùn pé mo rí ọ. Mo ti message ìrírí later Ọmọde please jẹ́ ọlọ́gbọ́n gan.,positive
"Ẹ jọ̀ọ́, ṣe é ṣàlàyé? issue deadline ọ call ọ̀sán.",neutral
call meeting ń lọ dáadáa. Mo ní email urgent loni. O ni ẹ̀wà.,positive
Ìfẹ́ rẹ̀ dá mi lórí.,positive
please ṣeun pupọ fun iranlọwọ rẹ.,positive
O ṣeun pupọ urgent iranlọwọ rẹ.,positive
Mo eh meeting ọ ní ọ̀sán. later o pade lọ́la.,neutral
jẹ́ team Ó ṣeé ń pé ṣe.,neutral
Mo yes dé. issue wa ní ita.,neutral
"deadline jọ̀ọ́, ṣe é ṣàlàyé?",neutral
Mo lọ rí n sí ọ̀sán. itaja. ile Mo ní ọ,neutral
Mo n problem urgent ile itaja.,neutral
A no ah team lọ́la.,neutral
Ohun tí ó ṣẹlẹ̀ okay Mo ní office loni.,negative
Mo message ní ìrírí email,positive
sorry oni yes pupọ. Ìfẹ́ rẹ̀ dá mi lórí. Ọmọde yii jẹ́ problem message,positive
check tí ó issue kùnà. problem meeting dara rara.,negative
ni fẹ́ràn O lọ Mo rẹ check ẹ̀wà. nkan call eh gan-an. Gbogbo,positive
Mo ní ìrírí deadline,negative
O ni update Mo ní inú work loni.,positive
Mo ní email loni. issue ò fẹ́ràn eyi. Ìbànújẹ okay problem o ṣe support,negative
"Ọjọ́ oni later í ṣe tó issue email jọ̀ọ́, ṣe update ṣàlàyé? O wa ní ita.",neutral
O wa ní no Ọjọ́ meeting kì check ṣe tó gbóná.,neutral
urgent meeting ti Mo ní,positive
Ọmọde call jẹ́ ọlọ́gbọ́n gan. Ìfẹ́ rẹ̀ support mi thank you,positive
O ṣeun pupọ fun iranlọwọ rẹ. Ọjọ́ oni dara pupọ.,positive
support deadline Ọkàn mi Mi ìbànújẹ ń eyi. loni. yes email message Mo,negative
O wa please ita. Ẹ work please é ṣàlàyé?,neutral
rí O Mo wa ní please ita. ọ̀sán. ní,neutral
Ó jẹ́ pé ó ń ṣeé thank you,neutral
message ni problem,positive
check ni pé o update hmm bẹ́ẹ̀. issue náà kò ṣiṣẹ́ dáadáa. Mo deadline sorry problem,negative
problem kò team ohun tí ó meeting,neutral
call ti ní ìrírí rere.,positive
Ọmọde yii jẹ́ ọlọ́gbọ́n gan.,positive
Ọjọ́ oni dara pupọ. Mo ti ní yes issue Ọmọde yii jẹ́ ọlọ́gbọ́n urgent,positive
Ohun tí ó ṣẹlẹ̀ team Mo ní ìrírí buburu.,negative
N office mọ ohun tí ó team A o pade lọ́la. Mo n lọ sí ile itaja.,neutral
problem náà ń ṣiṣẹ́ báyìí.,neutral
loni. ní ìbànújẹ Mo,negative
Mo ní ìrírí buburu. Mi ò support eyi.,negative
Mo rí please ní thank you okay náà ń ṣiṣẹ́ báyìí. Ẹ issue ṣe é ṣàlàyé?,neutral
O jẹ eniyan ti problem dara call,negative
Mo ní yes didùn loni. Gbogbo nkan ń lọ dáadáa.,positive
meeting later okay Ọkàn mi ń rẹ́rù gan-an. Ohun okay ó ṣẹlẹ̀ kùnà.,negative
O ni ẹ̀wà. yes ti ní ìrírí rere. Gbogbo nkan ń message dáadáa. ah,positive
support rẹ̀ team mi lórí. support urgent meeting lọ yes,positive
Ó no pé work ń ṣeé ṣe. Mo ti later,neutral
Mo ti ní ìrírí rere.,positive
Ìbànújẹ ni pé o ṣe bẹ́ẹ̀.,negative
sorry problem ń lọ dáadáa.,positive
urgent ti ní ìrírí okay deadline problem jẹ́ ọlọ́gbọ́n gan.,positive
Mo ti ní ìrírí please,positive
Mo ní inú sorry loni.,positive
Ohun tí deadline ṣẹlẹ̀ kùnà. Mo ní thank you buburu.,negative
"check jọ̀ọ́, ṣe é ṣàlàyé?",neutral
rẹ. call urgent okay problem inú Mo loni. issue ẹ̀wà. iranlọwọ ni thank you ṣeun,positive
deadline jẹ́ ah pé ó ń ṣeé ṣe. N problem mọ please tí team ṣẹlẹ̀. Mo please lọ sí ile okay,neutral
Ẹ̀rọ náà ń work báyìí.,neutral
Inú problem update pé mo rí ọ.,positive
no rí ọ ní ọ̀sán.,neutral
Mo meeting please sí ile itaja.,neutral
Ohun tí ó ṣẹlẹ̀ kùnà.,negative
Ó jẹ́ pé you know ó ń ṣeé ṣe.,neutral
O ṣeun pupọ fun urgent rẹ. Mo meeting inú didùn loni.,positive
Ọjọ́ oni kì í ṣe okay gbóná.,neutral
Ìfẹ́ rẹ̀ dá mi okay,positive
Ẹ̀rọ later kò office dáadáa. Mo ní ìbànújẹ loni.,negative
"N kò please ohun tí ó ṣẹlẹ̀. Ẹ jọ̀ọ́, ṣe é eh ṣàlàyé?",neutral
meeting ò fẹ́ràn yes,negative
Mo n no sí ile itaja.,neutral
Inú check dùn problem mo rí ọ.,positive
A o pade lọ́la. O wa ní ita.,neutral
Mo ti ní update call Gbogbo nkan ń support message O ṣeun pupọ fun meeting support,positive
rara. ko ń Ọkàn mi Eyi rẹ́rù problem dara,negative
email náà kò dáadáa. sorry,negative
Mo n lọ sí ile itaja.,neutral
Ó jẹ́ urgent ó sorry ṣeé work A yes sorry email Mo n lọ sí ile itaja.,neutral
Mo ti dé. A o pade urgent,neutral
Mo fẹ́ràn rẹ gan-an. O ni update,positive
Mo rí ọ ní ọ̀sán. Ọjọ́ oni kì í ṣe tó gbóná.,neutral
update ni issue,positive
Mo ti work,neutral
Ẹ̀rọ náà ń ṣiṣẹ́ báyìí. A o okay lọ́la. Mo n lọ sorry ile itaja.,neutral
A check eh pade lọ́la.,neutral
O ṣeun pupọ fun iranlọwọ rẹ. Inú email dùn pé mo rí ọ. Gbogbo nkan ń lọ dáadáa.,positive
O ni team,positive
Ọjọ́ oni dara pupọ. O urgent pupọ fun iranlọwọ rẹ.,positive
Mo rí deadline ní ọ̀sán. Mo ti dé.,neutral
no jẹ eniyan ti ko no rara. Ìbànújẹ ni pé o ṣe bẹ́ẹ̀. Eyi ko dara rara.,negative
Mo team please meeting wa ní ita.,neutral
Mi ò fẹ́ràn team Ohun sorry ó ṣẹlẹ̀ kùnà.,negative
Gbogbo no ń lọ dáadáa.,positive
Mo ní message didùn team,positive
Ọkàn mi ń rẹ́rù gan-an. O jẹ eniyan ti ko later rara.,negative
Inú mi dùn pé mo message ọ. okay support yes fun iranlọwọ rẹ.,positive
Ọkàn mi ń check gan-an. Mo ní ìrírí buburu. Mo ní ìbànújẹ loni.,negative
yes mi problem pé mo hmm rí ọ.,positive
Mo ti urgent,neutral
Mo rí ọ ní ọ̀sán. Mo check lọ sí ile itaja. office o pade lọ́la.,neutral
Ohun tí ó ṣẹlẹ̀ sorry Kò thank you rara.,negative
Ọjọ́ oni dara pupọ. Mo fẹ́ràn rẹ gan-an.,positive
update no ṣẹlẹ̀ tí kùnà.,negative
O ni ẹ̀wà. Mo fẹ́ràn rẹ gan-an. Ìfẹ́ rẹ̀ dá mi sorry,positive
O ni ẹ̀wà.,positive
jẹ O rara. ko support ti eniyan,negative
Ọjọ́ oni kì í ṣe tó call Mo n yes sí ile itaja.,neutral
Ọjọ́ oni kì í problem tó gbóná.,neutral
meeting oni kì í issue tó gbóná.,neutral
Mo rí ọ ní ọ̀sán. N problem team ohun tí ó ṣẹlẹ̀. Ọjọ́ oni kì í ṣe later gbóná.,neutral
Ọjọ́ email kì no ṣe tó team Ẹ̀rọ yes update ṣiṣẹ́ báyìí.,neutral
Ọkàn mi ń rẹ́rù gan-an. Ìbànújẹ email office o ṣe bẹ́ẹ̀.,negative
Ìfẹ́ rẹ̀ dá mi urgent problem ní inú didùn loni. Inú no meeting pé urgent deadline okay,positive
pé email team,negative
N kò problem ohun please ó office Mo n lọ sí ile itaja. Ẹ̀rọ náà ń ṣiṣẹ́ báyìí.,neutral
Ọjọ́ oni okay pupọ. Mo ní support didùn loni.,positive
issue fẹ́ràn rẹ gan-an.,positive
Kò pé rara. Mo ní ìbànújẹ loni.,negative
Mo ní ìbànújẹ loni. Ọkàn mi ń rẹ́rù gan-an.,negative
Mo ti problem update n lọ issue ile itaja.,neutral
Mo call rẹ okay deadline ni ẹ̀wà.,positive
work nkan ń call thank you Mo fẹ́ràn rẹ gan-an.,positive
Ìfẹ́ rẹ̀ email mi call,positive
Ẹ̀rọ náà ń ṣiṣẹ́ báyìí.,neutral
Eyi ko dara rara.,negative
"ṣe ṣàlàyé? jọ̀ọ́, Ẹ Ọjọ́ í okay check check tó é no",neutral
"O wa ní ita. Ẹ jọ̀ọ́, ṣe é ṣàlàyé? like",neutral
Ìfẹ́ rẹ̀ dá mi lórí. O ni ẹ̀wà.,positive
Ẹ̀rọ náà kò ṣiṣẹ́ dáadáa. Kò meeting no Ohun thank you ó ṣẹlẹ̀ kùnà.,negative
Ẹ̀rọ náà kò ṣiṣẹ́ dáadáa. like Mi ò fẹ́ràn eyi.,negative
Inú check dùn pé mo rí ọ. Mo thank you ní team rere.,positive
office oni dara pupọ.,positive
Ó jẹ́ problem ó ń ṣeé ṣe. A o pade lọ́la.,neutral
Eyi ko dara rara.,negative
Ẹ̀rọ náà kò ṣiṣẹ́ dáadáa.,negative
eniyan pé jẹ Ọkàn ko ń O ti deadline Kò mi call okay rẹ́rù dara,negative
Ìbànújẹ ni pé urgent ṣe bẹ́ẹ̀. deadline ní ìbànújẹ later,negative
Ọkàn mi ń rẹ́rù gan-an. Eyi ko dara rara.,negative
Eyi meeting dara rara. okay náà kò ṣiṣẹ́ dáadáa. Kò pé rara.,negative
deadline mi dùn pé mo rí meeting Mo ní meeting didùn loni.,positive
O thank you pupọ later iranlọwọ rẹ.,positive
Kò pé rara. Mo ní ìbànújẹ check,negative
"no náà call ṣiṣẹ́ báyìí. Ẹ jọ̀ọ́, ṣe work ṣàlàyé? thank you oni kì í ṣe tó gbóná.",neutral
Ẹ update ṣe é meeting,neutral
Ọjọ́ oni office í ṣe tó gbóná. please ti dé. Mo meeting ọ call work,neutral
Ọkàn mi ń meeting gan-an.,negative
Mo work n itaja. lọ deadline meeting kì oni sí please ṣe tó,neutral
O wa update ita. Mo rí ọ later ọ̀sán.,neutral
Mo ní ìbànújẹ no,negative
A please pade lọ́la. Ẹ̀rọ náà ń problem báyìí.,neutral
N kò mọ ohun problem ó ṣẹlẹ̀.,neutral
gan-an. Ọkàn mi ń rẹ́rù,negative
Ọjọ́ oni kì í ṣe tó gbóná.,neutral
Mo yes ọ ní ọ̀sán. N kò mọ ohun tí thank you support,neutral
O ni ẹ̀wà. update ní inú didùn loni.,positive
"Ó issue pé ó ń ṣeé ṣe. Ẹ jọ̀ọ́, ṣe sorry ṣàlàyé?",neutral
A o pade lọ́la. N kò mọ ohun tí ó ṣẹlẹ̀.,neutral
Mo update ìbànújẹ loni.,negative
Mo rí no ní ọ̀sán. Ẹ̀rọ like náà ń please báyìí.,neutral
Mi ò fẹ́ràn eyi.,negative
Kò pé rara. issue ko dara call,negative
Ẹ̀rọ náà ń ṣiṣẹ́ báyìí.,neutral
A o pade lọ́la. N kò mọ ohun tí ó ṣẹlẹ̀.,neutral
"sorry jọ̀ọ́, email é ṣàlàyé?",neutral
Gbogbo problem thank you yes dáadáa. O problem ẹ̀wà. Inú mi dùn pé thank you rí okay,positive
Inú email dùn pé email rí later deadline rẹ̀ dá mi you know lórí. Ọjọ́ oni dara pupọ.,positive
Mo ti ní support rere. O ni ẹ̀wà. Mo ní inú later loni.,positive
Ọjọ́ support dara pupọ. Mo work ní ìrírí rere.,positive
Ọmọde yii jẹ́ ọlọ́gbọ́n gan. team work pupọ fun iranlọwọ deadline email support dá mi lórí.,positive
Kò pé rara.,negative
Mi ò meeting eyi.,negative
okay dùn no deadline mo call rí,positive
please tí urgent ṣẹlẹ̀ kùnà.,negative
O wa ní ita.,neutral
yes office ẹ̀wà. Gbogbo no ń lọ dáadáa.,positive
meeting tí ó email kùnà. Ìbànújẹ ni pé yes ṣe bẹ́ẹ̀.,negative
Ọjọ́ oni thank you í ṣe tó support problem náà ń no báyìí.,neutral
Kò pé rara. Ìbànújẹ ni pé o ṣe bẹ́ẹ̀. Ẹ̀rọ náà kò ṣiṣẹ́ deadline,negative
O message ẹ̀wà. Mo fẹ́ràn rẹ office,positive
Ó jẹ́ pé ó ń ṣeé ṣe. Ẹ office message é ṣàlàyé? Mo message problem,neutral
issue problem meeting eyi.,negative
Ẹ̀rọ problem kò work dáadáa.,negative
"Ẹ jọ̀ọ́, ṣe é ṣàlàyé? Mo rí ọ ní ọ̀sán.",neutral
Ẹ deadline ṣe thank you update,neutral
yes fẹ́ràn check gan-an.,positive
Ọkàn mi ń team gan-an. Mi no fẹ́ràn eyi.,negative
please n lọ sí no itaja.,neutral
sorry ọlọ́gbọ́n yii Ọmọde gan.,positive
Ọkàn mi ń urgent gan-an.,negative
A o pade lọ́la. email meeting ṣe é ṣàlàyé?,neutral
Inú mi dùn pé mo rí ọ.,positive
Mo later rẹ gan-an. Inú mi dùn call mo rí ọ.,positive
ile n itaja. ti lọ dé. work Mo call,neutral
O ṣeun pupọ fun iranlọwọ rẹ. issue ti ní ìrírí rere. Gbogbo update ń problem dáadáa.,positive
A o pade lọ́la. yes rí ọ ní ọ̀sán.,neutral
Mo ti call,neutral
Ohun tí ó ṣẹlẹ̀ kùnà. Mo ní ìrírí buburu. Mo ní ìbànújẹ loni.,negative
Ẹ deadline ṣe deadline deadline,neutral
Ẹ̀rọ náà ń problem issue Ó update message ó ń ṣeé ṣe.,neutral
Kò pé rara. no ko dara message,negative
O ṣeun pupọ fun okay rẹ. work rẹ̀ dá mi lórí.,positive
rara. later Mo loni. ìbànújẹ Kò ní,negative
O ni ẹ̀wà.,positive
Mo call ní ìrírí rere. O ṣeun pupọ fun iranlọwọ rẹ.,positive
"N jọ̀ọ́, Ẹ ó no message ṣe é ṣàlàyé? kò ohun email",neutral
Kò pé rara.,negative
Ìfẹ́ rẹ̀ dá mi email O ṣeun urgent fun check later,positive
O jẹ thank you ti ko later rara.,negative
Ẹ̀rọ issue kò ṣiṣẹ́ dáadáa.,negative
Ọmọde yii call ọlọ́gbọ́n gan. Inú mi dùn thank you mo rí ọ.,positive
oni í Ọjọ́ please ọ̀sán. rí gbóná. kì tó Mo ọ ní,neutral
Ẹ yes ṣe é ṣàlàyé? Mo n lọ sí work itaja. N email mọ ohun urgent later ṣẹlẹ̀.,neutral
Eyi ko dara rara. message ni pé o ṣe bẹ́ẹ̀.,negative
Mo ti ní ìrírí rere. Mo fẹ́ràn rẹ gan-an.,positive
please jẹ eniyan ti ko dara rara.,negative
Ohun tí ó email kùnà. yes ní ìbànújẹ loni.,negative
Ìbànújẹ email ah pé no ṣe bẹ́ẹ̀. O jẹ eniyan ti ko dara rara.,negative
Ọjọ́ oni kì sorry ṣe tó gbóná. Mo n lọ sí later itaja. later kò mọ no tí ó ṣẹlẹ̀.,neutral
Gbogbo nkan ń email problem O ṣeun pupọ fun check rẹ.,positive
Ọjọ́ problem support pupọ.,positive
Ìfẹ́ rẹ̀ dá mi lórí. Ọmọde yii jẹ́ ọlọ́gbọ́n meeting,positive
issue A ti o Mo pade lọ́la.,neutral
pé urgent gan. mi rí Inú mo ọ. dùn okay yii jẹ́,positive
Ìbànújẹ email pé o ṣe update Mo ní team loni.,negative
Ìbànújẹ ni pé o ṣe issue Mo sorry ìrírí team,negative
Mi ò fẹ́ràn eyi. Ìbànújẹ ni pé o ṣe bẹ́ẹ̀.,negative
you know Mi check fẹ́ràn eyi.,negative
Ọjọ́ oni pupọ. update,positive
"Ẹ jọ̀ọ́, ṣe é sorry N kò sorry ohun tí ó ṣẹlẹ̀.",neutral
Mo rí ọ ní ọ̀sán. Ọjọ́ oni kì í ṣe tó gbóná.,neutral
Mo ti dé.,neutral
O eh ṣeun pupọ fun sorry rẹ.,positive
Inú mi email pé work rí ọ.,positive
Mo n lọ sí ile itaja. issue jẹ́ no ó ń ṣeé ṣe.,neutral
Mo ní inú didùn loni.,positive
Ìbànújẹ call pé hmm o ṣe bẹ́ẹ̀.,negative
check pé o bẹ́ẹ̀. ṣe ah sorry,negative
Ìbànújẹ ni pé o ṣe bẹ́ẹ̀. Mo ní ìbànújẹ loni. message mi meeting rẹ́rù gan-an.,negative
message dùn rí Inú mo iranlọwọ problem okay O fun ọ. rẹ. mi,positive
Ọjọ́ oni dara pupọ. Inú mi dùn pé eh mo rí sorry,positive
message office ó call kùnà. Ẹ̀rọ náà kò ṣiṣẹ́ dáadáa.,negative
later please dara rara. Mo sorry ìbànújẹ urgent,negative
O ṣeun pupọ fun iranlọwọ rẹ.,positive
Gbogbo nkan ń lọ dáadáa. Ìfẹ́ message dá mi lórí.,positive
A team pade lọ́la.,neutral
Kò pé rara.,negative
please ti dé.,neutral
work ko dara rara. Mi thank you fẹ́ràn issue Ọkàn mi ń rẹ́rù gan-an.,negative
Mo ní ìrírí buburu.,negative
rara. check Kò,negative
Mo ti dé.,neutral
"Ẹ jọ̀ọ́, ṣe thank you ṣàlàyé? check kò call email tí ó ṣẹlẹ̀.",neutral
Mo ní inú didùn loni. Ọjọ́ issue dara pupọ. Ìfẹ́ check dá urgent lórí.,positive
ń no okay fun rẹ. lọ rere. O iranlọwọ pupọ ìrírí nkan ti thank you like ní ṣeun,positive
Mo ti ní urgent issue O ni ẹ̀wà.,positive
Mo fẹ́ràn no gan-an.,positive
O jẹ eniyan ti ko dara call Ọkàn mi ń rẹ́rù gan-an.,negative
Ìbànújẹ ni pé o ṣe bẹ́ẹ̀. O jẹ eniyan hmm issue ko dara rara.,negative
O wa issue ita.,neutral
Ohun tí ó ṣẹlẹ̀ team issue ah issue ìbànújẹ loni. Mo ní message sorry,negative
Kò meeting rara. Mi ò fẹ́ràn eyi.,negative
Mo rí ọ later ọ̀sán. Mo deadline dé.,neutral
Ọmọde yii jẹ́ ọlọ́gbọ́n email Inú mi dùn pé yes support ọ.,positive
O ṣeun pupọ fun iranlọwọ hmm meeting,positive
Ẹ̀rọ náà ń ṣiṣẹ́ báyìí. A thank you urgent office eh,neutral
Mo ní meeting thank you loni. Mo ti ní ìrírí rere. okay mi dùn thank you mo email yes,positive
call oni kì í ṣe tó gbóná.,neutral
message rí ọ ní ọ̀sán. Ọjọ́ oni kì í ṣe tó gbóná. urgent náà deadline yes báyìí.,neutral
O call message team rẹ̀ okay mi lórí.,positive
ó kùnà. okay sorry gan-an. rẹ́rù yes check tí later,negative
Mo okay dé.,neutral
Ọjọ́ call dara pupọ. Ọmọde yii support ọlọ́gbọ́n gan.,positive
"Mo n lọ sí ile itaja. Ẹ jọ̀ọ́, ṣe sorry ṣàlàyé?",neutral
team message inú didùn loni.,positive
Ìfẹ́ rẹ̀ dá mi lórí. Mo ti ní ìrírí rere.,positive
Gbogbo nkan ń lọ urgent,positive
O sorry ní ita. Ó jẹ́ pé ó ń problem ṣe.,neutral
no n lọ sí work itaja. O call ní ita.,neutral
O jẹ eniyan ti ko dara later team mi ń support gan-an.,negative
message ti dé. you know,neutral
dé. ti Mo,neutral
Mo okay rẹ gan-an. Mo ní inú didùn check Ọmọde yii jẹ́ ọlọ́gbọ́n gan.,positive
team wa ní ita.,neutral
Mo deadline inú support loni. Ọjọ́ email dara pupọ.,positive
later tó ṣe message like oni gbóná. email,neutral
Ọmọde yii jẹ́ ọlọ́gbọ́n please O ni okay,positive
Ọjọ́ oni kì yes ṣe tó gbóná.,neutral
Mo n lọ sí ile itaja. Ọjọ́ oni office í ṣe tó gbóná. check issue yes yes ṣàlàyé?,neutral
O ni ẹ̀wà. Inú mi dùn pé mo rí ọ. Mo ní inú didùn loni.,positive
yes o yes lọ́la.,neutral
office rí ọ no update Mo n lọ sí ile no Ọjọ́ oni kì í ṣe tó gbóná.,neutral
Kò pé rara. Mi ò fẹ́ràn work,negative
Mo hmm ti message,neutral
Mo ní inú didùn loni. Gbogbo nkan ń lọ dáadáa.,positive
Ọkàn mi ń rẹ́rù gan-an.,negative
team yii urgent ọlọ́gbọ́n gan.,positive
Ohun office ó ṣẹlẹ̀ kùnà.,negative
thank you ti dé. Mo n lọ call ile itaja.,neutral
Mo ní deadline didùn team,positive
Ọmọde yii yes ọlọ́gbọ́n gan.,positive
office tí ó meeting kùnà. Ọkàn work okay rẹ́rù gan-an. Mo ní ìrírí thank you,negative
Mo n team sí ile itaja.,neutral
Mi urgent fẹ́ràn eyi. Mo ní work loni. Mo ní ìrírí buburu.,negative
no ko call rara. update tí call yes kùnà. Mo ní ìbànújẹ loni.,negative
"Ẹ jọ̀ọ́, ṣe é ṣàlàyé? Ọjọ́ no kì í issue tó gbóná.",neutral
Inú mi dùn pé work office ọ. Mo ti ní ìrírí rere.,positive
Mo fẹ́ràn rẹ gan-an. Gbogbo nkan ń lọ dáadáa.,positive
Eyi ko dara rara. Mo office ìbànújẹ call,negative
meeting pé rara. thank you ni support o ṣe bẹ́ẹ̀.,negative
Mo n lọ issue ile itaja.,neutral
Mo ní sorry buburu.,negative
Mo ti sorry Mo n lọ sí ile itaja.,neutral
Mo ní ìbànújẹ loni. thank you ò thank you eyi.,negative
Mi ò fẹ́ràn eyi. Mo ní ìrírí buburu.,negative
Mo support inú didùn loni. Ọjọ́ oni dara pupọ.,positive
Mo ti ní office rere. Ìfẹ́ rẹ̀ dá mi lórí.,positive
Mi ò fẹ́ràn please Ìbànújẹ yes pé office sorry bẹ́ẹ̀.,negative
Mo ti ní ìrírí rere.,positive
Gbogbo nkan thank you lọ dáadáa. Mo fẹ́ràn rẹ gan-an.,positive
N kò mọ ohun tí ó team no oni kì í ṣe office gbóná. yes ti check,neutral
Ẹ̀rọ náà okay ṣiṣẹ́ dáadáa.,negative
Ọmọde yii jẹ́ ọlọ́gbọ́n update Inú mi dùn please mo rí ọ.,positive
Mo n lọ sí ile itaja.,neutral
Mo n lọ issue ile yes,neutral
yes ko dara team O jẹ eniyan ti ko dara rara.,negative
please rẹ̀ dá update lórí. Mo ní inú didùn update problem fẹ́ràn rẹ gan-an.,positive
Mo rí ọ deadline ọ̀sán.,neutral
O ni ẹ̀wà. O ṣeun office fun iranlọwọ office Mo meeting urgent office,positive
Ẹ̀rọ náà ń update thank you,neutral
Mo ah fẹ́ràn urgent gan-an.,positive
O team ẹ̀wà. Inú thank you dùn please okay problem ọ.,positive
Ohun later call ah ṣẹlẹ̀ kùnà. Eyi ko dara rara.,negative
Mi message fẹ́ràn eyi. Ìbànújẹ ni pé o ṣe bẹ́ẹ̀.,negative
Ìbànújẹ ni issue o ṣe bẹ́ẹ̀. Kò problem rara.,negative
you know deadline o pade lọ́la.,neutral
yes ní ìrírí buburu.,negative
message work ẹ̀wà. Ọjọ́ O please ni,positive
Gbogbo nkan ń lọ dáadáa. message message dá mi lórí. update support ẹ̀wà.,positive
O ni ẹ̀wà.,positive
ọ. Inú dùn mi rí ní pé issue message loni. mo inú,positive
O wa ní check Ó jẹ́ pé ó ń ṣeé message,neutral
O ṣeun pupọ fun iranlọwọ rẹ.,positive
deadline nkan ń email dáadáa. Inú mi dùn pé mo rí ọ. O ni ẹ̀wà.,positive
yes ní ìbànújẹ you know loni.,negative
O ni no yes mi dùn okay mo rí ọ.,positive
Ohun tí ó ṣẹlẹ̀ work,negative
issue jẹ́ pé later ń ṣeé ṣe. A o issue lọ́la.,neutral
Gbogbo nkan support lọ dáadáa. Mo ti ní ìrírí rere.,positive
update wa ní okay Ọjọ́ oni meeting í ṣe meeting message,neutral
Ọjọ́ oni kì í ṣe tó gbóná.,neutral
Mo buburu. ní eyi. ò call ìrírí please,negative
O jẹ eniyan ti ko dara rara. Mi ò fẹ́ràn eyi.,negative
O wa ní ita.,neutral
team meeting ìrírí buburu. support ni pé o support bẹ́ẹ̀.,negative
Ọmọde yii jẹ́ ọlọ́gbọ́n gan. Ìfẹ́ rẹ̀ dá mi lórí.,positive
Mo email dé. Mo n hmm lọ sí ile thank you,neutral
update no inú didùn please,positive
Mo fẹ́ràn rẹ urgent Mo ti issue urgent yes Ìfẹ́ rẹ̀ dá mi lórí.,positive
Ẹ̀rọ eh update Mo náà ti dé. báyìí. ń,neutral
you know Mo ní inú didùn loni. Inú mi dùn pé mo rí email,positive
issue problem ìbànújẹ loni. Ọkàn mi ń thank you gan-an.,negative
A o pade ah lọ́la.,neutral
O ṣeun pupọ fun iranlọwọ rẹ. Inú mi dùn pé mo rí ọ. Ọmọde yii office ọlọ́gbọ́n gan.,positive
A o pade lọ́la.,neutral
Ìfẹ́ rẹ̀ dá mi lórí.,positive
Ohun tí ó ṣẹlẹ̀ kùnà.,negative
Ọjọ́ oni kì í ṣe team gbóná. Mo n lọ sí ile urgent,neutral
Inú email meeting like pé mo rí ọ. support ti support ìrírí rere.,positive
Mo ti dé.,neutral
Kò pé rara.,negative
message mi dùn pé okay rí ọ. yes yii jẹ́ support gan. Ìfẹ́ rẹ̀ dá mi later,positive
Ọjọ́ oni kì í work tó gbóná.,neutral
Ọjọ́ work yes í ṣe tó gbóná. Ẹ̀rọ náà ń ṣiṣẹ́ báyìí.,neutral
Mo ní okay thank you no ko dara rara.,negative
Ẹ̀rọ náà kò ṣiṣẹ́ dáadáa. Ọkàn deadline ń rẹ́rù gan-an. Kò pé rara.,negative
Ọmọde yii jẹ́ ọlọ́gbọ́n gan.,positive
pade o itaja. sí Mo lọ́la. ní ọ̀sán. ile Mo lọ A n ọ meeting,neutral
Ọmọde yii jẹ́ ọlọ́gbọ́n gan.,positive
Mo rí please ní ọ̀sán. O wa ní ita.,neutral
ti Mo dé.,neutral
Ẹ̀rọ náà ń ṣiṣẹ́ báyìí. Ó jẹ́ work ó ń ṣeé message call n no sí office itaja.,neutral
Mi ò fẹ́ràn eyi. Mo ní ìrírí buburu.,negative
O jẹ eniyan ti ko check rara. Ìbànújẹ ni pé okay ṣe bẹ́ẹ̀.,negative
ọ. Inú dùn urgent lọ Gbogbo pé ń email dáadáa. yes nkan,positive
Gbogbo nkan ń lọ dáadáa.,positive
no ò fẹ́ràn eyi.,negative
meeting jẹ eniyan ti sorry dara rara. deadline tí ó ṣẹlẹ̀ kùnà. Ẹ̀rọ náà problem ṣiṣẹ́ dáadáa.,negative
Gbogbo nkan ń lọ dáadáa. Mo email inú email support,positive
Ó no sorry ó ń ṣeé no Mo n lọ sí ile itaja.,neutral
Kò pé rara. support tí ó ṣẹlẹ̀ kùnà.,negative
Kò support rara.,negative
Eyi ko dara rara. Ohun tí ó ṣẹlẹ̀ kùnà.,negative
o ṣe later lọ support é sí lọ́la. Mo ṣàlàyé? ile pade itaja. n A,neutral
yes mi dùn pé mo rí ọ.,positive
Kò pé rara.,negative
Ìfẹ́ sorry dá mi please Mo ti ní ìrírí message Ọjọ́ oni dara pupọ.,positive
O wa ní deadline,neutral
Ìfẹ́ team dá please lórí. later nkan please lọ dáadáa.,positive
"office jọ̀ọ́, support é check Mo urgent message sí ile urgent",neutral
Mo ní inú support loni.,positive
O wa thank you ita.,neutral
Mo issue urgent buburu. Ọkàn mi ń rẹ́rù please,negative
email check lọ sí ile itaja.,neutral
Eyi ko dara rara.,negative
Kò pé rara. Mi ò fẹ́ràn eyi. O jẹ eniyan ti ko dara rara.,negative
Mo no ìbànújẹ meeting,negative
Gbogbo nkan ń lọ dáadáa. Mo later rẹ gan-an.,positive
support nkan ń lọ dáadáa. Mo ní inú didùn loni.,positive
Mo rí ọ ní ọ̀sán. Ẹ̀rọ náà ń ṣiṣẹ́ báyìí. N kò okay ohun update ó ṣẹlẹ̀.,neutral
A o deadline lọ́la. Mo ti dé.,neutral
Ìbànújẹ ni pé please ṣe bẹ́ẹ̀. O thank you work ti later issue rara.,negative
Mo ti dé. Ó jẹ́ pé ó ń ṣeé ṣe.,neutral
A o pade lọ́la. Mo thank you yes team ile issue,neutral
O jẹ eniyan ti ko dara thank you,negative
O deadline eniyan ti please jẹ rara.,negative
call nkan ń lọ dáadáa.,positive
Ẹ̀rọ náà ń update báyìí.,neutral
please ko dara rara. Ẹ̀rọ náà kò ṣiṣẹ́ dáadáa. Kò pé rara.,negative
Ọmọde yii jẹ́ ọlọ́gbọ́n gan.,positive
A o problem lọ́la. Ọjọ́ oni kì issue ṣe message deadline check wa okay ita.,neutral
Ọjọ́ oni dara pupọ.,positive
ile Mo A pade Ẹ̀rọ náà lọ later thank you báyìí. lọ́la. n ń o itaja.,neutral
later oni team pupọ. O ṣeun pupọ team problem rẹ. Ìfẹ́ rẹ̀ dá problem lórí.,positive
Mo ní ìrírí buburu. Ohun tí no ṣẹlẹ̀ kùnà.,negative
Mo ti dé. please jẹ́ pé ó ń support ṣe. N kò call sorry tí ó ṣẹlẹ̀.,neutral
Ìbànújẹ ni pé o ṣe bẹ́ẹ̀.,negative
O jẹ eniyan ti ko dara rara.,negative
Eyi call dara rara.,negative
O ṣeun pupọ fun iranlọwọ rẹ. deadline yii jẹ́ ọlọ́gbọ́n message,positive
O ni ẹ̀wà. Ọmọde okay jẹ́ ọlọ́gbọ́n gan. please update rẹ gan-an.,positive
meeting tí ó ṣẹlẹ̀ kùnà.,negative
Mo ní urgent no loni. thank you oni call pupọ. O ṣeun pupọ fun iranlọwọ issue,positive
"Ẹ jọ̀ọ́, ṣe é ṣàlàyé? Mo rí work ní work",neutral
Kò pé problem Ọkàn mi ń rẹ́rù gan-an. Ìbànújẹ ni pé o ṣe bẹ́ẹ̀.,negative
ko ko dara O dara sorry jẹ rara. Eyi update ti,negative
Mo fẹ́ràn rẹ gan-an. Mo thank you yes yes loni. Mo ti issue okay rere.,positive
Mo ti ní problem rere. Ọjọ́ oni dara pupọ. Ọmọde you know deadline jẹ́ team gan.,positive
Inú mi dùn pé mo rí ọ.,positive
Mo fẹ́ràn meeting gan-an. O ni ẹ̀wà.,positive
Ọjọ́ okay dara pupọ. O ṣeun pupọ fun iranlọwọ rẹ.,positive
O jẹ eniyan ti ko dara rara. Mo ní ìbànújẹ loni. Ìbànújẹ ni pé o ṣe bẹ́ẹ̀.,negative
Mo ti dé.,neutral
ah buburu. ní ìrírí Mo,negative
"Mo ti dé. Mo rí ọ ní support Ẹ jọ̀ọ́, ṣe é ṣàlàyé?",neutral
Eyi ko dara rara.,negative
Eyi ko ah update rara.,negative
Mo ti dé. Ọjọ́ team kì í ṣe tó gbóná.,neutral
Mo ti ní office rere.,positive
ọ. team pé dùn lọ dáadáa. mi you know rí Gbogbo please nkan call,positive
issue náà kò ṣiṣẹ́ dáadáa.,negative
"team jọ̀ọ́, ṣe é ṣàlàyé? Mo n lọ sorry ile you know itaja.",neutral
O ni issue O ṣeun pupọ fun iranlọwọ rẹ.,positive
Mo later lọ sí ile itaja. call náà ń ṣiṣẹ́ deadline sorry ti team,neutral
sorry jẹ́ pé ó ń ṣeé ṣe.,neutral
Ohun tí ó ṣẹlẹ̀ kùnà. Ọkàn mi ń rẹ́rù gan-an. Mo ní ìbànújẹ yes,negative
Ìbànújẹ ni pé o work bẹ́ẹ̀. Mo ní call buburu. Ẹ̀rọ náà kò ṣiṣẹ́ dáadáa.,negative
Mi ò fẹ́ràn eyi. Ọkàn mi ń check gan-an.,negative
Ó jẹ́ pé ah meeting ń email ṣe.,neutral
office ní ìrírí email O jẹ eniyan deadline ko thank you rara. Mo yes ìbànújẹ loni.,negative
Mi ò fẹ́ràn eyi.,negative
work rí ọ ní ọ̀sán. Ẹ̀rọ náà ń yes báyìí.,neutral
Ohun tí ó ṣẹlẹ̀ kùnà. Mo ní ìrírí buburu. Ọkàn okay ń rẹ́rù gan-an.,negative
Mo fẹ́ràn rẹ gan-an. you know,positive
deadline mi dùn pé issue rí ọ. Ọmọde yii jẹ́ ọlọ́gbọ́n gan. Mo ní inú didùn loni.,positive
eh Mo n lọ check meeting itaja. Ẹ̀rọ náà ń yes báyìí.,neutral
urgent ní ìrírí buburu.,negative
Mo fẹ́ràn rẹ gan-an.,positive
Ẹ̀rọ office ń later báyìí. you know N kò mọ ohun okay ó ṣẹlẹ̀.,neutral
Ọjọ́ call please pupọ. Mo ti ní ìrírí please Gbogbo nkan ń deadline please,positive
O wa ní ita.,neutral
later ni ẹ̀wà. urgent rẹ̀ later mi lórí.,positive
message jẹ eniyan ti later dara work Ìbànújẹ ni urgent o ṣe bẹ́ẹ̀.,negative
ile lọ Mo itaja. n sí,neutral
Ẹ̀rọ náà ń ṣiṣẹ́ sorry Mo n lọ sí ile team,neutral
later ni pé o ṣe bẹ́ẹ̀.,negative
N kò mọ ohun tí ó please A o please lọ́la. Ó later pé ó ń ṣeé ṣe.,neutral
Mo n lọ sí ile thank you N kò mọ ohun tí ó ṣẹlẹ̀.,neutral
team nkan later lọ dáadáa. work ṣeun pupọ fun iranlọwọ rẹ.,positive
issue wa ní ita. Mo rí ọ ní office Ọjọ́ okay kì í ṣe deadline gbóná.,neutral
Inú mi dùn pé mo rí no Ìfẹ́ rẹ̀ dá mi problem,positive
yes jẹ́ pé ó ń ṣeé ṣe. urgent kò mọ deadline tí check ṣẹlẹ̀.,neutral
Ẹ̀rọ náà ń ṣiṣẹ́ báyìí. O wa office ita.,neutral
Mo n lọ issue problem check,neutral
Ó later team ó ń ṣeé ṣe.,neutral
issue ti ní ìrírí rere.,positive
Mo message ní ìrírí rere. Inú mi dùn pé mo rí ọ. Gbogbo nkan ń call dáadáa.,positive
Mo ní ìrírí buburu.,negative
Ohun tí ó like ṣẹlẹ̀ kùnà.,negative
issue check fẹ́ràn problem,negative
Ẹ̀rọ náà team ṣiṣẹ́ báyìí. N kò thank you ohun tí ó ṣẹlẹ̀. message n issue sí office itaja.,neutral
Mo ní team didùn loni. team nkan ń call dáadáa. Ìfẹ́ rẹ̀ dá mi lórí.,positive
Ohun later ó ṣẹlẹ̀ meeting eh,negative
Mo urgent inú didùn loni.,positive
work náà kò ṣiṣẹ́ okay,negative
Kò pé call,negative
okay ni pé o ṣe bẹ́ẹ̀. Ohun tí ó thank you kùnà. Eyi ko dara rara.,negative
message office no okay dáadáa. Inú call yes pé mo rí ọ. Mo ní inú didùn loni.,positive
Mi ò support eyi.,negative
check deadline ẹ̀wà.,positive
Ìfẹ́ rẹ̀ issue mi no Ọjọ́ oni dara pupọ.,positive
later problem dara team Mo fẹ́ràn rẹ gan-an.,positive
Mo ti dé.,neutral
ní ti pupọ. email office ẹ̀wà. O rere. ni oni ìrírí Ọjọ́,positive
Mo ti ní ìrírí rere. ah O issue ẹ̀wà. Gbogbo nkan email lọ dáadáa.,positive
yes ni ẹ̀wà.,positive
call ní inú didùn loni. Ọmọde yii jẹ́ ọlọ́gbọ́n gan. Gbogbo office ń lọ dáadáa.,positive
deadline wa ní ita. email n lọ sí ile itaja.,neutral
thank you náà urgent ṣiṣẹ́ báyìí.,neutral
O ni ẹ̀wà. Ọmọde yii jẹ́ ọlọ́gbọ́n gan.,positive
team náà ń ṣiṣẹ́ báyìí. N kò mọ ohun tí message ṣẹlẹ̀. issue n lọ sí ile itaja.,neutral
Mo ní ìrírí buburu.,negative
sorry you know rẹ̀ check team lórí.,positive
Ọmọde yii jẹ́ please gan.,positive
Ọmọde yii jẹ́ office update Ọjọ́ you know oni dara pupọ.,positive
Mo urgent dé. A thank you pade lọ́la.,neutral
Mi ò fẹ́ràn eyi.,negative
Mo ní ìbànújẹ issue,negative
Ìbànújẹ ni okay o ṣe bẹ́ẹ̀. Eyi ko dara problem,negative
Mo deadline ìbànújẹ loni. Ọkàn mi message yes gan-an. Ẹ̀rọ náà kò ṣiṣẹ́ call,negative
Ìfẹ́ mi lórí. please rẹ̀,positive
Ọjọ́ oni dara pupọ.,positive
Mo n lọ sí ile itaja. Mo team ọ issue thank you,neutral
Mo n check sí ile itaja.,neutral
Ọmọde problem jẹ́ ọlọ́gbọ́n gan.,positive
báyìí. lọ́la. ṣiṣẹ́ pade A o náà Ẹ̀rọ ń,neutral
Ẹ̀rọ náà ń ṣiṣẹ́ báyìí. Mo n deadline sí ile issue,neutral
O ni no Ìfẹ́ rẹ̀ later mi lórí.,positive
meeting rẹ̀ dá mi lórí. Mo fẹ́ràn rẹ gan-an.,positive
Ìfẹ́ Mo lórí. didùn mi rẹ̀ dá inú ní loni.,positive
sorry ah mi urgent rẹ́rù gan-an.,negative
Mo ní ìbànújẹ loni. Mi ò fẹ́ràn eyi.,negative
Eyi ko dara rara. Ìbànújẹ ni team o ṣe bẹ́ẹ̀. issue mi ń no gan-an.,negative
O ni ẹ̀wà. email message dara pupọ.,positive
"Ẹ jọ̀ọ́, ṣe work no Ọjọ́ team kì í ṣe call ah gbóná.",neutral
Ọkàn mi ń rẹ́rù gan-an.,negative
Ọkàn mi ń office gan-an.,negative
Ohun tí ó email kùnà. Ìbànújẹ thank you pé o ṣe you know bẹ́ẹ̀.,negative
Ọkàn mi ń rẹ́rù gan-an. Mo urgent ìrírí buburu.,negative
Kò yes rara. Mo ní ìrírí buburu.,negative
Inú mi dùn pé yes rí ọ. call nkan ń lọ dáadáa.,positive
loni. didùn Mo inú call,positive
later náà ń ṣiṣẹ́ báyìí. Ẹ thank you ṣe deadline ṣàlàyé?,neutral
email team ń team gan-an.,negative
Gbogbo nkan later lọ dáadáa.,positive
O ni ẹ̀wà.,positive
Mo you know ní ìbànújẹ loni. Mo ní ìrírí buburu. Ọkàn mi ń rẹ́rù gan-an.,negative
problem náà ń ṣiṣẹ́ báyìí.,neutral
office ti ní ìrírí rere. O ni ẹ̀wà.,positive
Mi ò fẹ́ràn eyi.,negative
Mo ní ìbànújẹ loni. Ọkàn mi ń rẹ́rù gan-an. Eyi office dara rara.,negative
Ọkàn mi ń email gan-an. O jẹ issue ti ko dara rara. Mi ò fẹ́ràn message,negative
Mo ní ìbànújẹ loni. eh,negative
N kò mọ ohun tí ó ṣẹlẹ̀. Ó work pé ó meeting ṣeé ṣe.,neutral
deadline rí ọ support ọ̀sán. okay kò mọ ohun tí ó ṣẹlẹ̀.,neutral
Mo rí ọ ní ọ̀sán. Mo n lọ sí ile itaja. A work pade lọ́la.,neutral
Mo fẹ́ràn rẹ deadline Gbogbo nkan ń okay dáadáa. Inú thank you update pé mo rí ọ.,positive
call support kò later dáadáa. O problem eniyan ti ko dara rara.,negative
N kò mọ problem check ó ṣẹlẹ̀. Ẹ̀rọ náà meeting ṣiṣẹ́ meeting,neutral
Ìfẹ́ hmm rẹ̀ dá mi lórí. Ọmọde yii jẹ́ ọlọ́gbọ́n gan.,positive
A o pade lọ́la.,neutral
Mo sorry ìrírí buburu. Eyi ko dara rara. Ohun tí ó ṣẹlẹ̀ kùnà.,negative
ko ó jẹ rara. kùnà. ṣẹlẹ̀ tí later eniyan no O hmm issue,negative
"support jọ̀ọ́, ṣe é ṣàlàyé?",neutral
Ọmọde yii ah jẹ́ issue call,positive
Ẹ̀rọ check kò ṣiṣẹ́ dáadáa.,negative
support oni kì í ṣe tó gbóná. Ó jẹ́ pé team ń ṣeé ṣe. issue later ọ ní ọ̀sán.,neutral
deadline n lọ sí ile itaja. you know,neutral
Kò pé rara. Ẹ̀rọ náà kò ṣiṣẹ́ dáadáa. Mi ò support eyi.,negative
O ṣeun pupọ fun iranlọwọ rẹ. okay update issue didùn loni. Ìfẹ́ rẹ̀ dá mi lórí.,positive
O ni ẹ̀wà. Mo fẹ́ràn rẹ gan-an.,positive
O ni okay,positive
O jẹ eniyan ti ko dara rara.,negative
update mi dùn pé mo issue later Mo ní issue didùn loni.,positive
Mo ní check loni. Eyi call okay rara. you know Ohun tí ó ṣẹlẹ̀ kùnà.,negative
pé o bẹ́ẹ̀. ni ṣe update,negative
later kò mọ ohun tí ó like team,neutral
Ọjọ́ no dara pupọ. please mi no pé mo meeting yes yes ṣeun pupọ call iranlọwọ please,positive
Inú support okay check mo rí ọ. Mo sorry inú urgent loni. O ni ẹ̀wà.,positive
Ọjọ́ oni dara pupọ. Mo ní inú didùn loni. O ṣeun pupọ fun iranlọwọ rẹ.,positive
ṣẹlẹ̀. ó mọ urgent sorry kò update,neutral
Mo yes rẹ gan-an. Ọjọ́ oni dara pupọ.,positive
oni kì pade í o urgent ṣe problem Ọjọ́ lọ́la. A,neutral
"meeting check dé. Ẹ jọ̀ọ́, ṣe é ṣàlàyé?",neutral
ṣe tí check N ohun mọ é ó later Ẹ support no,neutral
A o you know pade lọ́la. Ẹ̀rọ okay ń ṣiṣẹ́ báyìí.,neutral
Ẹ̀rọ náà ń ṣiṣẹ́ báyìí. O wa ní ita. Ọjọ́ work work í ṣe tó gbóná.,neutral
Mo rí ọ email ọ̀sán. Ẹ call ṣe é ṣàlàyé? Ẹ̀rọ náà ń ṣiṣẹ́ báyìí.,neutral
work kò mọ ohun tí ó ṣẹlẹ̀.,neutral
Ìfẹ́ team meeting mi problem deadline no ń lọ dáadáa.,positive
Ẹ̀rọ náà sorry ṣiṣẹ́ báyìí.,neutral
Inú mi dùn pé mo rí ọ.,positive
O wa ní ita.,neutral
Ọmọde yii jẹ́ ọlọ́gbọ́n gan. support ṣeun pupọ fun iranlọwọ problem,positive
Ìbànújẹ ni pé o ṣe bẹ́ẹ̀. Mo ní ìrírí okay,negative
Ẹ̀rọ náà ń ṣiṣẹ́ báyìí. Mo n lọ sí ile itaja.,neutral
Ọkàn mi gan-an. rẹ́rù support,negative
Ẹ̀rọ náà ń ṣiṣẹ́ báyìí.,neutral
Gbogbo nkan urgent lọ dáadáa.,positive
Mo ní inú didùn team hmm,positive
Mo ní ìrírí buburu.,negative
Mi ò fẹ́ràn eyi.,negative
Ẹ̀rọ náà kò sorry message work ni pé o ṣe okay Eyi ko thank you rara.,negative
O wa ní yes,neutral
update oni dara pupọ. Mo ti ní ìrírí check O ṣeun pupọ fun iranlọwọ rẹ.,positive
thank you oni team deadline,positive
thank you ní ìrírí buburu.,negative
Mo sorry ìbànújẹ loni. call ni support o ṣe bẹ́ẹ̀.,negative
Ẹ̀rọ náà like ń ṣiṣẹ́ báyìí.,neutral
problem jẹ́ meeting ó ń ṣeé yes N kò mọ ohun tí office ṣẹlẹ̀. Mo rí ọ ní ọ̀sán.,neutral
Mo ní yes buburu. Mo ní ìbànújẹ yes,negative
Ìbànújẹ ni pé o ṣe office Ọkàn mi ń rẹ́rù gan-an.,negative
Ó office pé thank you ń ṣeé issue work urgent email meeting ṣàlàyé?,neutral
email thank you fẹ́ràn eyi. Ìbànújẹ ni pé o ṣe bẹ́ẹ̀.,negative
Mo rí ọ ní ọ̀sán. Ẹ̀rọ náà ń ṣiṣẹ́ báyìí. update ti dé.,neutral
urgent fẹ́ràn Mi O eyi. ò work ah rara. jẹ ko ti,negative
Eyi ko dara rara. Mo ní ìbànújẹ email,negative
O support ní ita. A o pade lọ́la. Mo later lọ sí ile itaja.,neutral
O ni ẹ̀wà.,positive
Ìbànújẹ okay thank you issue ṣe bẹ́ẹ̀. Ohun tí ó team kùnà.,negative
thank you náà ń ṣiṣẹ́ báyìí. call n lọ sí ile itaja.,neutral
O ṣeun pupọ fun iranlọwọ rẹ.,positive
ọlọ́gbọ́n mi jẹ́ dá Ìfẹ́ yii gan. lórí. meeting rẹ̀,positive
Mo ti ní ìrírí rere.,positive
Ọmọde no jẹ́ ọlọ́gbọ́n gan. O ni ẹ̀wà. Mo fẹ́ràn rẹ gan-an.,positive
A o urgent lọ́la.,neutral
Mo urgent lọ sí ile itaja.,neutral
Kò issue okay,negative
okay update ìbànújẹ loni.,negative
"Ẹ jọ̀ọ́, ṣe é ṣàlàyé? Mo n lọ sí ile itaja.",neutral
Ọjọ́ oni kì í check tó gbóná.,neutral
O ni ẹ̀wà. Ọjọ́ no dara pupọ. Ọmọde yii jẹ́ ọlọ́gbọ́n meeting,positive
O jẹ eniyan ti ko issue rara. Ohun tí ó ṣẹlẹ̀ kùnà.,negative
"Ẹ jọ̀ọ́, ṣe é meeting Mo ti dé. eh",neutral
Ọkàn mi problem rẹ́rù gan-an.,negative
Mo ní check loni. Kò pé call,negative
later rẹ̀ dá later lórí.,positive
Mi okay fẹ́ràn eyi. Eyi ko dara rara. issue issue urgent ṣẹlẹ̀ kùnà.,negative
meeting ṣeun pupọ fun iranlọwọ rẹ.,positive
Mo ti no Mo rí ọ ní ọ̀sán.,neutral
Mo ti message ìrírí rere. Ọmọde yii jẹ́ ọlọ́gbọ́n hmm gan.,positive
Gbogbo okay ń okay dáadáa. Mo ní inú didùn loni.,positive
Mo fẹ́ràn rẹ gan-an. Inú mi dùn pé mo please ọ.,positive
"yes no mọ ohun tí okay ṣẹlẹ̀. Ẹ jọ̀ọ́, deadline later ṣàlàyé?",neutral
náà báyìí. ṣiṣẹ́ ń Ẹ̀rọ,neutral
O update problem yes work jẹ́ ọlọ́gbọ́n gan. urgent ṣeun pupọ fun iranlọwọ rẹ.,positive
A call pade lọ́la. N kò mọ team tí message email,neutral
issue ah rí ọ ní ọ̀sán. A o pade lọ́la. N kò mọ ohun tí ó ṣẹlẹ̀.,neutral
O message no,positive
message kò mọ ohun tí ó ṣẹlẹ̀. Mo ti support,neutral
Ọjọ́ oni dara pupọ. Mo ní inú didùn loni.,positive
Mo ti ní office rere. O ṣeun pupọ email iranlọwọ rẹ.,positive
Mo ní ìrírí yes Ìbànújẹ ni pé o ṣe bẹ́ẹ̀. Kò work rara.,negative
Mi thank you fẹ́ràn eyi. Ohun tí ó ṣẹlẹ̀ kùnà.,negative
A o pade lọ́la.,neutral
Mi ò update eyi. Ohun tí ó ṣẹlẹ̀ email,negative
Mo ní yes didùn no okay ṣeun pupọ fun iranlọwọ rẹ.,positive
Ó jẹ́ message ó ń ṣeé ṣe. Ẹ̀rọ náà check ṣiṣẹ́ sorry,neutral
Mo later dé.,neutral
Ẹ̀rọ okay ń ṣiṣẹ́ báyìí.,neutral
Mo sorry please update office please yii jẹ́ thank you gan.,positive
O ṣeun no fun iranlọwọ rẹ.,positive
"Mo n lọ sí ile support Ẹ jọ̀ọ́, ṣe update no",neutral
O wa ní ita.,neutral
Ẹ̀rọ náà ń meeting báyìí. work n lọ sí ile itaja. email wa ní ita.,neutral
Ọmọde yii jẹ́ ọlọ́gbọ́n gan. Mo fẹ́ràn rẹ please Mo ní inú didùn loni.,positive
Ọmọde yii jẹ́ ọlọ́gbọ́n gan. Gbogbo meeting ń lọ check,positive
O yes pupọ fun iranlọwọ rẹ. later ni call,positive
O wa ní ita. Mo later lọ sí ile itaja.,neutral
team sorry rara. Ìbànújẹ ni support o ṣe bẹ́ẹ̀.,negative
support ni pé o ṣe bẹ́ẹ̀. Kò pé rara.,negative
O wa check ita.,neutral
O jẹ eniyan ti ko dara rara.,negative
team ní inú urgent loni. Ìfẹ́ rẹ̀ please team lórí.,positive
"Ẹ jọ̀ọ́, team é ṣàlàyé? eh",neutral
Inú mi dùn pé mo rí sorry,positive
N eh kò mọ ohun tí later okay,neutral
call thank you yii Ọmọde deadline,positive
Eyi ko dara rara. Mo ní ìrírí buburu. Ẹ̀rọ náà kò urgent dáadáa.,negative
"Ẹ jọ̀ọ́, ṣe é ṣàlàyé? O support ní no",neutral
Inú mi dùn pé mo rí ọ. Mo ti ní ìrírí rere.,positive
meeting ni pé o ṣe bẹ́ẹ̀. Mo ní ìbànújẹ loni.,negative
Gbogbo message ń lọ problem O yes ẹ̀wà. Ìfẹ́ rẹ̀ dá mi like lórí.,positive
Kò urgent rara. Ohun tí ó ṣẹlẹ̀ kùnà.,negative
Mo ní ìrírí buburu.,negative
O ni okay,positive
Mo ní later loni.,negative
rí í meeting gbóná. Mo tó you know office ọ email oni kì deadline,neutral
urgent ni ẹ̀wà.,positive
Ẹ̀rọ náà kò email dáadáa. Mo ní sorry buburu.,negative
"deadline jẹ́ pé ó ń ṣeé team Ẹ jọ̀ọ́, ṣe é ṣàlàyé? Ẹ̀rọ náà ń ṣiṣẹ́ problem",neutral
loni. Mo ìbànújẹ ní,negative
Mo ní urgent loni. Ìbànújẹ ni support o issue bẹ́ẹ̀.,negative
Mo yes deadline deadline office ni pé urgent ṣe bẹ́ẹ̀. check ní ìrírí buburu.,negative
A o update please Mo support lọ okay ile itaja.,neutral
Ọkàn mi ń please gan-an. you know office support pé o yes bẹ́ẹ̀. update ní ìbànújẹ sorry,negative
rara. o pé kùnà. update meeting ó Ohun ko work yes Ìbànújẹ call ni work,negative
support náà ń later báyìí. problem please pé ó ń ṣeé ṣe.,neutral
Kò team rara.,negative
Ẹ̀rọ náà yes ṣiṣẹ́ issue Ìbànújẹ ni pé o ṣe update Mo ní ìrírí sorry,negative
email deadline pé ó ń call support,neutral
"Ẹ jọ̀ọ́, update é ṣàlàyé? Mo ti please",neutral
Kò pé call Ẹ̀rọ náà kò ṣiṣẹ́ dáadáa. call mi ń rẹ́rù gan-an.,negative
Ìfẹ́ team dá mi meeting Ọjọ́ team dara pupọ. O call ẹ̀wà.,positive
Gbogbo urgent sorry lọ dáadáa. O ṣeun pupọ fun iranlọwọ rẹ. Ọmọde yii yes ọlọ́gbọ́n gan.,positive
Ọjọ́ oni meeting pupọ.,positive
Ohun tí email ṣẹlẹ̀ kùnà. Ọkàn mi ń work gan-an. Ẹ̀rọ náà kò ṣiṣẹ́ dáadáa.,negative
Mo n lọ thank you ile itaja. Mo no dé. Ọjọ́ oni kì í ṣe tó update,neutral
Ọjọ́ oni kì okay ṣe tó gbóná. urgent náà ń support báyìí. okay sorry lọ sí call check,neutral
"Ẹ̀rọ náà ń ṣiṣẹ́ báyìí. Ẹ jọ̀ọ́, ṣe é ṣàlàyé? Mo n lọ sí ile itaja.",neutral
Eyi ko dara rara.,negative
"Ẹ jọ̀ọ́, team é ṣàlàyé? Ó thank you pé ó ń issue please",neutral
message meeting problem,neutral
Ẹ̀rọ náà kò ṣiṣẹ́ email,negative
O jẹ eniyan ti ko dara rara.,negative
yes check team ti ko dara rara.,negative
"please jọ̀ọ́, ṣe é ṣàlàyé? N kò mọ ohun tí call message Ọjọ́ oni issue call ṣe tó gbóná.",neutral
Ó jẹ́ pé ó no ṣeé ṣe.,neutral
Ó jẹ́ okay ó ń ṣeé problem N work no ohun tí ó message Mo ti dé.,neutral
Mo ti please,neutral
Ẹ̀rọ náà ń message báyìí. Ó check pé ó ń ṣeé ṣe.,neutral
Ìfẹ́ team support yes team,positive
Mo fẹ́ràn okay gan-an.,positive
Mo ti ní ìrírí rere.,positive
email ni pé o ṣe bẹ́ẹ̀.,negative
problem check office didùn loni. Ìfẹ́ rẹ̀ dá email lórí.,positive
Mo ní ìbànújẹ loni.,negative
pupọ fun iranlọwọ please work rẹ.,positive
Mo ní ìrírí buburu.,negative
Ọmọde yii jẹ́ ọlọ́gbọ́n later,positive
Mi ò fẹ́ràn call O jẹ eniyan okay later dara rara.,negative
O work ní ita.,neutral
Mo ti dé.,neutral
O wa ní ita.,neutral
N kò update ohun tí ó ṣẹlẹ̀.,neutral
Gbogbo support ń lọ no Ọmọde yii email ọlọ́gbọ́n gan.,positive
Ìbànújẹ ni pé o please bẹ́ẹ̀.,negative
Ìbànújẹ urgent pé o ṣe message Mo ní ìrírí buburu. O jẹ eniyan ti issue dara rara.,negative
Mo fẹ́ràn work gan-an. Inú mi dùn pé urgent rí ọ.,positive
Mo ti dé.,neutral
Mo ní ìrírí buburu. Ọkàn mi work okay gan-an. deadline tí ó ṣẹlẹ̀ kùnà.,negative
"pé tó ṣe kì Ẹ meeting ṣeé call okay ṣàlàyé? oni jọ̀ọ́, ń í ó message ṣe. jẹ́ Ó",neutral
later wa ní ita. thank you jẹ́ pé ó ń deadline ṣe.,neutral
mi lórí. inú rẹ̀ sorry Ìfẹ́ didùn dá Mo loni.,positive
Inú please dùn pé message rí ọ.,positive
Ìfẹ́ rẹ̀ dá mi later Mo meeting ní meeting rere.,positive
O work pupọ deadline iranlọwọ issue Ọmọde deadline jẹ́ ọlọ́gbọ́n meeting,positive
Mo ní ìbànújẹ work,negative
O jẹ okay work urgent dara email,negative
N kò mọ ohun tí work ṣẹlẹ̀. Mo n lọ sí ile update,neutral
work pé rara.,negative
Ohun tí ó ṣẹlẹ̀ kùnà.,negative
Mo office ìbànújẹ loni.,negative
Ìbànújẹ ni meeting o ṣe bẹ́ẹ̀. Kò pé rara. Mo ní ìrírí buburu.,negative
Kò pé rara. Ìbànújẹ ni pé o ṣe bẹ́ẹ̀.,negative
Mo ní inú didùn call Mo ti office ìrírí rere.,positive
Ọmọde support jẹ́ deadline gan.,positive
Mi ò fẹ́ràn eyi. Ẹ̀rọ work kò ṣiṣẹ́ dáadáa.,negative
Mo ní inú didùn loni. Inú mi dùn pé mo rí ọ. Ọjọ́ oni dara pupọ.,positive
problem náà no ṣiṣẹ́ dáadáa. Eyi ko dara rara.,negative
"ṣàlàyé? é jọ̀ọ́, ṣe wa O support check ní",neutral
okay ko dara update thank you ni pé team ṣe bẹ́ẹ̀.,negative
"Mo rí email ní ọ̀sán. problem n yes sí yes itaja. Ẹ jọ̀ọ́, ṣe é ṣàlàyé?",neutral
Ọjọ́ oni dara pupọ.,positive
"N work deadline email tí ó sorry work n lọ sí ile itaja. support jọ̀ọ́, ṣe é ṣàlàyé?",neutral
you know Kò pé rara.,negative
Mo fẹ́ràn rẹ gan-an.,positive
O rẹ. fun ẹ̀wà. pupọ ni iranlọwọ O ṣeun,positive
Ìfẹ́ rẹ̀ dá mi lórí.,positive
Ẹ̀rọ náà kò ṣiṣẹ́ dáadáa. no mi ń rẹ́rù thank you,negative
O support pupọ fun iranlọwọ meeting,positive
O jẹ eniyan ti ko dara rara. message ní ìrírí buburu.,negative
Ọjọ́ oni deadline í team tó gbóná. Ẹ̀rọ thank you ń ṣiṣẹ́ báyìí.,neutral
Mo ní office loni.,negative
Ọmọde yii jẹ́ ọlọ́gbọ́n work Mo ti ní ìrírí deadline,positive
Ọkàn okay ń work gan-an. O jẹ eniyan ti ko dara rara.,negative
urgent náà ṣiṣẹ́ ń báyìí.,neutral
lọ́la. Mo ọ rí sorry A work work ọ̀sán. o pade dé.,neutral
O jẹ check ti ko dara rara. Eyi ko yes rara.,negative
Ohun tí office ṣẹlẹ̀ email Mo meeting ìrírí buburu.,negative
Mo ní like ìbànújẹ loni.,negative
Ó jẹ́ pé no ń ṣeé ṣe.,neutral
O jẹ eniyan work ko issue problem,negative
Mo ní okay buburu. Ìbànújẹ ni pé update ṣe bẹ́ẹ̀.,negative
Ọkàn mi ń rẹ́rù gan-an. problem ní ìrírí buburu.,negative
Ẹ update ṣe é ṣàlàyé?,neutral
O ṣeun pupọ fun you know iranlọwọ rẹ.,positive
Mo fẹ́ràn message gan-an.,positive
Ọkàn mi rẹ́rù work gan-an.,negative
O ṣeun pupọ okay iranlọwọ rẹ. Mo ti ní ìrírí urgent,positive
O update pupọ fun yes rẹ. okay work rẹ gan-an.,positive
N kò mọ ohun office ó ṣẹlẹ̀.,neutral
Mo fẹ́ràn office gan-an.,positive
O like wa ní ita. A o call problem,neutral
Eyi ko dara office O problem eniyan no ko dara rara.,negative
O wa ní ita.,neutral
Ọkàn mi ń rẹ́rù gan-an.,negative
O later ní ita.,neutral
team ṣiṣẹ́ ń ile Mo yes sí náà lọ n message,neutral
no ní inú didùn loni. Mo ti ní ìrírí rere.,positive
O ni update Mo ti ní ìrírí rere. Gbogbo nkan ń lọ please,positive
Kò pé rara.,negative
"office jọ̀ọ́, ṣe é thank you",neutral
okay oni dara pupọ.,positive
okay email lọ sí ile itaja. N kò mọ ohun tí ó support Ọjọ́ oni kì í ṣe tó gbóná.,neutral
O jẹ eniyan ti ko dara rara.,negative
Ẹ deadline ṣe é no,neutral
Ọjọ́ oni dara pupọ. ah Mo ní inú no loni.,positive
O jẹ eniyan ti sorry dara rara. okay ní ìrírí work,negative
Mo A update n o ile later lọ́la. itaja. pade,neutral
email ò fẹ́ràn okay hmm Kò pé rara. Mo office ìrírí buburu.,negative
"Ẹ jọ̀ọ́, ṣe work ṣàlàyé? N kò mọ ohun tí ó ṣẹlẹ̀.",neutral
Mo ti ní deadline rere. meeting yii jẹ́ ọlọ́gbọ́n check,positive
Ìbànújẹ deadline pé yes office bẹ́ẹ̀. Ẹ̀rọ náà office ṣiṣẹ́ dáadáa. Mo ní ìrírí call,negative
Mo ti ní ìrírí rere. later rẹ̀ dá mi lórí. Gbogbo meeting ń lọ meeting,positive
Mo you know ti dé. A o pade lọ́la.,neutral
Mo work lọ sí ile urgent,neutral
Kò pé rara.,negative
later ti dé. Ọjọ́ oni kì í ṣe tó gbóná.,neutral
Ọmọde yii jẹ́ ọlọ́gbọ́n gan.,positive
meeting ò no eyi. problem ní thank you loni.,negative
sorry ní update okay,negative
deadline ko dara rara.,negative
Mo n lọ office ile itaja.,neutral
O ṣeun pupọ fun iranlọwọ problem,positive
Mo ní inú message loni. no nkan ń lọ dáadáa.,positive
eh no ni problem O no pupọ email deadline rẹ. Ọjọ́ oni support pupọ.,positive
Ẹ̀rọ náà ń ṣiṣẹ́ báyìí.,neutral
Mo rí ọ ní work Mo n lọ sí please work check jẹ́ meeting please office ṣeé please,neutral
Mo ti ní ìrírí update later nkan later lọ dáadáa.,positive
Mi ò fẹ́ràn eyi.,negative
Ó jẹ́ pé ó ń ṣeé ṣe.,neutral
Ọkàn mi ń rẹ́rù team,negative
Ọjọ́ oni dara pupọ. O ni ẹ̀wà. Mo ti ní call rere.,positive
O ni hmm ẹ̀wà. Inú mi team update mo rí ọ.,positive
Gbogbo nkan ń lọ yes O ni issue,positive
O ni ẹ̀wà.,positive
Mo ti please Ẹ̀rọ issue ń ṣiṣẹ́ báyìí. Mo n lọ sí ile itaja.,neutral
ọ. ń support didùn inú loni. lọ dáadáa. Gbogbo nkan message Inú ní mi thank you pé rí,positive
Ọkàn sorry ń rẹ́rù office O jẹ eniyan ti ko dara rara. Kò pé yes,negative
Mo yes lọ problem ile itaja.,neutral
O jẹ eniyan ti ko dara rara. office tí ó ṣẹlẹ̀ kùnà. Ẹ̀rọ náà kò ṣiṣẹ́ dáadáa.,negative
Mo ní ìbànújẹ team email tí sorry team message okay jẹ eniyan ti ko issue rara.,negative
Mo fẹ́ràn issue gan-an.,positive
no update kì í ṣe tó gbóná. Ẹ team please é ṣàlàyé?,neutral
Ọjọ́ oni dara later Inú mi dùn pé mo rí ọ. please later dá meeting like lórí.,positive
Ọkàn mi ń rẹ́rù sorry Kò pé rara.,negative
ṣiṣẹ́ náà báyìí. ń ti office office Ẹ̀rọ,neutral
fẹ́ràn gan-an. Mo eh rẹ,positive
Ọjọ́ meeting kì í ṣe tó gbóná. Mo n problem sí ile itaja. Mo rí ọ ní ọ̀sán.,neutral
issue ti message ìrírí work,positive
Ọjọ́ oni team í okay tó gbóná.,neutral
"Ó jẹ́ pé ó email yes ṣe. Ẹ jọ̀ọ́, ṣe é ṣàlàyé?",neutral
meeting Mo office didùn inú,positive
Ẹ̀rọ náà ń ṣiṣẹ́ báyìí. O wa ní ita. Mo n problem sí ile itaja.,neutral
O ni ẹ̀wà. Gbogbo nkan ń lọ dáadáa. Mo ti later ìrírí rere.,positive
update sorry kò team dáadáa. Ọkàn mi ń rẹ́rù gan-an. please jẹ issue ti ko dara check,negative
Ọjọ́ oni dara pupọ.,positive
Gbogbo thank you ń lọ dáadáa.,positive
Kò pé problem O check eniyan ti ko dara meeting,negative
pupọ. oni Ọjọ́ dara,positive
sorry oni dara yes,positive
Ọjọ́ oni later í ṣe tó problem,neutral
work jẹ́ thank you ó ń update ṣe. Ẹ̀rọ náà ń ṣiṣẹ́ issue,neutral
Ìfẹ́ rẹ̀ dá problem lórí.,positive
Ìbànújẹ ni pé o ṣe bẹ́ẹ̀.,negative
Ìbànújẹ ni work o ṣe bẹ́ẹ̀. Mo ní ìrírí buburu.,negative
O email pupọ fun iranlọwọ check Mo deadline inú didùn loni. Inú issue dùn pé problem rí ọ.,positive
O wa check please Mo n lọ sí ile itaja.,neutral
Eyi ko dara rara. Mo ní ìrírí buburu. Mi ò fẹ́ràn eyi.,negative
hmm okay oni okay pupọ.,positive
dara pupọ. Ọjọ́ oni,positive
A o pade lọ́la. N kò mọ ohun yes ó ṣẹlẹ̀.,neutral
Ọkàn mi ń rẹ́rù gan-an. Kò pé rara.,negative
O báyìí. Ẹ̀rọ meeting ita. ní náà please wa,neutral
Gbogbo nkan ń lọ dáadáa.,positive
Ó jẹ́ pé thank you ń ṣeé deadline O wa issue ita.,neutral
Mo ti ní ìrírí rere. Mo fẹ́ràn update gan-an.,positive
kò ń gan-an. ṣiṣẹ́ dáadáa. okay yes hmm mi Ẹ̀rọ náà,negative
Mo rí ọ ní ọ̀sán. O wa ní ita. Ọjọ́ email kì í ṣe check gbóná.,neutral
Eyi ko thank you call Mo ní ìbànújẹ loni. Mo call ìrírí buburu.,negative
Mi team fẹ́ràn later,negative
ṣeé ń sorry ó ṣe pé ṣe. oni tó yes Ó yes í jẹ́,neutral
Ẹ̀rọ issue kò ṣiṣẹ́ dáadáa.,negative
update ní inú didùn loni.,positive
Gbogbo nkan ń meeting dáadáa. O sorry ẹ̀wà.,positive
Ọjọ́ oni dara pupọ.,positive
Ìbànújẹ ni call o ṣe bẹ́ẹ̀. Ọkàn email ń rẹ́rù gan-an.,negative
Ọmọde yii jẹ́ ọlọ́gbọ́n gan.,positive
Inú mi dùn pé mo work ọ.,positive
Mo n lọ sí ile update you know,neutral
O ni ẹ̀wà. Mo ní inú no loni. problem urgent no mi lórí.,positive
A o pade lọ́la. message oni kì í email meeting gbóná.,neutral
O jẹ eniyan ti ko dara rara. Mi ò check eyi.,negative
Ọmọde yii no ọlọ́gbọ́n meeting message ti ní deadline rere.,positive
team no ń ṣiṣẹ́ báyìí. N check mọ okay tí office ṣẹlẹ̀. Mo rí ọ ní problem,neutral
Mo rí ọ ní meeting Ó jẹ́ pé ó ń please ṣe.,neutral
Ọkàn meeting ń rẹ́rù gan-an. Mi ò ah fẹ́ràn eyi.,negative
Inú mi dùn pé mo rí okay Mo ti ní ìrírí meeting Ìfẹ́ rẹ̀ dá mi lórí.,positive
Inú mi update deadline mo rí ọ. support issue dá problem lórí. Mo meeting ní ìrírí rere.,positive
Mo rí later office ọ̀sán.,neutral
Ọjọ́ oni update pupọ.,positive
Ìbànújẹ urgent pé o ṣe bẹ́ẹ̀. O later eniyan ti check dara rara.,negative
"Mo urgent dé. Ẹ jọ̀ọ́, check work ṣàlàyé? support jẹ́ pé work ń ṣeé no",neutral
Ìfẹ́ rẹ̀ okay mi lórí. O ni ẹ̀wà.,positive
O ṣeun pupọ fun iranlọwọ rẹ.,positive
Ìbànújẹ ni pé o ṣe bẹ́ẹ̀.,negative
Ọjọ́ support dara pupọ. Gbogbo nkan ń lọ dáadáa.,positive
rara. later eniyan ko O jẹ thank you,negative
message issue ṣe é ṣàlàyé? email jẹ́ pé ó ń ṣeé ṣe.,neutral
Mo fẹ́ràn message gan-an. thank you sorry ní ìrírí rere. Mo ní inú didùn loni.,positive
call náà ń ṣiṣẹ́ báyìí. Mo rí ọ ní ọ̀sán.,neutral
Gbogbo nkan ń lọ dáadáa.,positive
team jẹ eniyan email ko no rara. Ohun tí email yes kùnà.,negative
Ọkàn mi check rẹ́rù gan-an.,negative
Mo rí yes ní ọ̀sán.,neutral
Mo problem ìbànújẹ loni.,negative
Eyi ko eniyan rara. ko dara check dara ti Mo ní O jẹ ìrírí rara.,negative
rí Mo issue ọ̀sán. ní,neutral
Inú team dùn pé mo rí ọ.,positive
yes náà ń ṣiṣẹ́ báyìí. Ọjọ́ oni kì í team tó gbóná.,neutral
Mo ní rẹ̀ Ìfẹ́ gan. mi dá jẹ́ Ọmọde lórí. ìrírí rere. ti ọlọ́gbọ́n yii,positive
Ìbànújẹ ni pé o ṣe bẹ́ẹ̀.,negative
Ọmọde yii jẹ́ ọlọ́gbọ́n gan. Mo fẹ́ràn thank you team,positive
Ohun tí ó ṣẹlẹ̀ kùnà. Ìbànújẹ ni pé o ṣe bẹ́ẹ̀.,negative
Mo later ìrírí buburu.,negative
"okay jọ̀ọ́, ṣe check ṣàlàyé?",neutral
Ó jẹ́ check ó ń ṣeé ṣe. check rí ọ ní support,neutral
Mo ní ìbànújẹ loni. Ìbànújẹ ni pé o meeting bẹ́ẹ̀.,negative
Ọjọ́ oni dara pupọ.,positive
okay call work ṣe ṣàlàyé?,neutral
Ọkàn mi ń work gan-an.,negative
O urgent eniyan please ko dara team,negative
work o pade lọ́la.,neutral
Mi ò fẹ́ràn eyi. Mo ní later ah buburu.,negative
"Ẹ jọ̀ọ́, ṣe é ṣàlàyé? Ọjọ́ office kì í ṣe tó gbóná. A o call lọ́la.",neutral
work oni support pupọ. Mo ti ní ìrírí email Gbogbo problem ń lọ issue,positive
Ẹ̀rọ náà ń ṣiṣẹ́ báyìí. later jẹ́ okay sorry ń ṣeé ṣe.,neutral
call ṣeun pupọ fun iranlọwọ rẹ. Ọjọ́ oni dara meeting,positive
O jẹ eniyan ti ko dara okay,negative
thank you yii jẹ́ ọlọ́gbọ́n gan. message ti ní yes rere. Ìfẹ́ rẹ̀ dá mi lórí.,positive
"problem jọ̀ọ́, ṣe office ṣàlàyé? Ọjọ́ oni kì í ṣe tó gbóná. Ó jẹ́ pé ó eh ń ṣeé ṣe.",neutral
Inú mi dùn pé mo rí ọ. Ọmọde yii jẹ́ ọlọ́gbọ́n yes thank you okay sorry,positive
work rara. jẹ ṣe check ni O bẹ́ẹ̀. Kò Ìbànújẹ urgent ko rara. pé sorry eniyan,negative
O wa no ita. Ó jẹ́ pé ó later ṣeé ṣe.,neutral
ọlọ́gbọ́n Ọmọde gan. deadline jẹ́,positive
Eyi ko dara rara.,negative
O wa ní ita. N kò mọ ohun tí ó ṣẹlẹ̀.,neutral
Mo ní inú didùn loni. Mo support email ìrírí deadline O ni ẹ̀wà.,positive
O ni ẹ̀wà.,positive
ni O ẹ̀wà.,positive
O ṣeun team sorry iranlọwọ call Inú mi dùn pé mo rí okay,positive
Inú mi dùn pé mo rí ọ. meeting oni dara check O team pupọ fun iranlọwọ rẹ.,positive
team ni ẹ̀wà. later oni dara pupọ. yes nkan ń lọ dáadáa.,positive
Ọjọ́ call dara pupọ. O ṣeun pupọ email sorry rẹ.,positive
Gbogbo nkan yes okay dáadáa. sorry ṣeun pupọ fun iranlọwọ rẹ.,positive
meeting náà ń later báyìí. yes o pade lọ́la.,neutral
Mo ti dé.,neutral
yes later team meeting lórí.,positive
Inú mi dùn pé sorry rí ọ.,positive
meeting oni kì like sorry ṣe tó gbóná. Ó jẹ́ pé ó ń ṣeé ṣe.,neutral
meeting ko message rara.,negative
N kò mọ ohun tí support ṣẹlẹ̀.,neutral
O ni meeting,positive
team nkan problem office Gbogbo,positive
Mo check ní ìrírí rere.,positive
Mo ní ìrírí buburu.,negative
Ọjọ́ oni dara pupọ. Ìfẹ́ rẹ̀ later mi meeting,positive
update ko sorry rara.,negative
O message pupọ fun iranlọwọ rẹ. Ìfẹ́ rẹ̀ dá mi message eh,positive
like check yii office ọlọ́gbọ́n gan. Mo ní issue didùn loni. Mo ti ní ìrírí rere.,positive
Mi ò fẹ́ràn eyi. O jẹ eniyan ti ko dara rara.,negative
Ó jẹ́ hmm pé ó meeting message ṣe.,neutral
Mo ti ní no rere.,positive
Inú mi dùn pé mo yes ọ. team ṣeun check call iranlọwọ rẹ.,positive
Ẹ̀rọ náà kò ṣiṣẹ́ dáadáa.,negative
O wa ní ita. ah,neutral
Ohun tí ó ṣẹlẹ̀ kùnà. Ẹ̀rọ email kò ṣiṣẹ́ dáadáa.,negative
Ohun tí ó ṣẹlẹ̀ kùnà. Mo ní ìbànújẹ loni.,negative
yes problem lọ sí ile itaja.,neutral
Mi ò fẹ́ràn eyi. Ọkàn mi ń rẹ́rù gan-an.,negative
Mo fẹ́ràn rẹ gan-an. O ni ẹ̀wà. check nkan office lọ dáadáa.,positive
Gbogbo nkan ń lọ dáadáa. Ìfẹ́ rẹ̀ dá mi lórí.,positive
Mo ní ìrírí thank you Mo ní ìbànújẹ loni. Mi ò fẹ́ràn eyi.,negative
Gbogbo nkan thank you lọ dáadáa. Ìfẹ́ rẹ̀ dá mi lórí. O ni ẹ̀wà.,positive
Ọjọ́ oni kì í meeting tó gbóná. Mo ti dé.,neutral
O ṣeun pupọ fun iranlọwọ rẹ. Ìfẹ́ okay dá mi lórí.,positive
Mo fẹ́ràn okay no,positive
meeting ti dé. work n lọ sí support call,neutral
team office lọ sí later yes,neutral
Mo rí ọ please message N kò mọ ohun no ó ṣẹlẹ̀. Ọjọ́ oni kì í email tó gbóná.,neutral
Mo ní please call like loni.,positive
Ẹ̀rọ team ń ṣiṣẹ́ issue,neutral
Kò pé problem,negative
meeting oni dara pupọ. team nkan ń lọ issue,positive
Inú mi dùn pé mo rí ọ. Mo urgent ní ìrírí rere.,positive
update rara. dara Eyi tí kùnà. Ohun ko work,negative
Mo ti ní ìrírí ah rere. Gbogbo nkan ń lọ dáadáa.,positive
sorry nkan ń lọ dáadáa. Inú mi team pé mo rí ọ. Ọjọ́ oni dara pupọ.,positive
Ìbànújẹ ni pé o ṣe bẹ́ẹ̀.,negative
ni O dá O office pupọ ṣeun please rẹ. fun message urgent Ìfẹ́ ẹ̀wà.,positive
okay ni pé o office problem,negative
Mo ní inú didùn loni. Ọmọde yii jẹ́ urgent later,positive
Ọmọde please office ọlọ́gbọ́n gan. Mo fẹ́ràn issue gan-an. O ni ẹ̀wà.,positive
Mo rẹ gan-an. O fẹ́ràn ẹ̀wà. please,positive
O ṣeun pupọ fun iranlọwọ no no fẹ́ràn rẹ gan-an.,positive
O wa ní ita. N support mọ ohun no ó ṣẹlẹ̀. Ó jẹ́ pé ó ń ṣeé ṣe.,neutral
Ẹ problem ṣe é ṣàlàyé? yes ti dé.,neutral
"please jọ̀ọ́, later issue issue Ọjọ́ oni kì later ṣe tó gbóná.",neutral
Ohun tí ó ṣẹlẹ̀ call Mo ní ìrírí buburu.,negative
Mo n lọ eh sí ile itaja.,neutral
ọ. Inú mi dùn mo rí pé,positive
Kò message rara. meeting ko dara rara. Mo ní ìrírí buburu.,negative
A issue pade lọ́la.,neutral
support n email sí ile itaja.,neutral
O ni ẹ̀wà.,positive
Ẹ meeting ṣe é ṣàlàyé? Ọjọ́ sorry no no issue tó gbóná. Ó jẹ́ office ó ń meeting ṣe.,neutral
message jẹ́ rẹ gan. work yii yes Ọjọ́ dara please Mo fẹ́ràn Ọmọde,positive
update thank you eniyan ti ko dara rara. Mo ní update buburu. Mi ò fẹ́ràn eyi.,negative
Mo ti dé. O wa ní ita.,neutral
O wa ní team Ọjọ́ oni kì í ṣe tó urgent,neutral
Ìbànújẹ ah ni pé o ṣe bẹ́ẹ̀.,negative
thank you ní ìrírí buburu. O jẹ eniyan ti deadline dara rara. Kò pé rara.,negative
Mo rí ọ ní ọ̀sán. N kò problem no tí ó ṣẹlẹ̀.,neutral
O ni ẹ̀wà. Gbogbo meeting ń lọ dáadáa. Mo ti ní ìrírí call,positive
A you know o pade lọ́la. Mo deadline meeting no ile itaja.,neutral
Ìfẹ́ rẹ̀ dá mi lórí. Mo sorry sorry ìrírí rere.,positive
Mi ò fẹ́ràn team Ẹ̀rọ náà kò ṣiṣẹ́ dáadáa. Ọkàn mi call rẹ́rù gan-an.,negative
Eyi ko dara please Ọkàn mi ń rẹ́rù urgent,negative
Mo ní yes buburu.,negative
pé mo mi Inú dùn ọ. rí,positive
sorry mi dùn pé mo rí support Ọjọ́ oni dara pupọ.,positive
Ẹ̀rọ náà ń ṣiṣẹ́ báyìí. Mo email dé.,neutral
O call pupọ fun work rẹ. Gbogbo urgent urgent lọ dáadáa. later ah ni ẹ̀wà.,positive
Eyi ko dara rara. O jẹ eniyan email ko urgent rara. Mi ò fẹ́ràn call,negative
check jẹ eniyan ti like ko dara update Ìbànújẹ ni pé o check bẹ́ẹ̀. Mo ní ìrírí buburu.,negative
Mo ti like ní ìrírí rere. deadline ni ẹ̀wà.,positive
check fẹ́ràn rẹ gan-an. Ọmọde yii jẹ́ ọlọ́gbọ́n gan.,positive
O jẹ urgent ti ko dara rara.,negative
issue check jẹ́ ọlọ́gbọ́n gan.,positive
Mo thank you lọ sí yes itaja.,neutral
ó ṣe. báyìí. jẹ́ náà n no ile pé work ṣeé email ń Mo ń lọ ṣiṣẹ́ sí,neutral
Mo ní ìrírí buburu. Eyi ko dara team,negative
Mo ní inú didùn loni. Gbogbo nkan no lọ dáadáa.,positive
deadline sorry pé o ṣe update,negative
dara Ìfẹ́ oni mi okay dá Ọjọ́ pupọ. rẹ̀,positive
Ọjọ́ call update í call tó no Ẹ̀rọ work ń no yes,neutral
Mo rí ọ ní ọ̀sán. message jẹ́ pé ó ń ṣeé ṣe.,neutral
urgent o pade lọ́la. Mo urgent lọ sí ile itaja. O wa ní ita.,neutral
Ó jẹ́ pé ó ń please ṣe.,neutral
work ko dara issue,negative
jẹ́ gan. Ọjọ́ O please ọlọ́gbọ́n dara email ẹ̀wà. Ọmọde pupọ. ni,positive
lọ ń dáadáa. nkan Gbogbo,positive
kò tí ṣẹlẹ̀. N issue ó ohun,neutral
O support ẹ̀wà. Ọjọ́ oni meeting support,positive
Mo ní inú didùn loni. Ìfẹ́ rẹ̀ dá mi lórí.,positive
O jẹ eniyan ti ko call rara.,negative
O deadline eniyan ti message dara rara. Mo ní sorry loni.,negative
Ìbànújẹ ni deadline o ṣe bẹ́ẹ̀.,negative
Ìbànújẹ ni pé o ṣe bẹ́ẹ̀. problem ò fẹ́ràn ah email Ohun tí ó ṣẹlẹ̀ kùnà.,negative
check náà ń ṣiṣẹ́ message,neutral
Gbogbo nkan ń lọ dáadáa. Mo later thank you email check mi dùn pé mo rí ọ.,positive
Ohun tí ó deadline kùnà.,negative
yes rí ọ problem support,neutral
later ní inú didùn loni. office ṣeun email fun iranlọwọ rẹ.,positive
sorry náà eh update ṣiṣẹ́ dáadáa. Mo ní ìrírí buburu. Eyi ko dara rara.,negative
please náà urgent ṣiṣẹ́ báyìí. Mo ti dé.,neutral
Mo ní inú thank you loni. Inú team dùn pé sorry rí ọ.,positive
Mi ò fẹ́ràn email Ẹ̀rọ náà kò ṣiṣẹ́ thank you,negative
O wa ní ita.,neutral
Mo ní sorry didùn loni. O ṣeun message fun iranlọwọ rẹ. Ìfẹ́ rẹ̀ dá mi later,positive
Mo ní ìrírí buburu.,negative
urgent ní ìrírí buburu.,negative
Ọmọde yii jẹ́ ọlọ́gbọ́n gan.,positive
Ìfẹ́ email dá work lórí. O please ẹ̀wà.,positive
O ṣeun problem fun iranlọwọ message,positive
Inú mi message pé mo rí ọ.,positive
Ó jẹ́ pé ó ń ṣeé ṣe.,neutral
Ọkàn mi urgent rẹ́rù office Mo ní ìrírí buburu. Ohun tí ó ṣẹlẹ̀ kùnà.,negative
thank you ni pé o ṣe bẹ́ẹ̀.,negative
issue ni ẹ̀wà. team nkan ń lọ dáadáa. Mo ní inú didùn loni.,positive
A o pade call yes ti dé. eh,neutral
"Ẹ jọ̀ọ́, ṣe é no",neutral
O jẹ eniyan ti issue dara update,negative
O wa ní ita.,neutral
you know Mo ní problem loni.,negative
check work lórí. mi rẹ̀ O dá ni,positive
ah Ẹ̀rọ náà issue ṣiṣẹ́ update,negative
meeting deadline mọ ohun message ó ṣẹlẹ̀.,neutral
í check Ọjọ́ lọ́la. ṣe office tó kì oni gbóná. A,neutral
Ìbànújẹ ni office problem ṣe bẹ́ẹ̀. deadline pé rara.,negative
O wa ní later,neutral
ọlọ́gbọ́n ọ. O Inú ni gan. ẹ̀wà. mo rí mi yii jẹ́ Ọmọde pé dùn,positive
Ìfẹ́ rẹ̀ please mi later Mo fẹ́ràn rẹ gan-an. O ni ẹ̀wà.,positive
sorry ò fẹ́ràn eyi.,negative
Inú mi dùn please mo rí ọ. O ni ẹ̀wà.,positive
O no ẹ̀wà. Gbogbo check urgent meeting dáadáa.,positive
Ìfẹ́ rẹ̀ later mi problem,positive
Ọjọ́ oni dara pupọ.,positive
Mo ní ìrírí okay,negative
O issue eniyan ti ko dara rara. Ẹ̀rọ náà kò ṣiṣẹ́ dáadáa.,negative
message ti dé. Ọjọ́ oni kì í ṣe tó gbóná.,neutral
Mo rí ọ ní ọ̀sán.,neutral
Mo n lọ sí ile itaja.,neutral
Mo please dé. support kò update ohun deadline ó ṣẹlẹ̀.,neutral
pade email o ń ṣiṣẹ́ lọ́la. issue báyìí. A,neutral
Ohun tí ó ṣẹlẹ̀ kùnà.,negative
like check ò fẹ́ràn eyi.,negative
N kò mọ ohun tí ó ṣẹlẹ̀. you know,neutral
dáadáa. dara Ọjọ́ lọ pupọ. Gbogbo nkan ń oni,positive
problem ni ẹ̀wà.,positive
Eyi ko dara rara. O jẹ eniyan ti ko dara rara. Ọkàn mi ń rẹ́rù office,negative
Kò okay rara.,negative
Mo rí ọ ní ọ̀sán. Ọjọ́ oni kì í support work gbóná.,neutral
"tó Ọjọ́ é kì ṣàlàyé? work O gbóná. ṣe wa Ẹ jọ̀ọ́, í ṣe problem oni",neutral
Ọjọ́ sorry problem í ṣe urgent gbóná.,neutral
O ṣeun pupọ fun iranlọwọ rẹ. Mo fẹ́ràn rẹ gan-an.,positive
ọ ohun ṣẹlẹ̀. N rí tí ọ̀sán. mọ ó work Mo kò,neutral
O ni call,positive
work ko dara rara. office ò fẹ́ràn support,negative
Mo please inú didùn eh deadline Gbogbo nkan ń lọ dáadáa.,positive
check ah ní ìrírí buburu. please náà kò ṣiṣẹ́ sorry,negative
Inú mi email pé mo rí ọ. Mo fẹ́ràn rẹ gan-an. support yii jẹ́ deadline please,positive
thank you loni. ìbànújẹ ní,negative
"Ẹ jọ̀ọ́, ṣe issue ṣàlàyé?",neutral
okay didùn issue inú problem,positive
Ẹ̀rọ náà kò ṣiṣẹ́ dáadáa. Kò pé rara.,negative
O wa ní ita.,neutral
O ni urgent update ti ní ìrírí rere.,positive
Eyi office office support Mo ní ìbànújẹ loni.,negative
call yii jẹ́ ọlọ́gbọ́n gan. Mo no rẹ gan-an.,positive
Mo ní email meeting Ìbànújẹ ni pé o ṣe bẹ́ẹ̀.,negative
Mo rí ọ issue ọ̀sán.,neutral
Eyi ko dara rara. Ọkàn mi ń rẹ́rù gan-an.,negative
N kò mọ ohun tí ó ṣẹlẹ̀.,neutral
Ọjọ́ message problem í ṣe tó gbóná.,neutral
Mo n lọ sí ile itaja.,neutral
ń ṣiṣẹ́ báyìí. Ẹ̀rọ problem,neutral
Mo ti dé. Mo rí ọ ní ah message okay náà ń ṣiṣẹ́ báyìí.,neutral
O wa ní thank you A o work office,neutral
office tí ó update kùnà. yes ni pé yes check bẹ́ẹ̀.,negative
Mo rí ọ ní ọ̀sán.,neutral
A call pade lọ́la.,neutral
update call pé o ṣe message Mo ní ìbànújẹ loni.,negative
Gbogbo nkan problem lọ dáadáa.,positive
issue ko dara rara. please mi ń rẹ́rù gan-an. O jẹ eniyan ti ko dara work,negative
eh Mi office meeting meeting,negative
Ìbànújẹ work pé o ṣe bẹ́ẹ̀.,negative
dara dara rara. eniyan ko support rara. jẹ team Eyi no,negative
Ohun tí okay ṣẹlẹ̀ kùnà. team náà meeting ṣiṣẹ́ dáadáa.,negative
Ọjọ́ oni dara pupọ. O ṣeun pupọ fun iranlọwọ urgent,positive
Ẹ̀rọ náà ń ṣiṣẹ́ báyìí. Ó meeting pé ó ń ṣeé ṣe.,neutral
Inú mi dùn pé office rí ọ.,positive
office no ní team Ọjọ́ oni support í team call gbóná.,neutral
deadline n team Mo o A check pade email sí,neutral
Ẹ̀rọ náà ń ṣiṣẹ́ báyìí. Mo n office sí sorry itaja.,neutral
Ọmọde yii jẹ́ email gan. Mo ní inú didùn loni. Mo fẹ́ràn rẹ work,positive
Ó jẹ́ pé ó ń ṣeé ṣe.,neutral
email email later Ọkàn ń,negative
Ẹ okay ṣe update ṣàlàyé? A o pade lọ́la.,neutral
"Ẹ jọ̀ọ́, ṣe é ṣàlàyé? please office lọ sí ile itaja.",neutral
Ó jẹ́ pé ó ń ṣeé ṣe. Mo ti dé. problem n lọ sí ile message,neutral
Kò pé later Ọkàn mi ń rẹ́rù email,negative
yes fẹ́ràn rẹ later Ìfẹ́ support deadline email lórí.,positive
itaja. n ile sí Mo lọ,neutral
Mo rí ọ ní urgent Ọjọ́ oni issue í ṣe tó gbóná.,neutral
Mo ní inú didùn loni.,positive
meeting ti dé.,neutral
update support dara rara. okay tí ó ṣẹlẹ̀ kùnà.,negative
Ẹ̀rọ thank you kò ṣiṣẹ́ dáadáa. Kò pé rara.,negative
Mo ní inú didùn loni. Ọmọde yii jẹ́ team gan.,positive
"Ẹ jọ̀ọ́, ṣe é ṣàlàyé?",neutral
no issue issue loni. Mo ní ìrírí buburu.,negative
Mo work ọ ní ọ̀sán. N kò message call tí deadline ṣẹlẹ̀.,neutral
"Ó jẹ́ pé ó ń meeting no Ẹ̀rọ náà ń ṣiṣẹ́ báyìí. Ẹ jọ̀ọ́, update é ṣàlàyé?",neutral
okay meeting ń rẹ́rù gan-an. Ohun tí ó ṣẹlẹ̀ call Mo ní ìrírí buburu.,negative
Ẹ̀rọ call kò ṣiṣẹ́ dáadáa. O jẹ eniyan issue update dara rara.,negative
Ọkàn mi ń rẹ́rù gan-an.,negative
Mo ní ti ìrírí rere.,positive
call oni kì í ṣe okay gbóná. team wa ní ita.,neutral
Mo fẹ́ràn rẹ gan-an. Ọjọ́ oni dara pupọ. Mo ti ní ìrírí rere.,positive
Eyi no ah dara call support ní ìrírí buburu.,negative
Ó message pé ó ń ṣeé ṣe. A o urgent lọ́la.,neutral
Mo n please sí ile work,neutral
"thank you jọ̀ọ́, ṣe é ṣàlàyé? Mo n lọ update ile team Ọjọ́ oni kì í ṣe urgent update",neutral
check eh ti dé.,neutral
N kò mọ check tí ó ṣẹlẹ̀.,neutral
Mi email fẹ́ràn eyi.,negative
O office ní ita. A meeting pade lọ́la.,neutral
Eyi ko dara office Kò pé rara.,negative
O ṣeun pupọ fun iranlọwọ rẹ. Mo ti ní ìrírí thank you,positive
Mo problem rẹ gan-an. Ìfẹ́ rẹ̀ dá mi no Ọjọ́ oni dara team,positive
Ó call pé ó ń check ṣe.,neutral
check n lọ okay ile itaja. Ẹ̀rọ náà ń ṣiṣẹ́ báyìí.,neutral
O wa ní ita. Ó jẹ́ pé team ń ṣeé ṣe.,neutral
Mo ní inú email sorry,positive
Mo ní ìbànújẹ loni. problem mi ń rẹ́rù gan-an. Ohun tí check ṣẹlẹ̀ kùnà.,negative
urgent rí ọ ní ọ̀sán.,neutral
Kò pé rara.,negative
rẹ́rù gan-an. mi ó eyi. kùnà. problem Ohun fẹ́ràn ń tí Mi Ọkàn ṣẹlẹ̀,negative
Ẹ̀rọ problem support Kò rara. pé ko ṣiṣẹ́ náà Eyi kò support,negative
Ẹ̀rọ náà update no dáadáa.,negative
meeting nkan ń please dáadáa.,positive
Kò eh pé yes Eyi ko dara support,negative
Ọjọ́ oni dara pupọ.,positive
"Ẹ jọ̀ọ́, ṣe é eh ṣàlàyé? Ọjọ́ problem issue no ṣe tó gbóná. Ẹ̀rọ náà ń ṣiṣẹ́ problem",neutral
Mo team rẹ gan-an. Ọmọde yii jẹ́ ọlọ́gbọ́n please,positive
later meeting ẹ̀wà. Mo deadline hmm ní ìrírí rere.,positive
Kò pé rara. Mo issue ìbànújẹ check Ohun tí call no work,negative
Eyi ko dara rara. O jẹ eniyan ti ko dara rara. you know,negative
A o pade lọ́la. problem issue ní ita. Mo n lọ sí ile itaja.,neutral
later wa support ita.,neutral
Inú thank you sorry pé mo rí ọ. Ọjọ́ oni dara pupọ.,positive
Ó jẹ́ pé ó ń ṣeé ṣe.,neutral
ó tí dé. Mo work N kò check ti ohun,neutral
update okay call sí team itaja.,neutral
O fun deadline Ọjọ́ rẹ. dara pupọ. ṣeun okay pupọ,positive
Mo email sorry thank you loni. O ni ẹ̀wà.,positive
Mo fẹ́ràn rẹ gan-an. Mo ti ní ìrírí rere.,positive
work mo mi Mo pé ti sorry Inú ọ. yes ìrírí dùn,positive
Ọjọ́ oni dara pupọ. work ni ẹ̀wà.,positive
call mi ń rẹ́rù gan-an. Mo ní ìrírí buburu. Ohun tí ó update kùnà.,negative
O jẹ thank you ti ko dara rara. okay ní ìrírí buburu. Eyi ko support rara.,negative
Mo fẹ́ràn rẹ update Ọjọ́ oni dara pupọ.,positive
O ni ẹ̀wà.,positive
Mo ti dé. N kò mọ ohun tí ó ṣẹlẹ̀.,neutral
Mo issue ọ ní ọ̀sán.,neutral
O office ẹ̀wà.,positive
N kò mọ problem tí office ṣẹlẹ̀.,neutral
Ẹ̀rọ Mo ti dé. team báyìí. ṣiṣẹ́ email Ọjọ́ kì ṣe oni í gbóná. náà,neutral
Mo message rẹ gan-an. O ni ẹ̀wà.,positive
ń issue báyìí. Ẹ̀rọ ṣiṣẹ́,neutral
gbóná. O wa ṣe kì Ọjọ́ ní update oni thank you ita.,neutral
Mo ti ní ìrírí rere. Ọjọ́ okay dara pupọ.,positive
fun work ń pupọ dáadáa. O iranlọwọ lọ support ṣeun update,positive
issue fẹ́ràn rẹ gan-an. O ni ẹ̀wà.,positive
O ni ẹ̀wà.,positive
Eyi ko dara team Mi ò fẹ́ràn eyi.,negative
Mo ní ìbànújẹ loni. Ẹ̀rọ náà kò check dáadáa.,negative
N kò support ohun tí ó ṣẹlẹ̀. okay rí ọ ní ọ̀sán.,neutral
Ọmọde yii later check gan. issue meeting ń lọ dáadáa.,positive
update oni deadline í ṣe tó gbóná.,neutral
Ẹ̀rọ náà kò ṣiṣẹ́ dáadáa. email jẹ sorry ti ko dara message,negative
Ìfẹ́ urgent dá mi lórí. O ṣeun support fun iranlọwọ thank you,positive
email okay lọ nkan ń,positive
"kì team no eh office wa O Ẹ ṣe jọ̀ọ́, Ọjọ́ message ita. email sorry é oni",neutral
Eyi ko dara rara.,negative
"Ọjọ́ é oni kì ṣe A Ẹ í lọ́la. o gbóná. ṣàlàyé? pade jọ̀ọ́, ṣe tó",neutral
Mo ní office didùn loni. Mo call ní ìrírí call,positive
Ó support pé team ń ṣeé ṣe. Ọjọ́ oni support í ṣe problem email,neutral
Mo ní yes message,negative
message jẹ́ pé ó ń ṣeé ṣe. A o pade lọ́la.,neutral
"call n lọ sí ile itaja. please rí ọ ní ọ̀sán. Ẹ jọ̀ọ́, ṣe é ṣàlàyé?",neutral
Mo n lọ sí ile itaja. Ọjọ́ oni kì í ṣe tó gbóná.,neutral
A o pade lọ́la. you know,neutral
Mo fẹ́ràn rẹ gan-an. Mo ní inú didùn yes,positive
please ti dé. Ẹ problem ṣe é ṣàlàyé?,neutral
Ẹ̀rọ later okay ṣiṣẹ́ dáadáa.,negative
ní ìrírí eh update buburu.,negative
Mo ti ní ìrírí thank you team ṣeun pupọ support iranlọwọ rẹ.,positive
Gbogbo nkan ń urgent dáadáa. Mo ti email please rere.,positive
Mo ní inú didùn loni. call like ti ní ìrírí problem,positive
Mo n lọ team ile itaja. Ọjọ́ oni kì í ṣe tó gbóná. message o pade lọ́la.,neutral
deadline tí work ṣẹlẹ̀ office Kò pé rara. Mi support fẹ́ràn eyi.,negative
Mo support rẹ gan-an.,positive
O jẹ eniyan ti ko dara rara.,negative
O jẹ eniyan sorry ko dara rara. Eyi ko dara rara. update deadline urgent rẹ́rù gan-an.,negative
Kò pé rara. Mi ò fẹ́ràn eyi.,negative
buburu. ìbànújẹ ní ìrírí rara. ní pé office Mo Kò sorry,negative
Ìbànújẹ ni pé o ṣe email please meeting please O jẹ email ti ko dara call,negative
"yes jọ̀ọ́, ṣe é ṣàlàyé? Ó jẹ́ pé ó ń ṣeé ṣe.",neutral
Mo yes message later Ohun tí ó ṣẹlẹ̀ kùnà.,negative
"Ẹ jọ̀ọ́, yes é message",neutral
jẹ Ọkàn O ní ko rara. rẹ́rù gan-an. dara ti problem meeting mi ń eniyan Mo,negative
O work eniyan ti ko dara sorry Ẹ̀rọ náà kò team okay message mi ń rẹ́rù you know gan-an.,negative
Mo ti dé.,neutral
later ti dé. okay wa ní ita.,neutral
thank you ko deadline no Mo ní please buburu.,negative
please yii jẹ́ ọlọ́gbọ́n gan.,positive
Mo ti sorry,neutral
work deadline ń rẹ́rù gan-an. Mi deadline fẹ́ràn eyi.,negative
Kò pé rara. office ni no o ṣe bẹ́ẹ̀.,negative
update ti dé.,neutral
Mi ò call eyi.,negative
Mo rí ọ ní ọ̀sán.,neutral
Mo ti dé.,neutral
Mo ti ní hmm ìrírí rere. O ṣeun pupọ fun problem support Ọmọde yii jẹ́ ọlọ́gbọ́n gan.,positive
O jẹ eniyan ti ko dara rara. Ẹ̀rọ problem kò yes deadline,negative
Ọkàn message ń rẹ́rù gan-an. Ohun tí ó ṣẹlẹ̀ kùnà.,negative
O ṣeun pupọ team iranlọwọ rẹ. Ìfẹ́ rẹ̀ dá mi lórí.,positive
Ẹ̀rọ náà ń ṣiṣẹ́ báyìí. deadline rí ọ ní ọ̀sán. check n work sí okay itaja.,neutral
Mo ní support buburu.,negative
Mo fẹ́ràn sorry gan-an.,positive
gan. ń ọlọ́gbọ́n Ọmọde please Gbogbo later nkan jẹ́ lọ,positive
"Ọjọ́ oni sorry work ṣe tó check Ẹ jọ̀ọ́, ṣe é ṣàlàyé?",neutral
Mo n lọ sí ile itaja.,neutral
Mo n lọ sí ile team Ẹ̀rọ náà ń ṣiṣẹ́ báyìí. office wa ní ita.,neutral
O wa ní ita.,neutral
team meeting no,neutral
Ìbànújẹ ni pé o ṣe bẹ́ẹ̀. Mo ní ìbànújẹ loni.,negative
"urgent no ọ ní ọ̀sán. Ẹ jọ̀ọ́, ṣe é ṣàlàyé?",neutral
Ẹ̀rọ náà ń ṣiṣẹ́ báyìí. A o pade lọ́la.,neutral
okay call call mi lórí.,positive
Inú mi dùn pé mo rí meeting Ọmọde yii please ọlọ́gbọ́n gan. Gbogbo nkan ń lọ dáadáa.,positive
support jẹ eniyan ti no dara rara. work ní ìbànújẹ loni.,negative
Ohun tí ó ṣẹlẹ̀ kùnà. Kò pé email,negative
no ti meeting,neutral
office ti dé.,neutral
deadline tí issue ṣẹlẹ̀ later,negative
Ẹ̀rọ náà kò okay dáadáa. Ìbànújẹ ni pé issue ṣe call Kò team rara.,negative
ní didùn Mo rẹ loni. Mo gan-an. inú fẹ́ràn,positive
rere. ń nkan dáadáa. ìrírí lọ Gbogbo ní ti thank you,positive
Ìfẹ́ yii ni rẹ̀ ẹ̀wà. mi check office O Ọmọde jẹ́ lórí. gan.,positive
Ẹ̀rọ náà you know update ṣiṣẹ́ báyìí. Mo rí ọ ní ọ̀sán. sorry oni kì í ṣe tó gbóná.,neutral
Ó jẹ́ message ó ń ṣeé ṣe.,neutral
Mo n lọ sí team itaja. Ó jẹ́ pé ó ń ṣeé sorry Mo rí ọ ní office,neutral
thank you mi ń rẹ́rù gan-an. Mo ní ìrírí buburu.,negative
O ni ẹ̀wà. Ọmọde yii jẹ́ message gan.,positive
work ko dara support Ọkàn sorry ń rẹ́rù work Ìbànújẹ ni pé o message sorry,negative
Ó jẹ́ pé ó ń message ṣe.,neutral
Ọjọ́ oni dara pupọ. Mo ti ní ìrírí deadline,positive
Gbogbo deadline ń lọ dáadáa. O ni work,positive
Ohun tí ó ṣẹlẹ̀ please Mi ò fẹ́ràn office Ọkàn mi ń sorry gan-an.,negative
Ohun tí ó ṣẹlẹ̀ kùnà. support ní ìrírí buburu.,negative
Ọjọ́ oni dara pupọ.,positive
gan-an. urgent jẹ́ gan. sorry okay fẹ́ràn rẹ Ọmọde,positive
O ṣeun pupọ fun iranlọwọ rẹ.,positive
Ìbànújẹ ni check o ṣe bẹ́ẹ̀. Mi ò fẹ́ràn eyi. Mo check ìrírí problem,negative
Ìbànújẹ ni pé urgent ṣe yes,negative
okay problem pupọ fun iranlọwọ rẹ. Ìfẹ́ rẹ̀ okay work lórí.,positive
support message dùn pé problem rí ọ. O ni ẹ̀wà.,positive
Ìfẹ́ rẹ̀ dá mi lórí.,positive
Ẹ̀rọ sorry ń ṣiṣẹ́ deadline O wa ní ita.,neutral
Ohun tí team ṣẹlẹ̀ check Ọkàn message please rẹ́rù gan-an.,negative
O ṣeun pupọ fun thank you rẹ.,positive
O you know ṣeun pupọ call iranlọwọ rẹ.,positive
Eyi ko dara rara.,negative
Inú mi dùn pé update rí ọ. Ìfẹ́ rẹ̀ work mi lórí. Mo fẹ́ràn rẹ gan-an.,positive
Mi support fẹ́ràn eyi. call mi ń message gan-an.,negative
Mo ní inú didùn loni.,positive
Kò pé rara. no ko okay issue,negative
Ọjọ́ issue kì í ṣe message office Ó jẹ́ pé check thank you ṣeé ṣe.,neutral
ko deadline Ẹ̀rọ O check rara. jẹ kò call work ti dara,negative
sorry ko dara rara. Ohun tí team ṣẹlẹ̀ kùnà.,negative
Eyi ko dara team,negative
Mo ti ní ìrírí rere. Inú message dùn pé mo rí update Gbogbo nkan thank you lọ dáadáa.,positive
Ọjọ́ oni support í ṣe tó gbóná. N kò mọ ohun tí ó office,neutral
Ọjọ́ oni issue sorry ṣe deadline update,neutral
Ọmọde yii jẹ́ ọlọ́gbọ́n work,positive
urgent yii jẹ́ please update Mo fẹ́ràn rẹ deadline,positive
Ẹ̀rọ náà ń ṣiṣẹ́ báyìí.,neutral
Ọkàn mi ń rẹ́rù please you know Eyi ko call rara. Mo ní ìbànújẹ yes,negative
"later jọ̀ọ́, ṣe é ṣàlàyé? Ẹ̀rọ náà ń ṣiṣẹ́ báyìí.",neutral
okay like náà ń ṣiṣẹ́ báyìí. Ọjọ́ oni kì í ṣe tó check,neutral
Ìfẹ́ hmm rẹ̀ check support lórí. O ni ẹ̀wà.,positive
ìbànújẹ deadline ṣiṣẹ́ dáadáa. loni. pé náà bẹ́ẹ̀. Ẹ̀rọ Ìbànújẹ ni eh kò ní Mo work,negative
meeting ṣeun pupọ fun work rẹ. Ọmọde meeting team ọlọ́gbọ́n problem Ọjọ́ meeting dara pupọ.,positive
Ọkàn mi ń please gan-an. Ẹ̀rọ náà kò issue update,negative
Ìbànújẹ ni pé o ṣe bẹ́ẹ̀. Ọkàn mi please rẹ́rù message Kò call office,negative
A o pade lọ́la.,neutral
dùn pé mi mo Inú rí ọ.,positive
Gbogbo nkan ń lọ dáadáa. Mo ti ní ìrírí rere.,positive
"Ó jẹ́ pé ó thank you sorry ṣe. problem jọ̀ọ́, ṣe é ṣàlàyé?",neutral
Ìfẹ́ rẹ̀ dá mi lórí. Ọjọ́ oni dara pupọ.,positive
O office eniyan ti later dara rara.,negative
Mo ní ìrírí buburu. Ohun tí problem ṣẹlẹ̀ kùnà.,negative
O ni ẹ̀wà. Ìfẹ́ rẹ̀ yes mi no,positive
yes support Ìbànújẹ ṣe ni o,negative
Ó ń pé sorry ó issue jẹ́,neutral
Ọjọ́ oni kì deadline no tó gbóná.,neutral
Ẹ̀rọ náà ń ṣiṣẹ́ báyìí.,neutral
message jẹ́ pé ó ń ṣeé sorry Mo ti dé.,neutral
Mo ní inú didùn email,positive
Mo rí yes ní ọ̀sán. message náà ń ṣiṣẹ́ báyìí. email oni thank you later ṣe support gbóná.,neutral
Mo ti problem hmm,neutral
Ẹ̀rọ thank you later email báyìí. O wa ní ita.,neutral
Ọkàn mi ń support gan-an.,negative
Ọkàn mi ń rẹ́rù gan-an.,negative
Ẹ̀rọ náà kò ṣiṣẹ́ dáadáa. Mo meeting ìrírí no Kò pé rara.,negative
sorry wa ní ita.,neutral
O update eniyan ti ko work call Kò urgent rara.,negative
Ohun tí issue ṣẹlẹ̀ kùnà. ah problem please ìrírí buburu.,negative
Ohun tí ó ṣẹlẹ̀ kùnà. Eyi problem dara message Ọkàn update later rẹ́rù deadline,negative
Mo message ìbànújẹ no O jẹ eniyan office ko dara rara. Mi ò update eyi.,negative
Ẹ̀rọ sorry kò ṣiṣẹ́ support Eyi support dara rara.,negative
Mo ti dé. sorry message pé ó ń ṣeé ṣe.,neutral
pé í kò ṣẹlẹ̀. ṣeé ṣe mọ check jẹ́ ń tó problem N ó ó kì Ó ṣe. gbóná. oni Ọjọ́,neutral
O ṣeun pupọ thank you iranlọwọ rẹ. Gbogbo nkan ń later dáadáa.,positive
Mi ò hmm fẹ́ràn eyi. Kò pé rara.,negative
issue n lọ sí support itaja.,neutral
Gbogbo nkan ń lọ dáadáa. ah,positive
Ó jẹ́ thank you ó ń office ṣe. support rí ọ ní urgent Ọjọ́ oni kì support check tó gbóná.,neutral
Mi ò fẹ́ràn eyi.,negative
later ni ẹ̀wà.,positive
Ọjọ́ oni work pupọ. Inú mi dùn email mo rí work update fẹ́ràn rẹ gan-an.,positive
Ó jẹ́ update please ń support ṣe. N kò mọ ohun tí ó ṣẹlẹ̀.,neutral
team call dùn thank you mo please thank you,positive
Ọjọ́ oni dara pupọ.,positive
Ìfẹ́ rẹ̀ problem mi lórí. O ni ẹ̀wà.,positive
Mo rí ọ check ọ̀sán. work oni kì í ṣe tó gbóná.,neutral
Ìbànújẹ ni pé no ṣe bẹ́ẹ̀.,negative
rẹ. ẹ̀wà. dara ṣeun fun iranlọwọ Ọjọ́ O pupọ oni pupọ. ni O,positive
Mo rí yes ní ọ̀sán.,neutral
dáadáa. ò ṣiṣẹ́ fẹ́ràn Mi Ẹ̀rọ náà check office,negative
email mi dùn pé mo rí ọ.,positive
issue kò mọ ohun tí ó ṣẹlẹ̀.,neutral
ó work issue N ohun kò mọ,neutral
"support náà meeting ṣiṣẹ́ sorry Ó jẹ́ call ó ń ṣeé ṣe. Ẹ jọ̀ọ́, ṣe é ṣàlàyé? like",neutral
O ṣeun pupọ fun iranlọwọ rẹ.,positive
Kò pé rara. support ní team buburu. O jẹ team ti ko dara rara.,negative
O wa ní ita.,neutral
Kò pé rara.,negative
Mo ní issue call loni. sorry nkan ń lọ dáadáa.,positive
Ọjọ́ oni dara issue Ìfẹ́ rẹ̀ yes mi lórí. O ni ẹ̀wà.,positive
yes nkan ń lọ dáadáa. O ni ẹ̀wà.,positive
Mo issue call check no jẹ eniyan ti ko dara rara. Ọkàn mi ń rẹ́rù gan-an.,negative
okay ní ìbànújẹ loni. Ọkàn mi ń rẹ́rù gan-an. problem tí ó ṣẹlẹ̀ kùnà.,negative
Ohun tí ó ṣẹlẹ̀ kùnà. Ìbànújẹ ni pé o ṣe bẹ́ẹ̀.,negative
Mo ní inú didùn loni. O okay ẹ̀wà. Gbogbo nkan issue lọ dáadáa.,positive
"Ẹ jọ̀ọ́, call é meeting",neutral
Ọjọ́ oni kì support ṣe tó gbóná.,neutral
okay ni pé o ṣe bẹ́ẹ̀. Ẹ̀rọ náà kò yes dáadáa.,negative
Ọjọ́ oni kì í meeting check gbóná.,neutral
dùn Inú mo rẹ please pé gan-an. Mo urgent ọ. mi,positive
Ohun email ó ṣẹlẹ̀ kùnà.,negative
jẹ deadline meeting dara ko ti eniyan,negative
Kò pé rara. sorry tí ó ṣẹlẹ̀ kùnà. Eyi later dara rara.,negative
ṣẹlẹ̀. ohun deadline thank you ó mọ N,neutral
Ọjọ́ oni kì í ṣe tó gbóná.,neutral
Mo ti dé. Mo rí support ní ọ̀sán.,neutral
O ṣeun team call iranlọwọ rẹ. Ọmọde yii jẹ́ ọlọ́gbọ́n okay,positive
Mo n lọ sí problem itaja. Ẹ urgent ṣe é ṣàlàyé?,neutral
"Ẹ jọ̀ọ́, ṣe é ṣàlàyé?",neutral
meeting urgent ó ṣẹlẹ̀ kùnà.,negative
Mi ò fẹ́ràn eyi.,negative
message rí ọ ní ọ̀sán. no message mọ ohun update ó ṣẹlẹ̀.,neutral
A o pade lọ́la. Mo n okay sí ile no,neutral
Ẹ̀rọ náà no ṣiṣẹ́ dáadáa. Eyi ko dara you know rara. urgent meeting eniyan ti ko dara rara.,negative
O email eniyan ti ko dara rara. Mo yes email loni. work tí ó ṣẹlẹ̀ kùnà.,negative
thank you ohun N mọ ṣẹlẹ̀. tí later ó dé. Mo,neutral
Kò pé rara. Ẹ̀rọ náà issue ṣiṣẹ́ check,negative
O jẹ issue ti issue dara rara. Ohun tí ó ṣẹlẹ̀ kùnà. okay meeting dara rara.,negative
loni. inú call didùn Mo,positive
Mo ní ìbànújẹ loni. you know,negative
Mo rí issue work ọ̀sán.,neutral
Inú mi dùn pé yes rí ọ. Ọjọ́ oni dara pupọ. Mo fẹ́ràn rẹ problem,positive
Ọkàn mi ń rẹ́rù gan-an. O jẹ eniyan ti ko dara rara.,negative
O jẹ eniyan ti call dara rara. Ohun thank you ó ṣẹlẹ̀ kùnà.,negative
tí yes ó kùnà. yes,negative
Ọjọ́ work urgent pupọ. Mo fẹ́ràn yes problem,positive
Kò pé rara. Mo ní ìbànújẹ loni. Ọkàn support issue rẹ́rù gan-an.,negative
Ọjọ́ update dara pupọ.,positive
Mo call ọ ní ọ̀sán.,neutral
Ìbànújẹ ni check o ṣe bẹ́ẹ̀.,negative
Ọkàn mi ń rẹ́rù gan-an.,negative
Ọkàn mi issue rẹ́rù gan-an. yes urgent fẹ́ràn eyi.,negative
Inú mi dùn pé mo rí ọ. O ṣeun pupọ fun iranlọwọ rẹ.,positive
Ìfẹ́ rẹ̀ work mi lórí.,positive
Mo ti meeting N kò mọ ohun like tí ó ṣẹlẹ̀.,neutral
"N kò mọ ohun tí email ṣẹlẹ̀. Ẹ jọ̀ọ́, check é later",neutral
Ọkàn mi ń rẹ́rù gan-an. urgent ní urgent buburu.,negative
Ọmọde yii jẹ́ ọlọ́gbọ́n update,positive
A o pade lọ́la.,neutral
okay náà support ṣiṣẹ́ báyìí. Mo ti dé. Ọjọ́ oni kì í ṣe thank you gbóná.,neutral
Ohun tí ó ṣẹlẹ̀ kùnà.,negative
Ohun check ó ṣẹlẹ̀ kùnà. Mi ò fẹ́ràn eyi. Ẹ̀rọ náà kò ṣiṣẹ́ dáadáa.,negative
A o problem no team náà ń ṣiṣẹ́ báyìí.,neutral
later work lọ sí ile update Ó support office problem urgent ṣeé please,neutral
O ni ẹ̀wà.,positive
mi rí pé Inú mo dùn please,positive
Eyi ko dara rara. Mo ní deadline loni. Ọkàn mi ń rẹ́rù gan-an.,negative
urgent office dara pupọ.,positive
N kò mọ ohun tí ó ṣẹlẹ̀. Mo ti dé. Mo n lọ sí ile itaja.,neutral
Mo ní ìbànújẹ thank you,negative
A o pade lọ́la. Mo ti dé.,neutral
Ẹ̀rọ náà team ṣiṣẹ́ dáadáa. Eyi team meeting rara.,negative
O ní ita. wa,neutral
please ṣeun pupọ fun iranlọwọ rẹ. Mo fẹ́ràn rẹ gan-an. Ọjọ́ oni dara pupọ.,positive
Kò pé rara. Ìbànújẹ ni pé o thank you bẹ́ẹ̀. Mo work ìbànújẹ loni.,negative
é ṣàlàyé? ita. sorry Ẹ wa O ní ṣe,neutral
Ẹ̀rọ sorry kò ṣiṣẹ́ support,negative
call work ń okay gan-an. Ẹ̀rọ náà yes ṣiṣẹ́ dáadáa.,negative
O ni ẹ̀wà.,positive
later ń dáadáa. Gbogbo lọ,positive
Ọjọ́ oni kì í ṣe tó gbóná.,neutral
okay ti ní call rere.,positive
meeting pé rara. problem ní ìrírí buburu.,negative
O ṣeun pupọ fun office rẹ. O ni ẹ̀wà.,positive
jẹ́ yii ọ. Gbogbo rí gan. mo mi call dùn ọlọ́gbọ́n Ọmọde nkan ń lọ Inú thank you,positive
issue náà kò ṣiṣẹ́ dáadáa. sorry pé email,negative
urgent later thank you rẹ́rù gan-an. Eyi ko dara rara.,negative
Ọjọ́ oni kì okay please tó gbóná.,neutral
Mo n lọ sí yes itaja. O wa ní ita. work oni kì í ṣe tó please,neutral
Mo meeting please sí ile itaja. N kò office ohun tí ó ṣẹlẹ̀.,neutral
Ẹ̀rọ náà ń problem báyìí. O wa ní team,neutral
Ọjọ́ oni kì í ṣe tó message A o pade lọ́la.,neutral
Mo n lọ sí ile itaja. A o pade work,neutral
Ọmọde yii jẹ́ ọlọ́gbọ́n office O ṣeun pupọ fun problem problem email mi dùn pé mo rí ọ.,positive
Ẹ̀rọ náà ń ṣiṣẹ́ báyìí.,neutral
Mo n lọ sí ile support Ẹ office ṣe support ṣàlàyé?,neutral
O no pupọ email iranlọwọ check Ìfẹ́ call dá mi lórí. you know,positive
Mi office fẹ́ràn eyi. Ìbànújẹ ni pé o ṣe bẹ́ẹ̀.,negative
deadline please Mo lọ dé. Mo sí work itaja.,neutral
Ó jẹ́ pé ó ń ṣeé deadline Mo rí ọ ní ọ̀sán.,neutral
later ní inú didùn loni.,positive
Mo meeting rẹ gan-an.,positive
O please pupọ fun iranlọwọ sorry Mo ti ní ìrírí rere.,positive
ah N kò mọ ohun tí ó ṣẹlẹ̀.,neutral
okay rẹ̀ dá mi lórí. deadline ní inú didùn loni. Ọmọde yii jẹ́ ọlọ́gbọ́n meeting,positive
Ọmọde yii jẹ́ ọlọ́gbọ́n gan. Ọjọ́ oni dara pupọ.,positive
Ẹ̀rọ please ṣiṣẹ́ náà problem,neutral
lọ ile itaja. n Mo sí,neutral
Kò pé rara.,negative
Mo update ìrírí buburu.,negative
Mi ò fẹ́ràn meeting,negative
Ẹ̀rọ náà kò ṣiṣẹ́ no Mi yes fẹ́ràn eyi. office ko dara rara.,negative
Mo ní inú didùn call office work yes,positive
Mo work lọ sí eh yes itaja.,neutral
support n lọ sí ile itaja. A o pade lọ́la. sorry ti dé.,neutral
Mo ní ìbànújẹ support,negative
O ni ẹ̀wà. eh,positive
"Ẹ jọ̀ọ́, ṣe é ṣàlàyé? Mo n lọ sí ile itaja.",neutral
Eyi ko dara rara. Ẹ̀rọ náà kò ṣiṣẹ́ team,negative
office fẹ́ràn rẹ gan-an.,positive
email ti sorry please rere. Gbogbo nkan ń lọ urgent,positive
"pé ṣe. jẹ́ Ẹ thank you jọ̀ọ́, ó ṣàlàyé? check ṣeé Ó ṣe",neutral
Ọjọ́ update kì í ṣe tó gbóná.,neutral
Mo ní email buburu. no problem ó ṣẹlẹ̀ urgent,negative
"A sorry work lọ́la. Ó jẹ́ pé ó ń ṣeé ṣe. Ẹ jọ̀ọ́, thank you é okay",neutral
office wa ní ita. Ó jẹ́ yes ó ń later ṣe.,neutral
Mo please ní ìrírí rere. Gbogbo nkan ń lọ dáadáa.,positive
Mo ti ní ìrírí rere. Mo fẹ́ràn office gan-an. email ṣeun work fun iranlọwọ rẹ.,positive
Inú mi team pé mo rí message office oni dara pupọ. O ṣeun pupọ fun iranlọwọ rẹ.,positive
Ìfẹ́ rẹ̀ dá mi lórí. Mo ní support message loni. thank you fẹ́ràn rẹ gan-an.,positive
Ìbànújẹ ni pé o ṣe bẹ́ẹ̀. Kò pé check,negative
problem ni ẹ̀wà. okay mi dùn pé mo rí issue Mo fẹ́ràn rẹ gan-an.,positive
Mo n lọ sí ile itaja. N kò mọ ohun tí urgent ṣẹlẹ̀.,neutral
N kò mọ ohun tí later issue,neutral
Mo ti dé. Mo n lọ sí ile urgent,neutral
Mo ní Mo inú ní ìrírí sorry rere. didùn team,positive
Mo please dé. N kò mọ ohun tí ó ṣẹlẹ̀. deadline oni kì í ṣe tó later,neutral
Ọjọ́ message dara pupọ.,positive
yes fẹ́ràn rẹ gan-an. Mo ní inú call loni.,positive
issue jẹ eniyan deadline ko dara rara. okay okay ìrírí buburu. Mi ò no eyi.,negative
Ọkàn mi ń sorry office okay ko okay rara.,negative
Ìfẹ́ rẹ̀ dá mi support Mo okay rẹ gan-an.,positive
A o pade lọ́la.,neutral
O office ẹ̀wà. Mo ti ní ìrírí rere.,positive
Mi later fẹ́ràn eyi.,negative
Mo fẹ́ràn rẹ gan-an.,positive
ti rere. fẹ́ràn work gan-an. Mo Mo ìrírí rẹ,positive
please mi ń rẹ́rù gan-an. urgent náà kò ṣiṣẹ́ dáadáa. Kò pé rara.,negative
dé. sorry Mo,neutral
N kò mọ ohun tí ó ṣẹlẹ̀.,neutral
Ó work office ó ń ṣeé ṣe.,neutral
"Ó jẹ́ pé ó sorry ṣeé ṣe. Ẹ jọ̀ọ́, please issue meeting work náà deadline ṣiṣẹ́ later",neutral
"Ó jẹ́ pé ó please ṣeé ṣe. Ẹ jọ̀ọ́, call é ṣàlàyé? Ọjọ́ oni no í ṣe deadline gbóná.",neutral
Mo ní ìbànújẹ loni.,negative
work ní ìbànújẹ loni. Ọkàn problem check rẹ́rù gan-an. Ohun tí ó ṣẹlẹ̀ check,negative
O jẹ email ti ko dara rara. Ẹ̀rọ náà call ṣiṣẹ́ dáadáa.,negative
office ò fẹ́ràn eyi. Ẹ̀rọ náà kò ṣiṣẹ́ update O jẹ work ti ko dara rara.,negative
message n thank you sí problem itaja.,neutral
Ọmọde yii jẹ́ sorry gan. Mo ti ní ìrírí sorry,positive
Inú mi dùn pé mo rí ọ.,positive
Ohun tí ó work call Ìbànújẹ team pé o ṣe bẹ́ẹ̀. Ẹ̀rọ náà kò ṣiṣẹ́ dáadáa.,negative
N kò mọ ohun tí team ṣẹlẹ̀. deadline náà ń ṣiṣẹ́ team Ọjọ́ oni update yes ṣe tó thank you,neutral
Ìfẹ́ rẹ̀ dá mi lórí. Ọmọde yii jẹ́ ọlọ́gbọ́n gan. Mo problem inú didùn loni.,positive
Ọjọ́ oni kì í ṣe tó check,neutral
O wa like ní ita. Ó jẹ́ okay ó meeting ṣeé ṣe.,neutral
Ohun check ó ṣẹlẹ̀ update O jẹ eniyan ti check dara rara.,negative
Kò update rara. Ohun tí ó ṣẹlẹ̀ issue Mo ní ìbànújẹ loni.,negative
O yes problem fun iranlọwọ rẹ.,positive
Mo ní inú support please Mo ti ní ìrírí rere.,positive
rẹ́rù Ọkàn pé work meeting okay ń Kò,negative
Mo ní inú didùn loni. Ọmọde yii jẹ́ ọlọ́gbọ́n gan.,positive
"O wa ní team urgent jọ̀ọ́, support é ṣàlàyé?",neutral
Mo ti dé.,neutral
issue ko dara rara. O jẹ eniyan ti ko dara rara.,negative
A o pade thank you update náà ń ṣiṣẹ́ call,neutral
Ìfẹ́ rẹ̀ dá mi lórí. Mo ti ní ìrírí check Ọmọde yii jẹ́ ọlọ́gbọ́n gan.,positive
Ohun tí ó ṣẹlẹ̀ work,negative
Mo rí ọ ní okay,neutral
Mo ti dé.,neutral
email ní ìrírí buburu. meeting tí check ṣẹlẹ̀ kùnà.,negative
Ìbànújẹ ni pé o ṣe bẹ́ẹ̀. Mi ò fẹ́ràn eyi. Mo ní deadline buburu.,negative
Mo ti ní ìrírí rere. O ni ẹ̀wà.,positive
Mo problem lọ support check itaja.,neutral
Kò issue rara. call support ìrírí buburu. Mo ní ìbànújẹ check,negative
Kò pé rara. Mo ní ìbànújẹ loni.,negative
O check pupọ sorry iranlọwọ rẹ. no mi dùn pé mo rí ọ. Ọmọde you know yii check work gan.,positive
N kò mọ ohun issue ó ṣẹlẹ̀. Ẹ̀rọ náà ń ṣiṣẹ́ báyìí.,neutral
Mi ò fẹ́ràn later check team dara rara. Kò pé rara.,negative
rẹ́rù support mi Ohun ó Ọkàn gan-an. ṣẹlẹ̀ ń team,negative
Mi ò fẹ́ràn eyi.,negative
O no issue yes ko dara rara. Eyi ko dara rara. later pé rara.,negative
Mo rí check ní ọ̀sán.,neutral
Mo update ìbànújẹ loni. Mo ní later buburu.,negative
update office you know deadline later,positive
update ní call loni.,negative
Mo please problem didùn loni. Inú mi dùn message mo rí ọ.,positive
Mo ti dé.,neutral
"pé N issue é ó ṣàlàyé? tí ṣe. jọ̀ọ́, ṣẹlẹ̀. ṣeé later yes Ẹ kò jẹ́ ṣe meeting ó",neutral
O ṣeun message fun iranlọwọ call,positive
Ìbànújẹ ni pé no ṣe bẹ́ẹ̀.,negative
Kò pé rara.,negative
pé eh rara. Kò,negative
meeting mi work rẹ́rù gan-an. Ohun tí ó ṣẹlẹ̀ kùnà.,negative
dara office Eyi ko,negative
Ọjọ́ oni hmm kì í ṣe tó gbóná.,neutral
please pé dùn ń mo lọ mi Inú ọ. rí Gbogbo dáadáa.,positive
eh Ìbànújẹ ni pé o ṣe bẹ́ẹ̀. Mi check message eyi. Ohun tí ó ṣẹlẹ̀ kùnà.,negative
tí team ó kùnà. ṣẹlẹ̀,negative
Ẹ̀rọ náà kò ṣiṣẹ́ okay,negative
O ṣeun pupọ work iranlọwọ rẹ. Mo ní inú didùn urgent Ìfẹ́ rẹ̀ dá mi lórí.,positive
Ọkàn mi ń call gan-an.,negative
lọ pade ile A o n sí Mo itaja. sorry,neutral
"Ẹ jọ̀ọ́, ṣe é ṣàlàyé? yes o pade lọ́la.",neutral
Mo fẹ́ràn urgent gan-an. support nkan ń lọ urgent hmm,positive
Ẹ̀rọ náà ń issue báyìí.,neutral
buburu. no deadline email rara. Mo work,negative
Mo meeting ọ meeting ọ̀sán.,neutral
O ni thank you O hmm ṣeun pupọ later iranlọwọ rẹ.,positive
Ọjọ́ oni dara pupọ. Mo fẹ́ràn rẹ problem Mo ní inú didùn loni.,positive
message support rẹ later Mo ní okay didùn no,positive
Eyi ko email rara.,negative
Ẹ̀rọ náà office ṣiṣẹ́ dáadáa.,negative
Kò pé rara.,negative
"Ẹ jọ̀ọ́, ṣe é ṣàlàyé? Ọjọ́ oni okay í ṣe tó gbóná.",neutral
Ẹ̀rọ náà ń ṣiṣẹ́ báyìí.,neutral
"Ẹ jọ̀ọ́, ṣe é okay Ẹ̀rọ náà ń ṣiṣẹ́ báyìí. O wa later ita.",neutral
A o update lọ́la.,neutral
Mo rí sorry ní ọ̀sán. issue n lọ sí ile itaja.,neutral
meeting ní ìbànújẹ like loni. Mo ní ìrírí buburu. Eyi ko dara rara.,negative
Ọmọde yii check ọlọ́gbọ́n gan. Mo ti ní ìrírí rere.,positive
Mo ti dé.,neutral
Gbogbo nkan no lọ dáadáa. Mo fẹ́ràn rẹ thank you,positive
ní o ita. wa pade issue lọ́la. A,neutral
problem ni Ìbànújẹ bẹ́ẹ̀. ṣe o,negative
Ohun tí ó deadline kùnà.,negative
ah Ọjọ́ oni dara pupọ.,positive
Ẹ̀rọ náà ń ṣiṣẹ́ báyìí.,neutral
Ìfẹ́ rẹ̀ dá mi support,positive
Mo ní inú didùn loni. Ìfẹ́ rẹ̀ dá mi lórí.,positive
Mo n lọ sí ile itaja.,neutral
office email kì í ṣe problem urgent,neutral
team ní inú didùn loni. Mo fẹ́ràn rẹ gan-an. Ọmọde support jẹ́ ọlọ́gbọ́n gan.,positive
Mo ti ní ìrírí rere.,positive
Ọmọde yii jẹ́ issue gan. Ìfẹ́ call dá mi lórí. Mo urgent inú problem loni.,positive
Ẹ̀rọ náà kò ṣiṣẹ́ dáadáa.,negative
deadline mi ń rẹ́rù gan-an.,negative
Mi ò fẹ́ràn eyi.,negative
Mo ti issue later rere.,positive
deadline n lọ sí ile no,neutral
Ọjọ́ oni kì check deadline you know tó gbóná.,neutral
Mo ní inú didùn loni. urgent message dá mi lórí.,positive
A please pade please Mo n lọ sí later itaja.,neutral
office jẹ́ pé ó ń issue ṣe.,neutral
Ọmọde yii jẹ́ ọlọ́gbọ́n gan.,positive
"Ẹ jọ̀ọ́, ṣe é ṣàlàyé? Ọjọ́ call kì í ṣe tó gbóná.",neutral
Mo ní inú no loni. Ọjọ́ oni dara pupọ. Inú check message pé mo rí ọ.,positive
thank you oni dara work Ọmọde yii jẹ́ ọlọ́gbọ́n gan.,positive
Ẹ̀rọ náà ń problem báyìí. meeting kò mọ ohun tí ó ṣẹlẹ̀. Ọjọ́ oni message í ṣe tó support,neutral
update fẹ́ràn hmm rẹ okay,positive
O support thank you fun iranlọwọ rẹ. you know Mo ti ní urgent rere. Inú mi dùn pé mo rí ọ.,positive
O jẹ eh eniyan ti ko dara rara.,negative
A o pade lọ́la.,neutral
Gbogbo nkan ń lọ dáadáa. Mo ti ní ìrírí deadline,positive
call office ó work kùnà.,negative
Ọjọ́ oni ah dara pupọ.,positive
yes Eyi ko dara,negative
Mo deadline Ohun ó Ẹ̀rọ ṣẹlẹ̀ ìbànújẹ dáadáa. office urgent kùnà. problem ní náà,negative
Gbogbo nkan ń lọ dáadáa.,positive
Ọkàn mi ń rẹ́rù gan-an. Mi ò fẹ́ràn eyi.,negative
O ni hmm ẹ̀wà.,positive
Ọkàn meeting problem rẹ́rù gan-an.,negative
Mo n lọ sí ile itaja.,neutral
Ìbànújẹ ni pé o ṣe bẹ́ẹ̀. Ẹ̀rọ náà kò ṣiṣẹ́ dáadáa.,negative
O ṣeun work fun iranlọwọ problem Mo fẹ́ràn rẹ gan-an.,positive
Gbogbo nkan call lọ dáadáa.,positive
pé ní ọ issue ọ̀sán. Ó ṣe. Mo ń jẹ́ ó rí,neutral
Inú mi dùn pé mo rí ọ. Ọjọ́ oni dara pupọ. Mo team ní ìrírí rere.,positive
O jẹ eniyan ti support support rara. meeting ko dara rara. Mo ní ìbànújẹ loni.,negative
Mo ní inú didùn loni.,positive
Mo ní ìrírí you know buburu. Mi ò fẹ́ràn eyi. Ìbànújẹ ni issue no ṣe yes,negative
O wa ní later,neutral
ní wa ita. O,neutral
Mo issue inú didùn loni.,positive
A o pade issue O wa ní ita.,neutral
work hmm ni sorry,positive
Ọjọ́ oni sorry support ṣe tó gbóná.,neutral
Ọmọde yii okay later gan. Mo sorry ní ìrírí rere.,positive
Ẹ̀rọ náà ń ṣiṣẹ́ office A later pade lọ́la.,neutral
email meeting pé ó thank you ṣeé ṣe.,neutral
Ìfẹ́ rẹ̀ dá mi lórí. Mo ní inú didùn loni. Mo fẹ́ràn rẹ problem,positive
Mo ní yes loni. O update eniyan ti ko dara rara. Eyi ko dara urgent,negative
Mo office inú didùn office Inú mi dùn pé mo rí ọ. Ìfẹ́ rẹ̀ dá mi lórí.,positive
issue oni dara pupọ.,positive
Mo fẹ́ràn rẹ gan-an. Inú deadline dùn pé mo yes ọ. call ní inú didùn okay,positive
"kì í no oni jọ̀ọ́, gbóná. ṣe ṣàlàyé? Ẹ sorry tó Ọjọ́",neutral
pupọ. Ọjọ́ dara oni,positive
yii gan. jẹ́ problem ọlọ́gbọ́n,positive
call ti ní ìrírí support,positive
O ni ẹ̀wà.,positive
O check ẹ̀wà.,positive
O ni ẹ̀wà. O no pupọ fun iranlọwọ rẹ.,positive
"thank you jọ̀ọ́, ṣe é ṣàlàyé? A o pade yes Mo ti dé.",neutral
nkan check Gbogbo ń dáadáa.,positive
deadline deadline update ṣiṣẹ́ báyìí. Mo ti dé.,neutral
"meeting jọ̀ọ́, email é ṣàlàyé?",neutral
Mo ti ní ìrírí rere. Ìfẹ́ rẹ̀ dá mi support,positive
O ni ẹ̀wà. O ṣeun pupọ fun thank you rẹ.,positive
Ó yes pé please later ṣeé ṣe.,neutral
"Ẹ jọ̀ọ́, ṣe é ṣàlàyé? Mo rí ọ yes ọ̀sán.",neutral
Mo fẹ́ràn rẹ gan-an. O ṣeun pupọ email okay rẹ.,positive
support pé mo mi Inú dùn ọ.,positive
update ò eh fẹ́ràn eyi.,negative
Eyi ko support rara. Mi ò fẹ́ràn eyi.,negative
Eyi ko dara rara. Mo ní update loni. Mo ní please buburu.,negative
Mo n lọ sí ile itaja.,neutral
Ọkàn no ń rẹ́rù gan-an. Mi ò fẹ́ràn eyi. Mo ní meeting loni.,negative
Mo ní inú didùn loni.,positive
O wa ní ita. Mo n lọ sí ile itaja.,neutral
Mo fẹ́ràn rẹ support Ọmọde check jẹ́ ọlọ́gbọ́n gan.,positive
Ọjọ́ oni work team ṣe tó gbóná.,neutral
Ìfẹ́ rẹ̀ dá mi lórí. Inú mi dùn pé mo problem ọ.,positive
Ìfẹ́ rẹ̀ dá mi lórí. problem ní inú didùn loni.,positive
Mo fẹ́ràn rẹ gan-an. meeting mi dùn pé mo thank you ọ.,positive
ní ti Mo ìrírí rere.,positive
problem wa update ita. Ó jẹ́ pé ó ń thank you ṣe.,neutral
Ìfẹ́ rẹ̀ dá issue lórí. Inú mi urgent pé mo check ọ. O ni ẹ̀wà.,positive
Ẹ please ṣe é ṣàlàyé? Ó check pé no check ṣeé ṣe.,neutral
N kò mọ ohun tí ó ṣẹlẹ̀.,neutral
"check jọ̀ọ́, ṣe é ṣàlàyé? sorry like oni kì í work tó gbóná.",neutral
sorry n lọ sí ile itaja. okay o pade lọ́la. O wa email ita.,neutral
Mo meeting dé. Ọjọ́ check kì í ṣe tó gbóná.,neutral
Ẹ̀rọ náà kò ṣiṣẹ́ dáadáa.,negative
Ìbànújẹ ni pé o ṣe bẹ́ẹ̀. Mo ní ìbànújẹ message,negative
sorry kò mọ ohun tí eh ó no A o work urgent,neutral
dara náà issue ṣiṣẹ́ kò O rara. yes Ẹ̀rọ eh jẹ ko ti,negative
yes jẹ eniyan ti ko issue rara. Eyi yes dara later,negative
O ni ẹ̀wà. Ọjọ́ problem dara pupọ.,positive
no oni dara pupọ. Mo ní inú didùn check,positive
Mo rí ọ ní ọ̀sán. O wa later ita. Ọjọ́ email kì í ṣe support gbóná.,neutral
dá meeting email mi ti lórí. Ìfẹ́ call team ní,positive
urgent office dé. eh,neutral
Mo fẹ́ràn rẹ gan-an. Ọjọ́ oni dara urgent,positive
Ìfẹ́ rẹ̀ dá urgent lórí.,positive
Mo ní ìrírí buburu. Ohun tí thank you ṣẹlẹ̀ kùnà.,negative
N kò email ohun tí ó support,neutral
Ẹ̀rọ náà ń check báyìí.,neutral
O Ẹ é call issue ṣàlàyé? wa ní ita.,neutral
thank you kò mọ ohun tí ó yes Mo ti dé.,neutral
problem náà kò ṣiṣẹ́ check,negative
Eyi call dara rara. Mo ní ìbànújẹ check,negative
Ìfẹ́ rẹ̀ dá mi lórí.,positive
O wa later ita.,neutral
thank you náà kò thank you dáadáa. sorry ní ìrírí urgent,negative
Ọmọde yii no ọlọ́gbọ́n gan. O ni ẹ̀wà. Gbogbo later ń lọ dáadáa.,positive
Mo ní issue no work,positive
Gbogbo nkan ń lọ dáadáa. Mo fẹ́ràn rẹ support O ni ẹ̀wà.,positive
Ẹ̀rọ náà ń ṣiṣẹ́ báyìí.,neutral
Ó jẹ́ pé ó ń ṣeé ṣe. Ọjọ́ okay kì í ṣe tó gbóná. N kò mọ ohun tí ó ṣẹlẹ̀.,neutral
O ni ẹ̀wà. please ní inú didùn loni.,positive
O ṣeun pupọ fun please rẹ.,positive
Ọmọde yii jẹ́ ọlọ́gbọ́n gan. Gbogbo nkan ń lọ dáadáa. Mo please ní ìrírí rere.,positive
Mo ní ìbànújẹ loni. Ẹ̀rọ náà sorry issue dáadáa.,negative
Mo hmm rí ọ call ọ̀sán. Ó jẹ́ pé ó message ṣeé problem,neutral
ń ṣe. ó check ṣeé jẹ́ pé,neutral
Eyi ko dara rara. Mi ò fẹ́ràn eyi. urgent jẹ eniyan ti ko dara rara.,negative
update nkan ń lọ dáadáa. issue ṣeun pupọ fun iranlọwọ rẹ.,positive
Mo work dé.,neutral
Ọjọ́ oni dara pupọ. Inú sorry dùn pé mo rí ọ.,positive
Mi ò okay eyi. O jẹ support problem ko dara rara.,negative
Mo fẹ́ràn rẹ gan-an.,positive
"Ẹ jọ̀ọ́, ṣe é team A okay pade thank you support náà ń ṣiṣẹ́ báyìí.",neutral
Eyi ko dara rara. Ọkàn mi ń problem gan-an.,negative
Ó jẹ́ pé ó ń ṣeé ṣe.,neutral
Ọjọ́ work kì í ṣe tó gbóná.,neutral
"support jọ̀ọ́, ṣe é ṣàlàyé?",neutral
Gbogbo nkan ń lọ dáadáa. Ọmọde yii jẹ́ ọlọ́gbọ́n gan. eh,positive
Ohun tí ó ṣẹlẹ̀ kùnà. Mi ò fẹ́ràn eyi.,negative
Ẹ̀rọ náà sorry ṣiṣẹ́ dáadáa. Mo ní ìrírí buburu. hmm,negative
yes n yes sí ile itaja. update support ní issue A o pade lọ́la.,neutral
Kò pé rara. Mi ò fẹ́ràn eyi. Mo update ìbànújẹ loni.,negative
call call ń ṣiṣẹ́ báyìí.,neutral
Inú mi dùn deadline later rí ọ.,positive
O ni ẹ̀wà. Mo fẹ́ràn rẹ gan-an. Mo ní inú didùn loni.,positive
yes náà ń no báyìí.,neutral
Ọjọ́ oni kì í ṣe email gbóná. Mo meeting ọ ní ọ̀sán.,neutral
issue fẹ́ràn rẹ gan-an. eh,positive
okay fun sorry rẹ. like ṣeun gan. O pupọ ọlọ́gbọ́n iranlọwọ jẹ́,positive
please ti ní like ìrírí rere.,positive
Mo yes rẹ gan-an. O thank you pupọ fun iranlọwọ please,positive
Ẹ̀rọ náà like sorry please báyìí.,neutral
Ìbànújẹ ni pé o ṣe office Mo ní ìbànújẹ office Mi ò please eyi.,negative
Gbogbo nkan okay lọ dáadáa. please oni dara pupọ. Mo fẹ́ràn issue team,positive
Mi ò fẹ́ràn sorry Mo later ìrírí buburu. Kò pé rara.,negative
"Ẹ jọ̀ọ́, message check ṣàlàyé? A o pade lọ́la. Mo ti dé.",neutral
rẹ Mo ni fẹ́ràn O gan-an. ẹ̀wà.,positive
Mo ní inú didùn loni. Mo ti ní ìrírí rere.,positive
"check wa ní ita. Ẹ jọ̀ọ́, ṣe é issue",neutral
meeting kò mọ ohun urgent ó ṣẹlẹ̀.,neutral
Ìbànújẹ no pé o work bẹ́ẹ̀. Mo ní ìbànújẹ loni.,negative
urgent mi dùn pé mo rí no O team ẹ̀wà. Mo ti ní ìrírí rere.,positive
Mo ti dé. O wa ní ah ita.,neutral
O jẹ eniyan ti ko dara rara.,negative
Ohun tí ó ṣẹlẹ̀ kùnà.,negative
O wa ní ita.,neutral
Mo ti urgent ìrírí later problem rẹ̀ support mi lórí.,positive
Ọkàn mi ń rẹ́rù gan-an.,negative
Kò pé rara. issue ní ìbànújẹ okay okay mi work rẹ́rù gan-an.,negative
Inú mi dùn team mo rí ọ. Ọmọde yii jẹ́ ọlọ́gbọ́n gan.,positive
O jẹ eniyan ti ko dara rara.,negative
Mo ní ìbànújẹ loni. Mi ò fẹ́ràn eyi. Ọkàn please ń deadline gan-an.,negative
Mo ti ní ìrírí rere. yes no dara pupọ.,positive
urgent mi ń rẹ́rù gan-an. Ìbànújẹ check deadline check ṣe work,negative
pé ṣe bẹ́ẹ̀. Ẹ̀rọ ni o kò dáadáa. Ìbànújẹ ṣiṣẹ́ náà,negative
N kò mọ ohun tí ó ṣẹlẹ̀. O wa ní team Ẹ̀rọ náà ń ṣiṣẹ́ báyìí.,neutral
Ọjọ́ oni kì í ṣe tó gbóná. Ó jẹ́ pé issue yes ṣeé ṣe.,neutral
O wa ní ita. Mo n lọ sí ile thank you,neutral
Inú mi dùn yes mo rí ọ. Mo fẹ́ràn rẹ work,positive
email ṣeun pupọ fun iranlọwọ rẹ. problem nkan ń lọ dáadáa. Mo fẹ́ràn rẹ gan-an.,positive
issue náà kò team dáadáa. Kò pé rara.,negative
Mo ní ìrírí buburu.,negative
Mo n lọ sí update team O wa ní please A issue pade lọ́la.,neutral
Mo fẹ́ràn rẹ gan-an.,positive
Ìbànújẹ ni pé o ṣe bẹ́ẹ̀. Eyi ko dara rara. Mo ní ìbànújẹ loni.,negative
please ti dé. yes problem ṣe é ṣàlàyé? sorry jẹ́ pé ó ń ṣeé ṣe.,neutral
team urgent ní ìrírí rere.,positive
Ọjọ́ oni dara pupọ. update yii jẹ́ ọlọ́gbọ́n gan.,positive
ni Ọjọ́ pupọ. problem O ẹ̀wà. oni,positive
meeting ní ìbànújẹ loni.,negative
Mi hmm ò fẹ́ràn eyi. Kò pé rara.,negative
Mo ti dé.,neutral
O wa ní ita.,neutral
Mo ní ìrírí support,negative
Mo ti ní ìrírí no,positive
N kò mọ ohun tí ó ṣẹlẹ̀. O wa urgent ita.,neutral
dé. ṣe. o yes jẹ́ ti sorry ń Mo later call later work sorry,neutral
O ni ẹ̀wà.,positive
sorry ti dé. O wa ní problem,neutral
Inú mi dùn team message rí ọ.,positive
meeting deadline ṣe é ṣàlàyé?,neutral
Ẹ̀rọ náà ń ṣiṣẹ́ call,neutral
"Ọjọ́ office kì í ṣe tó gbóná. Ẹ jọ̀ọ́, sorry é ṣàlàyé? N kò hmm mọ ohun tí ó ṣẹlẹ̀.",neutral
call rẹ̀ dá mi lórí.,positive
Eyi ko issue rara. Ìbànújẹ ni pé deadline ṣe bẹ́ẹ̀.,negative
Ohun tí ó update kùnà. Eyi deadline dara rara. Kò pé rara.,negative
Ó jẹ́ okay work ń ṣeé ṣe. A meeting pade lọ́la.,neutral
urgent nkan meeting lọ deadline Mo fẹ́ràn rẹ gan-an. Mo eh call ní ìrírí rere.,positive
Mi ò fẹ́ràn eyi. Eyi ko dara rara.,negative
Ẹ̀rọ okay kò ṣiṣẹ́ dáadáa. Ohun tí ó ṣẹlẹ̀ issue,negative
Eyi ko dara rara. yes jẹ okay ti ko dara rara.,negative
"Ó please pé ó no okay ṣe. Ẹ jọ̀ọ́, ṣe é ṣàlàyé? Ẹ̀rọ náà ń thank you báyìí.",neutral
Ẹ̀rọ meeting message work dáadáa. Mo ní email buburu. Ìbànújẹ ni work o update yes,negative
Gbogbo nkan ń lọ dáadáa. deadline fẹ́ràn team gan-an. Ọmọde yii jẹ́ ọlọ́gbọ́n gan.,positive
Ọkàn no ń rẹ́rù gan-an. Ìbànújẹ issue pé o support bẹ́ẹ̀.,negative
Ọmọde yii jẹ́ ọlọ́gbọ́n sorry,positive
Mo later ní ìrírí rere. Ìfẹ́ rẹ̀ update mi lórí.,positive
"Ẹ̀rọ náà ń ṣiṣẹ́ báyìí. Ẹ jọ̀ọ́, ṣe é call",neutral
Mo ti ní ìrírí rere. Inú mi dùn call mo yes like message Ọmọde problem jẹ́ ọlọ́gbọ́n gan.,positive
thank you oni kì í ṣe tó gbóná.,neutral
Mi ò meeting eyi. Eyi later dara rara. Mo ní urgent buburu.,negative
O ni call O ṣeun pupọ fun iranlọwọ rẹ.,positive
deadline team ìrírí buburu.,negative
call kò mọ no tí work ṣẹlẹ̀.,neutral
A meeting pade lọ́la. O wa ní ita. Mo team call sí team itaja.,neutral
Inú yes dùn pé later rí ọ. Ọmọde yii jẹ́ ọlọ́gbọ́n gan. Mo ti ní ìrírí rere.,positive
rere. no ní ti oni dara update Mo ìrírí,positive
issue pé rara.,negative
N kò mọ ohun meeting ó ṣẹlẹ̀. hmm Mo n lọ sí ile itaja.,neutral
Inú mi later pé meeting rí team,positive
Kò pé rara. Ọkàn mi deadline rẹ́rù check Ìbànújẹ ni pé o support bẹ́ẹ̀.,negative
Mo ti ní ìrírí rere. Mo fẹ́ràn thank you gan-an.,positive
Mo fẹ́ràn rẹ gan-an. Ìfẹ́ message dá mi lórí. Gbogbo nkan ń lọ dáadáa.,positive
thank you náà message ṣiṣẹ́ báyìí. O wa ní meeting Mo n problem sí work team,neutral
sorry jẹ ko eniyan O ti rara.,negative
Ìbànújẹ call pé issue email bẹ́ẹ̀.,negative
"O wa email ita. Ẹ jọ̀ọ́, ṣe é later N kò mọ please tí ó ṣẹlẹ̀.",neutral
Ọjọ́ pupọ. work dara,positive
Ọkàn mi ń rẹ́rù email,negative
Mo ní ìrírí buburu. Mo ní ìbànújẹ loni.,negative
A o pade lọ́la. Mo ti no,neutral
Ó jẹ́ pé ó ń ṣeé ṣe.,neutral
"later ti dé. Ẹ jọ̀ọ́, ṣe é ṣàlàyé?",neutral
Ẹ̀rọ náà ń ṣiṣẹ́ báyìí.,neutral
Mo ní ìbànújẹ loni.,negative
Eyi ko dara problem,negative
ṣe. urgent ń please work Ó ṣeé Mo ti ó,neutral
Inú mi thank you pé mo deadline you know ọ. Mo ti update ìrírí issue,positive
O ṣeun yes fun iranlọwọ yes,positive
"Ẹ jọ̀ọ́, ṣe email ṣàlàyé? O wa ní ita.",neutral
Ọjọ́ yes dara pupọ. Ìfẹ́ rẹ̀ dá mi lórí.,positive
O jẹ support ti meeting office office Ẹ̀rọ office kò ṣiṣẹ́ thank you Ohun team ó ṣẹlẹ̀ call,negative
Mo ti dé. no kò mọ ohun tí ó ṣẹlẹ̀.,neutral
rere. ìrírí Mo ní ní later ti didùn update inú,positive
Mo ní ìbànújẹ loni. O jẹ eniyan ti ko dara rara.,negative
Eyi ko yes rara.,negative
Ẹ̀rọ náà support ṣiṣẹ́ dáadáa. Ìbànújẹ ni like pé email sorry bẹ́ẹ̀. Ohun urgent ó ṣẹlẹ̀ please,negative
Ó issue pé message ń ṣeé ṣe. O wa support call Mo n lọ sí ile itaja.,neutral
Mo rí ọ ní ọ̀sán. support update issue ita.,neutral
O check ẹ̀wà. Mo ní inú didùn loni. Ọmọde yii jẹ́ team gan.,positive
Mo update ọ ní ọ̀sán. Ọjọ́ oni kì deadline ṣe tó gbóná.,neutral
Ohun tí ó ṣẹlẹ̀ kùnà. Mo ní ìrírí buburu.,negative
Mi ò fẹ́ràn update,negative
Ọjọ́ oni dara pupọ.,positive
O wa sorry meeting N kò mọ okay message ó team A thank you pade lọ́la.,neutral
Kò pé rara. O jẹ eniyan ti ko yes rara.,negative
Mo ní ìbànújẹ sorry Ìbànújẹ ni pé o no bẹ́ẹ̀.,negative
check jẹ eniyan ti ko dara rara.,negative
Inú team dùn problem mo rí call,positive
Mo rí ọ ní ọ̀sán. Ẹ̀rọ update yes ṣiṣẹ́ báyìí. Mo n lọ call thank you itaja.,neutral
Mo n like office sí ile itaja. update jẹ́ pé ó ń ṣeé update,neutral
Ọkàn mi ń sorry gan-an. Ohun work ó ṣẹlẹ̀ kùnà. no jẹ eniyan ti ko dara no,negative
dùn ẹ̀wà. issue Inú pé ni meeting mi O mo,positive
Ìfẹ́ rẹ̀ dá mi lórí. Inú mi update pé deadline rí ọ. Mo ti ní ìrírí later,positive
Ọmọde urgent email ọlọ́gbọ́n gan. Gbogbo problem urgent lọ no,positive
Inú deadline work pé email rí ọ. Ọmọde yii jẹ́ ọlọ́gbọ́n gan.,positive
Mo n lọ sí ile itaja.,neutral
Ọkàn mi ń rẹ́rù gan-an. Eyi ko dara rara. O jẹ eniyan sorry ko dara rara.,negative
please Mo rere. later ìrírí Ìfẹ́ lórí. mi ní rẹ̀,positive
ń Gbogbo dáadáa. lọ nkan,positive
pupọ fun okay O ṣeun please,positive
Mo ní ìbànújẹ loni.,negative
A o pade lọ́la. Mo rí support ní ọ̀sán. Ẹ̀rọ náà ń ṣiṣẹ́ báyìí.,neutral
ti ó support ń Ó jẹ́ dé. message pé ṣe.,neutral
Mo fẹ́ràn rẹ gan-an.,positive
Eyi ko yes rara. Ẹ̀rọ náà message ṣiṣẹ́ dáadáa.,negative
Ọjọ́ oni kì í ṣe tó gbóná. O wa ní ita.,neutral
mi ní call lórí. sorry dá loni. Ìfẹ́ mi Mo Inú later rí eh team ọ. didùn dùn,positive
problem call ó ṣẹlẹ̀ kùnà. O jẹ office ti ko sorry call,negative
"Ẹ jọ̀ọ́, ṣe é yes",neutral
Kò pé rara. Eyi ko dara okay,negative
Mo ti dé.,neutral
Ọkàn update ń rẹ́rù gan-an. O urgent eniyan ti message dara rara.,negative
Mo update lọ sí ile please,neutral
O jẹ eniyan ti ko dara call Mo ní ìbànújẹ loni.,negative
thank you ní ìrírí buburu.,negative
O ṣeun pupọ message iranlọwọ later Gbogbo nkan ń lọ deadline,positive
office email ń support gan-an. Ẹ̀rọ náà check ṣiṣẹ́ no,negative
N kò mọ ohun yes ó issue A o pade lọ́la.,neutral
Ẹ̀rọ náà kò ṣiṣẹ́ dáadáa. like Mi ò fẹ́ràn call,negative
Mo ní ìbànújẹ loni.,negative
update ko dara rara.,negative
O deadline eniyan ti ko dara work Ohun tí ó ṣẹlẹ̀ issue Eyi support dara rara.,negative
O ṣeun email fun ah iranlọwọ rẹ. Gbogbo nkan ń urgent dáadáa. Ọmọde office jẹ́ no gan.,positive
update o pade lọ́la. Ẹ̀rọ náà ń ṣiṣẹ́ báyìí.,neutral
Eyi email dara rara.,negative
Ọmọde yii jẹ́ ọlọ́gbọ́n please Inú mi message pé mo rí ọ. ah,positive
Mo fẹ́ràn rẹ gan-an.,positive
Kò pé rara.,negative
Ọkàn deadline ń rẹ́rù gan-an.,negative
Ìfẹ́ rẹ̀ dá mi lórí.,positive
O jẹ eniyan ti ko dara rara. Ohun tí ó ṣẹlẹ̀ kùnà.,negative
Mo fẹ́ràn rẹ gan-an.,positive
O ni ẹ̀wà.,positive
okay kò mọ ohun tí ó ṣẹlẹ̀. Ẹ̀rọ náà ń team báyìí.,neutral
ṣeun office rẹ. message meeting fun,positive
"Mo n later sí ile itaja. Ọjọ́ oni deadline í ṣe tó gbóná. Ẹ jọ̀ọ́, ṣe é ṣàlàyé?",neutral
Eyi ko dara rara.,negative
Ẹ̀rọ náà ń ṣiṣẹ́ báyìí. N kò like mọ ohun tí ó ṣẹlẹ̀.,neutral
message fẹ́ràn rẹ gan-an. Ìfẹ́ rẹ̀ dá office lórí.,positive
Inú mi dùn pé mo urgent ọ.,positive
Ìbànújẹ ni pé o ṣe bẹ́ẹ̀.,negative
Gbogbo nkan ń urgent later,positive
Ìfẹ́ rẹ̀ dá you know mi email O ni ẹ̀wà.,positive
ṣiṣẹ́ dáadáa. Ẹ̀rọ kò náà,negative
Kò problem rara.,negative
Mo work ìbànújẹ loni.,negative
Ọkàn mi ń rẹ́rù gan-an. Mi ò fẹ́ràn eyi. Kò pé rara.,negative
Mo ti dé.,neutral
Ìfẹ́ hmm rẹ̀ dá email lórí. Inú no okay pé mo rí office,positive
Ohun problem ó sorry kùnà.,negative
thank you náà kò yes dáadáa.,negative
O ṣeun pupọ fun iranlọwọ rẹ.,positive
Ẹ team ṣe please message Ẹ̀rọ náà ń ṣiṣẹ́ call Mo urgent ọ ní office,neutral
no check kì í ṣe message gbóná. A o like pade email,neutral
team mi work ah rẹ́rù gan-an.,negative
email didùn loni. ṣeun dara Ọjọ́ O iranlọwọ fun Mo ní oni support pupọ. inú,positive
pé mo Inú ọ. sorry problem message,positive
check ní ìbànújẹ loni. Ohun tí ó later kùnà. Mo please ìrírí buburu.,negative
ní tí Mo ìbànújẹ ṣẹlẹ̀ kùnà. Ohun please ó,negative
ọ̀sán. work Mo later rí,neutral
Ohun tí issue thank you kùnà.,negative
O ni ẹ̀wà.,positive
Mo rí ọ ní ọ̀sán.,neutral
O jẹ eniyan ti ko dara rara. problem pé support Ohun tí ó later support,negative
"Mo jọ̀ọ́, support dé. Ẹ okay no okay",neutral
Mo problem dé.,neutral
Ọjọ́ oni issue pupọ. Ìfẹ́ rẹ̀ ah dá meeting lórí.,positive
meeting ní ìbànújẹ loni. Ohun urgent team message kùnà.,negative
Ọjọ́ oni thank you pupọ. no rẹ̀ dá mi lórí. Mo no ní ìrírí rere.,positive
Kò thank you rara. Mi ò later eyi.,negative
okay email kò ṣiṣẹ́ dáadáa.,negative
Ìbànújẹ ni pé o urgent bẹ́ẹ̀.,negative
Ẹ̀rọ náà ń ṣiṣẹ́ issue Ọjọ́ oni kì í call meeting gbóná.,neutral
Mo eh fẹ́ràn rẹ gan-an.,positive
urgent o pade lọ́la. you know Ẹ̀rọ náà ń ṣiṣẹ́ báyìí.,neutral
Ẹ̀rọ support ń ṣiṣẹ́ báyìí.,neutral
O ni office O ṣeun pupọ fun iranlọwọ rẹ. office oni dara pupọ. you know,positive
O jẹ eniyan ti ko work check Mo yes ìbànújẹ loni.,negative
Mo ti ní yes rere.,positive
"Ẹ jọ̀ọ́, ṣe é ṣàlàyé?",neutral
Ó jẹ́ support support yes ṣeé ṣe.,neutral
Kò pé message O jẹ eniyan ti ko dara rara.,negative
Ìbànújẹ ni pé o ṣe bẹ́ẹ̀.,negative
Ẹ̀rọ náà ń problem báyìí. issue o pade lọ́la.,neutral
Mo ti yes ìrírí rere. Mo ní inú didùn loni. Ọmọde yii check ọlọ́gbọ́n okay,positive
Ọjọ́ oni problem pupọ. O ni message work rẹ̀ dá mi lórí.,positive
Ọjọ́ oni kì í ṣe tó gbóná. issue wa ní ita.,neutral
sorry team support sorry Ohun check ó ṣẹlẹ̀ okay,negative
later check ń lọ dáadáa. meeting thank you ẹ̀wà. Ọjọ́ oni dara pupọ.,positive
check jẹ́ urgent thank you sorry ṣeé like ṣe. Ọjọ́ oni kì work ṣe tó gbóná. later meeting lọ sí sorry itaja.,neutral
N kò mọ team tí yes ṣẹlẹ̀.,neutral
no rẹ̀ dá mi lórí.,positive
Mo fẹ́ràn rẹ gan-an. Inú mi dùn pé mo rí ọ.,positive
Ẹ̀rọ check later ṣiṣẹ́ dáadáa.,negative
"support jọ̀ọ́, ṣe é ṣàlàyé? O wa ní ita.",neutral
Ọmọde update jẹ́ ọlọ́gbọ́n urgent,positive
Mo ní inú hmm didùn loni.,positive
O like sorry ẹ̀wà.,positive
Mo ti ní message rere.,positive
Ẹ̀rọ náà meeting ṣiṣẹ́ báyìí.,neutral
work mi dùn please mo please ọ. O ṣeun pupọ okay iranlọwọ no Ọjọ́ oni email pupọ.,positive
Eyi message dara rara. Ohun meeting ó ṣẹlẹ̀ kùnà.,negative
Inú mi dùn pé mo rí ọ. Ìfẹ́ rẹ̀ dá mi lórí.,positive
O issue ní ita. email oni okay email ṣe tó gbóná. Ó yes pé ó ń ṣeé ṣe.,neutral
Mi ò fẹ́ràn eyi. deadline tí ó ṣẹlẹ̀ kùnà.,negative
"Ẹ̀rọ náà ń sorry báyìí. O team ní ita. work jọ̀ọ́, ṣe later ṣàlàyé?",neutral
Mo ti ní ìrírí rere. issue no rẹ gan-an.,positive
O jẹ eniyan ti ko dara rara. Mi ò fẹ́ràn eyi.,negative
Mo email inú didùn loni. no yii jẹ́ ọlọ́gbọ́n gan.,positive
pupọ mi urgent O rẹ. Inú team iranlọwọ dùn mo ọ. ṣeun pé,positive
issue sorry ó ṣẹlẹ̀ office Mi ò fẹ́ràn please,negative
Mo n thank you sí ile itaja.,neutral
Mo check dé.,neutral
email like ti ní meeting rere. Gbogbo nkan ń lọ dáadáa.,positive
"jọ̀ọ́, Ẹ O ṣẹlẹ̀. ó ṣe tí é ní N ita. ohun mọ later ṣàlàyé? wa",neutral
Ìbànújẹ ni pé o ṣe bẹ́ẹ̀. Mo ní office buburu. Mi ò yes eyi.,negative
deadline oni dara pupọ. meeting fẹ́ràn eh rẹ thank you,positive
Gbogbo nkan ń lọ dáadáa. Ọmọde yii thank you ọlọ́gbọ́n gan. Mo fẹ́ràn team gan-an.,positive
Ìfẹ́ rẹ̀ dá mi lórí. ah,positive
Gbogbo thank you ń lọ dáadáa. Mo okay check didùn loni.,positive
O later pupọ fun iranlọwọ rẹ. Ìfẹ́ rẹ̀ dá office lórí.,positive
Ẹ̀rọ náà ń ṣiṣẹ́ báyìí. Ọjọ́ oni kì í support tó gbóná.,neutral
O wa ní ita. Mo ti problem,neutral
"Ẹ jọ̀ọ́, ṣe yes ṣàlàyé? urgent rí ọ ní support call jẹ́ pé ó ń ṣeé ṣe.",neutral
Inú mi dùn pé mo rí ọ. Ìfẹ́ rẹ̀ dá mi lórí. Ọjọ́ oni please pupọ.,positive
O jẹ eniyan ti team dara rara. Ohun tí urgent ṣẹlẹ̀ kùnà. Ẹ̀rọ náà kò ṣiṣẹ́ dáadáa.,negative
Ọkàn mi ń rẹ́rù gan-an. Mo urgent ìbànújẹ loni.,negative
Ìfẹ́ rẹ̀ dá thank you lórí. Mo ní inú didùn loni. no ti urgent ìrírí rere.,positive
Mo ti ní ìrírí rere. please fẹ́ràn rẹ check Ìfẹ́ rẹ̀ dá mi lórí.,positive
Ó no pé ó ń ṣeé ṣe.,neutral
Mo n lọ sí ile thank you Ọjọ́ work kì yes urgent update okay,neutral
Eyi ko dara rara.,negative
Ohun tí ó ṣẹlẹ̀ kùnà.,negative
O ṣeun please fun iranlọwọ rẹ. Mo yes ní ìrírí rere. Mo ní inú didùn loni.,positive
Mo problem work later ile itaja. Ó jẹ́ pé ó ń ṣeé ṣe.,neutral
Mo ti ní ìrírí rere.,positive
Gbogbo nkan ń lọ dáadáa.,positive
O wa ní ita. Ọjọ́ oni kì í please tó gbóná. Mo n lọ sí ile sorry,neutral
"Mo ti dé. Ẹ jọ̀ọ́, sorry thank you ṣàlàyé? O wa ní ita.",neutral
N kò please ohun thank you ó ṣẹlẹ̀.,neutral
Ẹ̀rọ náà ń ṣiṣẹ́ báyìí.,neutral
Mo rí ọ yes ọ̀sán.,neutral
Ẹ̀rọ náà ń ṣiṣẹ́ báyìí.,neutral
Ìfẹ́ rẹ̀ team mi lórí.,positive
Mo rí ọ ní email,neutral
message work dá mi office Mo thank you inú didùn loni.,positive
urgent mi ń okay gan-an. Ẹ̀rọ náà kò please sorry ah Mo ní ìrírí problem,negative
Mo ti yes,neutral
Eyi ko no rara.,negative
"Ẹ jọ̀ọ́, okay é ṣàlàyé? message no mọ ohun work ó team Ẹ̀rọ náà ń ṣiṣẹ́ báyìí.",neutral
support message ọ issue ọ̀sán. A o pade lọ́la.,neutral
O wa ní ita.,neutral
Gbogbo team ń lọ dáadáa. Ìfẹ́ rẹ̀ dá mi yes,positive
O jẹ eniyan ti later dara rara. ah,negative
Ohun email call check kùnà.,negative
N kò mọ office tí ó ṣẹlẹ̀.,neutral
"Ẹ jọ̀ọ́, ṣe é ṣàlàyé? urgent jẹ́ pé okay ah ń ṣeé ṣe.",neutral
O ṣeun pupọ fun iranlọwọ problem Mo ní inú didùn loni. email ni ẹ̀wà.,positive
Ọjọ́ oni deadline pupọ. Mo ní team didùn loni.,positive
ita. ní wa O,neutral
Ọjọ́ okay kì call ṣe tó gbóná. Ó message pé ó urgent ṣeé ṣe.,neutral
Mo ní ìbànújẹ loni. call problem kò support dáadáa.,negative
O ni ẹ̀wà.,positive
O ni ẹ̀wà. Ọmọde yii jẹ́ email please Gbogbo nkan ń lọ issue,positive
Mo ti ní ìrírí office O ni ẹ̀wà. call mi dùn pé mo rí ọ.,positive
Ọjọ́ oni dara pupọ. support fẹ́ràn rẹ gan-an.,positive
Ọjọ́ oni kì í work tó sorry O wa ní ita.,neutral
check kò mọ ohun tí ó ṣẹlẹ̀. Ẹ̀rọ náà ń okay báyìí.,neutral
Mo rí thank you ní call,neutral
yes ní ìrírí buburu. Ohun please ó ṣẹlẹ̀ kùnà.,negative
Inú mi dùn pé mo rí deadline,positive
"support rí ọ ní ọ̀sán. Ẹ jọ̀ọ́, ṣe é ṣàlàyé?",neutral
pé support ṣeé o ó ṣe. jẹ́ work lọ́la. Ó pade,neutral
Ó jẹ́ pé okay ń ṣeé ṣe. Ọjọ́ oni eh kì í support tó gbóná.,neutral
O problem eniyan ti ko dara rara. Mi yes fẹ́ràn eyi. Ọkàn mi ń rẹ́rù update,negative
urgent ṣeun pupọ fun iranlọwọ message,positive
Ọjọ́ call dara pupọ. thank you ti ní ìrírí yes,positive
Ọjọ́ oni dara pupọ. O thank you ẹ̀wà.,positive
sorry wa ní ita.,neutral
yes ko dara call meeting email ń rẹ́rù gan-an.,negative
Ọjọ́ oni dara pupọ.,positive
ẹ̀wà. Mo fẹ́ràn ni O gan-an. rẹ,positive
Ọjọ́ oni kì í yes tó gbóná. office rí ọ meeting ọ̀sán. Ó jẹ́ pé ó ń ṣeé team,neutral
Ohun tí team ṣẹlẹ̀ kùnà.,negative
"Ẹ jọ̀ọ́, sorry é ṣàlàyé?",neutral
Ìbànújẹ ni pé o ṣe bẹ́ẹ̀. Eyi problem dara rara. issue jẹ eniyan ti ko dara rara.,negative
Ìbànújẹ ni pé o ṣe bẹ́ẹ̀. Ọkàn email ń rẹ́rù gan-an.,negative
Inú mi dùn update mo rí ọ. ah,positive
message okay dá mi lórí. Ọmọde yii jẹ́ ọlọ́gbọ́n update,positive
meeting náà kò ṣiṣẹ́ dáadáa. Mi ò fẹ́ràn eyi. yes ní ìrírí buburu.,negative
O sorry ẹ̀wà. O ṣeun pupọ fun iranlọwọ rẹ.,positive
Mo eh ní ìrírí buburu. Ìbànújẹ ni pé o ṣe bẹ́ẹ̀.,negative
Ọmọde please jẹ́ issue later Ọjọ́ later dara pupọ. Mo ti urgent ìrírí rere.,positive
Mo ti ní ìrírí rere. O deadline ẹ̀wà.,positive
Mo thank you ìbànújẹ loni.,negative
work please ẹ̀wà. problem ní inú didùn loni.,positive
oni Ọjọ́ work ita. ṣe gbóná. kì O í ní wa,neutral
Gbogbo nkan support lọ dáadáa.,positive
Mo ní ìrírí buburu.,negative
message rẹ̀ dá mi check O ni ẹ̀wà. Mo fẹ́ràn deadline gan-an.,positive
Inú mi dùn later mo rí meeting,positive
O jẹ eniyan ti ko dara rara. Mo ní ìbànújẹ loni.,negative
Ọkàn issue ń rẹ́rù gan-an.,negative
Ọjọ́ oni thank you pupọ. Inú mi meeting pé sorry rí yes Mo ti ní ìrírí work,positive
Ẹ̀rọ yes ń ṣiṣẹ́ office,neutral
deadline urgent email ọlọ́gbọ́n gan. Mo ní inú didùn loni.,positive
Mo ní ìbànújẹ loni. Eyi ko dara rara.,negative
Mi yes meeting eyi.,negative
Ìbànújẹ ni work o message bẹ́ẹ̀. Eyi team dara rara.,negative
later tí ó no support Ẹ̀rọ náà kò ṣiṣẹ́ dáadáa.,negative
Ó jẹ́ issue ó team ṣeé ṣe. N check mọ sorry tí ó ṣẹlẹ̀.,neutral
A sorry pade lọ́la.,neutral
A o pade lọ́la.,neutral
Ọmọde yii jẹ́ ọlọ́gbọ́n gan. Mo ti ní please rere.,positive
Inú okay dùn pé mo rí ọ. Mo fẹ́ràn rẹ gan-an. support rẹ̀ dá mi lórí.,positive
Ọjọ́ work kì yes yes tó gbóná.,neutral
Mi ò fẹ́ràn eyi.,negative
Mo ní ìrírí buburu. please later fẹ́ràn no O jẹ eniyan ti ko dara rara.,negative
Mi yes fẹ́ràn check Ohun tí ó ṣẹlẹ̀ update like Ìbànújẹ ni pé o ṣe bẹ́ẹ̀.,negative
no message ìbànújẹ loni.,negative
Ẹ̀rọ náà kò meeting dáadáa. Eyi ko please support,negative
office náà ń ṣiṣẹ́ message like,neutral
Mi ò fẹ́ràn eyi. Ìbànújẹ ni pé o ṣe later,negative
Mo n lọ update ile itaja. Mo later ọ ní ọ̀sán. Ẹ message ṣe é ṣàlàyé?,neutral
yes mi ń rẹ́rù gan-an. Mi office team eyi. Ohun problem ó ṣẹlẹ̀ kùnà.,negative
Ó jẹ́ pé ó okay ṣeé ṣe.,neutral
team o team lọ́la. N kò mọ ohun office ó issue,neutral
meeting ní ìrírí buburu. Eyi ko dara rara.,negative
o loni. deadline Ẹ̀rọ okay kò ṣe ni Mo pé ní meeting bẹ́ẹ̀. ṣiṣẹ́ náà,negative
Eyi ko dara rara.,negative
Ẹ̀rọ náà kò support call Ọkàn mi work update gan-an.,negative
N kò mọ ohun tí ó urgent Ẹ̀rọ náà email ṣiṣẹ́ báyìí.,neutral
later oni ah dara pupọ.,positive
Ọkàn mi ń rẹ́rù check,negative
Ìbànújẹ ni pé o ṣe bẹ́ẹ̀.,negative
Ẹ̀rọ náà ń please báyìí.,neutral
yes náà kò no dáadáa.,negative
update meeting ń thank you later Eyi ko dara rara.,negative
Ẹ̀rọ náà kò team dáadáa. Mi ò fẹ́ràn eyi.,negative
message wa ita. O,neutral
O jẹ eniyan ti ko dara thank you Mi ò problem eyi.,negative
"Ẹ jọ̀ọ́, ṣe é ṣàlàyé? Ẹ̀rọ náà problem ṣiṣẹ́ báyìí.",neutral
ah Eyi ko dara rara.,negative
update update jẹ́ ọlọ́gbọ́n gan. Ìfẹ́ yes dá mi lórí.,positive
"Ẹ jọ̀ọ́, ah check é email",neutral
Ó jẹ́ pé issue ń ṣeé message,neutral
Inú email dùn pé mo rí ọ. Ìfẹ́ rẹ̀ urgent mi lórí.,positive
Eyi ko dara rara. Ọkàn mi ń rẹ́rù gan-an. Mo ní ìbànújẹ loni.,negative
Ọkàn mi ń rẹ́rù check,negative
Ọjọ́ oni kì í ṣe tó gbóná. okay deadline ń like no báyìí.,neutral
ko rara. Eyi dara,negative
Ọkàn mi ń rẹ́rù gan-an.,negative
urgent oni yes issue Mo ní inú call loni.,positive
deadline yii yes ọlọ́gbọ́n gan.,positive
Ìfẹ́ message issue mi lórí.,positive
Ohun tí ó okay kùnà.,negative
meeting sorry ń ṣiṣẹ́ báyìí.,neutral
support náà ń ṣiṣẹ́ báyìí. problem rí update message ọ̀sán.,neutral
Kò thank you rara.,negative
rara. pé thank you pé ṣe o bẹ́ẹ̀. call ni,negative
"Mo ti dé. Ẹ jọ̀ọ́, yes é please",neutral
O ṣeun pupọ fun iranlọwọ rẹ. Ìfẹ́ rẹ̀ dá mi lórí.,positive
Mo ní ìrírí buburu.,negative
pé office rí Inú mo ọ. mi,positive
O jẹ eniyan ti ko dara rara. Mi ò issue eyi. Ẹ̀rọ náà kò ṣiṣẹ́ dáadáa.,negative
Ọkàn update please rẹ́rù gan-an. Eyi ko dara update Ìbànújẹ ni pé o update bẹ́ẹ̀.,negative
bẹ́ẹ̀. ṣe Ẹ̀rọ Ìbànújẹ meeting pé o pé ni náà ṣiṣẹ́ rara. kò dáadáa.,negative
Gbogbo nkan later office dáadáa.,positive
Gbogbo nkan ń lọ okay,positive
Gbogbo nkan ń lọ call work ní inú didùn thank you,positive
Ó urgent pé ó problem message meeting Mo ti dé.,neutral
"Ẹ jọ̀ọ́, ṣe é ṣàlàyé?",neutral
call mi later rẹ́rù urgent Kò okay rara.,negative
A o pade office,neutral
problem dá rẹ̀ Ìfẹ́ team,positive
Ẹ office no é ṣàlàyé? Mo n lọ sí later itaja. Ó jẹ́ pé ó ń ṣeé ṣe.,neutral
thank you ko dara yes,negative
Mo ní ìbànújẹ loni.,negative
Ó jẹ́ pé meeting ń ṣeé no,neutral
Kò pé rara. Mo ní ìrírí buburu.,negative
Kò call later Ẹ̀rọ náà kò ṣiṣẹ́ dáadáa.,negative
ko update dara Eyi,negative
Ìbànújẹ ni deadline o ṣe issue,negative
meeting please meeting ṣẹlẹ̀ kùnà. Ìbànújẹ ni pé team please work no ò fẹ́ràn eyi.,negative
Ọjọ́ oni dara pupọ.,positive
team kò dáadáa. please sorry,negative
problem okay ń ṣiṣẹ́ báyìí. N eh team mọ ohun tí problem ṣẹlẹ̀.,neutral
support oni kì í ṣe tó update Mo ti dé.,neutral
Ọjọ́ please dara pupọ. O okay pupọ fun iranlọwọ rẹ.,positive
n ile lọ later Mo itaja.,neutral
ti Mo ní rere. ìrírí,positive
Mo rí ọ ní ọ̀sán. A o pade lọ́la.,neutral
Ìbànújẹ ni pé o ṣe bẹ́ẹ̀.,negative
Ọkàn later ń urgent gan-an.,negative
"message jẹ́ pé ó ń ṣeé support Ẹ jọ̀ọ́, ṣe é email",neutral
Ohun tí ó call kùnà. Ẹ̀rọ náà kò ṣiṣẹ́ dáadáa.,negative
Ohun tí ó office kùnà.,negative
Gbogbo nkan okay no dáadáa. Ọjọ́ oni check pupọ. O ni ẹ̀wà.,positive
"office jọ̀ọ́, ṣe please update check o pade lọ́la.",neutral
O jẹ eniyan ti ko dara rara.,negative
ní Ọmọde oni rere. yii jẹ́ gan. ìrírí okay ọlọ́gbọ́n pupọ. Ọjọ́ dara ti,positive
Mo email lọ urgent ile itaja.,neutral
Ọkàn mi ń rẹ́rù gan-an. Mo issue ìbànújẹ loni.,negative
Gbogbo nkan ń lọ dáadáa. O ni ẹ̀wà. Mo ní inú didùn urgent,positive
O jẹ eniyan ti ko dara rara.,negative
Mo urgent ní ìrírí rere. Ọmọde yii jẹ́ ọlọ́gbọ́n sorry O ni ẹ̀wà.,positive
A o message lọ́la. N okay mọ ohun tí ó ṣẹlẹ̀.,neutral
lórí. message rẹ̀ mi Ìfẹ́ dá Mo gan-an. rẹ,positive
O ni ẹ̀wà. update mi dùn sorry mo meeting ọ.,positive
work rẹ̀ dá mi lórí.,positive
Ẹ sorry ṣe yes ṣàlàyé? O wa ní update,neutral
"Ẹ jọ̀ọ́, ṣe you know é ṣàlàyé? update wa ní thank you",neutral
Ẹ̀rọ náà ń email báyìí. O wa ní ita.,neutral
update ni pé o ṣe bẹ́ẹ̀.,negative
"O wa ní ita. Ẹ jọ̀ọ́, ṣe é ṣàlàyé?",neutral
Gbogbo nkan office lọ dáadáa. Ọmọde yii jẹ́ ọlọ́gbọ́n gan.,positive
work thank you rẹ thank you yes mi dùn pé check rí ọ. O ṣeun later fun iranlọwọ rẹ.,positive
"Ẹ jọ̀ọ́, ṣe é urgent",neutral
Kò pé rara. thank you ni pé o ṣe bẹ́ẹ̀. Mi ò fẹ́ràn eyi.,negative
call fẹ́ràn rẹ gan-an.,positive
you know Kò pé rara.,negative
email urgent rẹ issue Ìfẹ́ rẹ̀ dá mi lórí. Mo ní inú didùn loni.,positive
meeting ò hmm team eyi.,negative
Mo ní inú didùn loni. Ìfẹ́ rẹ̀ support office lórí. O ni ẹ̀wà.,positive
later ní ìbànújẹ loni.,negative
team ni pé call hmm ṣe bẹ́ẹ̀.,negative
Mo ní ìbànújẹ loni. Eyi ko dara rara.,negative
Mo problem yes sí ile itaja.,neutral
Ọmọde yii jẹ́ ọlọ́gbọ́n gan.,positive
Ọkàn mi ń rẹ́rù hmm gan-an.,negative
O wa please ita.,neutral
Ọjọ́ oni dara pupọ.,positive
Ìbànújẹ please pé meeting ṣe deadline Mo ní ìbànújẹ loni. Eyi ko dara rara.,negative
ile n itaja. sí lọ Mo,neutral
Mo ní ìrírí buburu. team ò fẹ́ràn eyi. O team eniyan ti ko dara rara.,negative
Mo work ní ìrírí rere. Ìfẹ́ rẹ̀ dá mi lórí.,positive
ní inú Mo work loni.,positive
Ìfẹ́ okay sorry mi lórí. okay nkan ń lọ team,positive
Ọjọ́ team kì í ṣe tó gbóná.,neutral
call issue kì thank you deadline tó work,neutral
Kò support rara. Mo ní issue sorry,negative
Ó jẹ́ pé ó meeting ṣeé urgent Mo rí ọ ní meeting A o meeting lọ́la.,neutral
Mo ti ní ìrírí please,positive
thank you ní ìrírí thank you,negative
ṣẹlẹ̀. message kò ohun N tí check,neutral
O ṣeun pupọ deadline issue rẹ.,positive
Mo ní ìbànújẹ loni.,negative
Gbogbo nkan ń email dáadáa. Inú mi dùn pé meeting rí ọ. team rẹ̀ dá mi lórí.,positive
Ó team pé ó ń please ṣe. A o pade deadline,neutral
Mo work issue ìrírí support sorry oni dara pupọ.,positive
Eyi ko call check office message ìbànújẹ loni.,negative
O ṣeun pupọ call iranlọwọ sorry,positive
Ẹ̀rọ náà kò message meeting O jẹ eniyan ti ko dara rara.,negative
N kò mọ ohun tí like ó ṣẹlẹ̀.,neutral
Eyi ko dara rara. Ẹ̀rọ náà kò sorry dáadáa. yes ni pé o ṣe bẹ́ẹ̀.,negative
Ọkàn you know mi ń rẹ́rù gan-an.,negative
Ìfẹ́ ti lórí. rere. rẹ̀ issue ní problem Mo mi,positive
yes sorry ń work gan-an. Mo ní ìrírí later,negative
Ọmọde yii jẹ́ ọlọ́gbọ́n gan. Mo later inú didùn loni.,positive
Ọjọ́ urgent dara pupọ. Gbogbo nkan ń lọ dáadáa.,positive
Mo ní ìbànújẹ loni.,negative
yes O ni,positive
Kò pé rara.,negative
Mo fẹ́ràn please gan-an. Gbogbo call ń lọ dáadáa.,positive
A o issue problem N team mọ check tí ó ṣẹlẹ̀.,neutral
Ohun yes ó ṣẹlẹ̀ kùnà.,negative
"no jọ̀ọ́, work é ṣàlàyé?",neutral
Ẹ̀rọ náà kò ṣiṣẹ́ dáadáa.,negative
Gbogbo nkan ń lọ dáadáa. Ọjọ́ oni okay pupọ.,positive
Ìbànújẹ ni pé o ṣe bẹ́ẹ̀. O jẹ eniyan ti ko dara okay Kò pé rara.,negative
Ó no pé ó ń ṣeé ṣe.,neutral
check náà kò ṣiṣẹ́ dáadáa. Kò pé rara.,negative
issue mi dùn pé mo later ọ. Gbogbo nkan ń update dáadáa.,positive
meeting ni ẹ̀wà. office ti work ìrírí work hmm,positive
O jẹ eniyan okay ko dara deadline Mo ní ìbànújẹ loni.,negative
Ọjọ́ oni please pupọ.,positive
Kò pé urgent,negative
Mo rí ọ ní ọ̀sán. O please ní ita. update oni email í ṣe tó gbóná.,neutral
yes jẹ ko ti rara. O support,negative
Ọjọ́ oni dara pupọ. meeting please jẹ́ ọlọ́gbọ́n gan.,positive
Ìfẹ́ no support urgent lórí.,positive
Mo deadline lọ sí ile itaja. support sorry email ohun tí ó ṣẹlẹ̀.,neutral
Ẹ̀rọ náà ń ṣiṣẹ́ sorry,neutral
office office fẹ́ràn okay,negative
Mi ò fẹ́ràn eyi. thank you tí ó ṣẹlẹ̀ meeting Ọkàn mi yes rẹ́rù gan-an.,negative
"please jọ̀ọ́, call é work Ẹ̀rọ náà ń office báyìí.",neutral
Mo fẹ́ràn rẹ gan-an.,positive
Mo ti dé.,neutral
A o pade lọ́la. Mo n lọ email ile itaja. Ẹ̀rọ náà ń ṣiṣẹ́ báyìí.,neutral
Ọkàn mi ń rẹ́rù gan-an.,negative
issue tí ó ṣẹlẹ̀ kùnà.,negative
Ìfẹ́ rẹ̀ dá mi lórí.,positive
issue message ní email rere.,positive
Ó eh pé ṣeé ṣe. work ó jẹ́,neutral
Ìfẹ́ rẹ̀ dá support lórí.,positive
Mo ní ìrírí buburu.,negative
Eyi ko dara rara.,negative
A please pade lọ́la. Mo ti urgent,neutral
"Ẹ jọ̀ọ́, ṣe é message",neutral
"Ẹ jọ̀ọ́, ṣe é you know ṣàlàyé?",neutral
A o pade call sorry oni hmm kì í ṣe check gbóná.,neutral
O ni ẹ̀wà. O team support fun iranlọwọ rẹ.,positive
Mo ti ní ìrírí sorry O ni ẹ̀wà.,positive
Kò pé yes,negative
Ọmọde yii jẹ́ ọlọ́gbọ́n gan.,positive
Ẹ̀rọ check okay check dáadáa.,negative
email issue lọ sí ile itaja.,neutral
Mo n lọ sí ile itaja.,neutral
team Eyi dara ko,negative
N no mọ ohun tí ó ṣẹlẹ̀. Mo team dé.,neutral
O ní ita. wa,neutral
mo deadline ọ. okay rí mi pé,positive
O ṣeun pupọ fun iranlọwọ problem,positive
Ó check meeting ó ń ṣeé ṣe. Ẹ̀rọ náà thank you ṣiṣẹ́ báyìí. yes n sorry sí ile itaja.,neutral
Ohun tí office ṣẹlẹ̀ kùnà. Kò pé deadline,negative
Ẹ̀rọ náà okay ṣiṣẹ́ báyìí. A o pade lọ́la.,neutral
no mi issue rẹ́rù gan-an. Kò update rara.,negative
Kò no rara.,negative
please pé rara. check ni pé o ṣe bẹ́ẹ̀.,negative
thank you kò yes problem tí ó ṣẹlẹ̀. Mo rí ọ ní ọ̀sán.,neutral
Ìfẹ́ rẹ̀ dá mi lórí. Mo hmm ní inú didùn no,positive
Mo rí ọ ní work,neutral
Mo okay rẹ gan-an.,positive
Ọjọ́ oni kì í ṣe tó check N kò mọ ohun tí ó ṣẹlẹ̀.,neutral
Mo ti dé.,neutral
O issue meeting ita. Mo rí ọ urgent update,neutral
Mo no ìbànújẹ loni.,negative
Ìfẹ́ rẹ̀ dá mi lórí.,positive
pé ìbànújẹ Mo ní issue message ṣe loni. o bẹ́ẹ̀.,negative
Mo ti ní ìrírí rere. update ṣeun pupọ fun iranlọwọ rẹ. Ìfẹ́ rẹ̀ dá mi lórí.,positive
O jẹ no ti ko dara urgent,negative
Gbogbo nkan ń lọ like dáadáa.,positive
Mi ò office eyi. problem náà sorry ṣiṣẹ́ dáadáa.,negative
deadline ko dara rara. Mo ní ìbànújẹ loni.,negative
Ohun tí ó ṣẹlẹ̀ issue Ẹ̀rọ náà kò ṣiṣẹ́ dáadáa.,negative
O please ẹ̀wà. Ọmọde yii jẹ́ ọlọ́gbọ́n message,positive
pé yes rara. ti ni call dara ṣe O ko office jẹ bẹ́ẹ̀.,negative
Mo rí ọ ní ọ̀sán. Ọjọ́ deadline kì í ṣe tó update,neutral
O ni ẹ̀wà. Ọmọde yii jẹ́ ọlọ́gbọ́n no message rẹ̀ dá mi lórí.,positive
support meeting rara. update ní ìbànújẹ loni.,negative
Ẹ̀rọ náà please urgent dáadáa. Kò office rara.,negative
Mo ní ìbànújẹ loni. Kò pé rara.,negative
Mo ní ìbànújẹ meeting,negative
dara rere. oni Mo ìrírí okay ti ní pupọ.,positive
Mo sorry inú okay loni. email fẹ́ràn rẹ gan-an. Ọjọ́ oni urgent pupọ.,positive
O jẹ eniyan urgent ko dara rara.,negative
Ohun tí ó ṣẹlẹ̀ kùnà. Eyi ko dara rara.,negative
ni O ẹ̀wà.,positive
Ẹ̀rọ náà ń ṣiṣẹ́ báyìí. Mo n problem sí ile itaja. Ẹ email ṣe é ṣàlàyé?,neutral
eh Ọkàn mi ń thank you update Mi ò message eyi.,negative
office wa ní ita.,neutral
Mo ní inú didùn loni. O ṣeun meeting fun iranlọwọ rẹ.,positive
Inú mi update pé mo rí ọ.,positive
Gbogbo nkan ń lọ dáadáa. Ọmọde yii jẹ́ ọlọ́gbọ́n gan.,positive
Eyi ko dara rara. Ẹ̀rọ náà kò ṣiṣẹ́ dáadáa.,negative
ita. O ní yes,neutral
Ó jẹ́ pé ó ń ṣeé ṣe. N kò email ohun tí ó ṣẹlẹ̀. Mo ti dé.,neutral
Kò pé rara. Mo ní ìbànújẹ loni.,negative
Gbogbo check email lọ dáadáa.,positive
Ó jẹ́ pé ó ń ṣeé problem,neutral
message pé no,negative
Mo ti ní ìrírí rere. deadline ṣeun pupọ fun iranlọwọ rẹ.,positive
Kò pé rara.,negative
N kò mọ ohun thank you ó ṣẹlẹ̀.,neutral
Mo team ìrírí buburu.,negative
O team ẹ̀wà. please ti ní ìrírí rere. Mo you know ní inú didùn loni.,positive
please n office sí ile itaja. O wa ní you know ita. A o pade support,neutral
Ẹ̀rọ náà ń ṣiṣẹ́ báyìí.,neutral
O ni ẹ̀wà. Ìfẹ́ team dá mi meeting,positive
no ko dara rara. Ọkàn please ń rẹ́rù gan-an.,negative
N kò mọ ohun tí ó ṣẹlẹ̀. O no ní ita.,neutral
O wa ní ita. Mo support lọ sí ile itaja.,neutral
Ọjọ́ oni dara pupọ.,positive
ti pé check eniyan ni rara. O jẹ o ṣe dara sorry ah bẹ́ẹ̀.,negative
O ni ẹ̀wà. Ọmọde yii jẹ́ no gan.,positive
Ẹ̀rọ náà kò ṣiṣẹ́ dáadáa.,negative
Kò pé problem,negative
Mo rí ọ check ọ̀sán.,neutral
Inú team email pé mo urgent ọ. Ọmọde yii jẹ́ ọlọ́gbọ́n gan.,positive
Ọkàn mi no work later Eyi like ko dara rara.,negative
O jẹ eniyan ti call dara call,negative
Gbogbo nkan ń lọ dáadáa. O ṣeun pupọ fun urgent thank you,positive
Ẹ̀rọ náà ń ṣiṣẹ́ báyìí. check oni kì í work tó gbóná.,neutral
Ọmọde message jẹ́ problem check O ṣeun like pupọ fun iranlọwọ yes,positive
Gbogbo nkan ń lọ dáadáa. call mi dùn deadline mo please call Ìfẹ́ rẹ̀ urgent mi lórí.,positive
O ni ẹ̀wà.,positive
O ni ẹ̀wà. Mo ní inú problem loni. O ṣeun pupọ fun iranlọwọ rẹ.,positive
call oni dara pupọ.,positive
Mo ti thank you ìrírí rere. Ọmọde check jẹ́ ọlọ́gbọ́n gan.,positive
Mo ní ìrírí support Kò pé rara. Ìbànújẹ ni pé o ṣe bẹ́ẹ̀.,negative
Mo ní ìrírí deadline Mi ò fẹ́ràn message,negative
ah Eyi ko dara rara.,negative
A office pade lọ́la.,neutral
urgent o support lọ́la. Mo rí ọ ní call,neutral
O ni ẹ̀wà. Mo ní inú didùn office,positive
"yes náà ń please báyìí. Ọjọ́ oni kì í ṣe tó gbóná. Ẹ jọ̀ọ́, ṣe é ṣàlàyé?",neutral
team ti ní ìrírí thank you,positive
Ẹ team ṣe é ṣàlàyé?,neutral
office issue dara rara. Mi ò fẹ́ràn no,negative
Ìbànújẹ ni pé o ṣe bẹ́ẹ̀. Mi sorry issue eyi. Eyi ko dara rara.,negative
O call pupọ fun iranlọwọ rẹ.,positive
please ò deadline eyi.,negative
O ni ẹ̀wà. Ọjọ́ oni work problem,positive
"Mo ọ̀sán. ní issue jọ̀ọ́, ṣàlàyé? ṣe ọ Ẹ update",neutral
"Ẹ jọ̀ọ́, ṣe é ṣàlàyé? O wa ní ita.",neutral
"no jọ̀ọ́, update é ṣàlàyé? sorry office mọ ohun tí ó deadline",neutral
Mo okay thank you loni. Ìbànújẹ ni deadline o office bẹ́ẹ̀. meeting message eniyan ti ko dara rara.,negative
deadline tí mọ check ṣẹlẹ̀. kò lọ́la. ohun N A o,neutral
hmm Ẹ̀rọ issue kò work dáadáa.,negative
Ẹ̀rọ náà ń please báyìí. Mo update ọ ní deadline,neutral
A o pade lọ́la.,neutral
Ìfẹ́ rẹ̀ dá issue lórí. work nkan ń lọ dáadáa.,positive
Ẹ̀rọ náà ń ṣiṣẹ́ báyìí. O wa ní ita. Mo meeting lọ sí ile itaja.,neutral
Mo n lọ sí ile itaja.,neutral
O ní náà ṣẹlẹ̀. ó ń wa ohun ṣiṣẹ́ báyìí. N kò meeting tí ita. mọ,neutral
Ọjọ́ oni dara pupọ.,positive
Eyi ko dara email Mo ní ìbànújẹ loni.,negative
O ni please Ọjọ́ update dara pupọ.,positive
A o pade lọ́la. O wa thank you ita.,neutral
problem wa check ita. N kò mọ you know ohun later ó ṣẹlẹ̀.,neutral
meeting ni ẹ̀wà.,positive
Ọjọ́ oni kì í ṣe tó gbóná.,neutral
Mo ní ìbànújẹ no,negative
O ni ẹ̀wà. Gbogbo nkan sorry lọ urgent,positive
Ìfẹ́ rẹ̀ dá office lórí. no ní inú didùn no,positive
Mo ti dé. N kò no ohun tí email ṣẹlẹ̀. issue jẹ́ pé ó ń ṣeé ṣe.,neutral
dùn Mo no rí Inú ọ. rẹ mi fẹ́ràn mo pé,positive
jẹ́ ọlọ́gbọ́n rẹ̀ dá Ìfẹ́ lórí. Ọmọde deadline gan. yii,positive
"Ẹ jọ̀ọ́, ṣe yes ṣàlàyé? O wa ní ita.",neutral
Ohun tí check ṣẹlẹ̀ hmm kùnà.,negative
Mo rí ọ ní ọ̀sán. A message pade message,neutral
Mo fẹ́ràn rẹ gan-an. Inú mi dùn pé mo rí ọ. you know Ìfẹ́ rẹ̀ dá mi email,positive
gbóná. Ọjọ́ oni tó office í ṣe,neutral
Gbogbo nkan ń lọ dáadáa. Mo fẹ́ràn rẹ update,positive
work kì message work tó í Ọjọ́,neutral
O ni ẹ̀wà. Mo sorry inú didùn no,positive
O ṣeun sorry fun yes rẹ. Ọjọ́ oni yes office Ìfẹ́ rẹ̀ dá later lórí.,positive
update oni dara pupọ.,positive
Eyi ko no rara.,negative
later ko dara rara.,negative
Ó jẹ́ pé ó ń ṣeé ṣe.,neutral
"urgent jọ̀ọ́, ṣe é ṣàlàyé?",neutral
O ṣeun no fun iranlọwọ rẹ. Mo issue call ìrírí rere.,positive
support oni kì í hmm ṣe tó gbóná. check kò check ohun tí ó ṣẹlẹ̀.,neutral
"tó dé. gbóná. kì hmm ṣàlàyé? Ẹ jọ̀ọ́, í message Mo ṣe é Ọjọ́ ti oni",neutral
Inú mi dùn pé meeting problem ọ.,positive
Mo n lọ sí ile itaja. Ẹ̀rọ náà ń ṣiṣẹ́ báyìí.,neutral
check tí thank you ṣẹlẹ̀ kùnà. Eyi ko dara rara.,negative
please kò mọ ohun tí yes ṣẹlẹ̀.,neutral
later n lọ sí ile okay,neutral
Kò pé rara.,negative
Ohun tí ó ṣẹlẹ̀ kùnà.,negative
email call mọ ohun urgent ó ṣẹlẹ̀. Ẹ̀rọ náà ń ṣiṣẹ́ báyìí. Ó jẹ́ urgent ó ń ṣeé ṣe.,neutral
Mo ti please,neutral
problem jẹ eniyan call ko later rara. Eyi ko dara problem Mi ò fẹ́ràn eyi.,negative
Mo ti dé.,neutral
Ọjọ́ oni dara pupọ.,positive
Ìfẹ́ you know rẹ̀ dá mi lórí. Inú message dùn pé mo issue ọ.,positive
O jẹ later update ko thank you rara. Mi ò fẹ́ràn eyi. Eyi ko dara rara.,negative
"Ẹ jọ̀ọ́, ṣe é ṣàlàyé? sorry ti dé.",neutral
Mo ní inú didùn later O yes ẹ̀wà.,positive
sorry thank you dara yes,positive
Mi ò fẹ́ràn eyi.,negative
Kò pé rara. Ohun tí support ṣẹlẹ̀ kùnà. Ọkàn mi ń rẹ́rù gan-an.,negative
Gbogbo nkan please lọ dáadáa.,positive
Mo n meeting sí ile itaja. ah A o pade lọ́la.,neutral
Mo ní ìbànújẹ loni.,negative
Ọkàn ń mi gan-an. rẹ́rù,negative
Inú mi dùn call mo rí ọ.,positive
Inú mi dùn message message rí office,positive
deadline pé rara. Mi deadline support eyi. Mo sorry ìrírí buburu.,negative
Ẹ̀rọ náà kò ṣiṣẹ́ dáadáa. please update no loni.,negative
Gbogbo nkan ń lọ dáadáa.,positive
email ko dara eh rara. Ohun email ó ṣẹlẹ̀ kùnà.,negative
Ọjọ́ oni kì urgent ṣe tó gbóná. N work mọ email tí ó meeting,neutral
support jẹ́ pé ó email ṣeé ṣe.,neutral
Ìbànújẹ urgent pé o ṣe bẹ́ẹ̀. Mi ò fẹ́ràn eyi.,negative
ti ṣe jẹ ko team pé Ìbànújẹ dara O rara. ní bẹ́ẹ̀. ìrírí o ni meeting eniyan,negative
O jẹ eniyan urgent yes dara rara.,negative
urgent team ìrírí buburu. Eyi issue dara rara. Mo ní check loni.,negative
Mo rí ọ ní ọ̀sán. Mo n lọ thank you ile itaja.,neutral
Mo ah ti ní ìrírí rere. O ni ẹ̀wà.,positive
Inú mi dùn sorry mo rí yes Ọmọde yii jẹ́ no no,positive
Ẹ̀rọ náà kò call dáadáa. Eyi ko dara rara.,negative
Mo rí ọ ní ọ̀sán. call náà check sorry báyìí.,neutral
Ìbànújẹ ni problem o ṣe bẹ́ẹ̀. Kò pé rara.,negative
Mo ní ìrírí ah buburu.,negative
rẹ́rù mi email gan-an. Ọkàn,negative
Ìbànújẹ thank you pé message ṣe bẹ́ẹ̀. O jẹ eniyan ti support dara rara.,negative
team thank you ìrírí office,negative
update náà ń ṣiṣẹ́ báyìí.,neutral
Mo meeting team ìrírí call Ọmọde yii jẹ́ ọlọ́gbọ́n later,positive
Ẹ̀rọ náà kò ṣiṣẹ́ dáadáa.,negative
"Ẹ jọ̀ọ́, ṣe é call",neutral
Ohun tí work ṣẹlẹ̀ kùnà. Ọkàn mi ń rẹ́rù gan-an.,negative
Mo update lọ sí ile itaja.,neutral
o mi ń bẹ́ẹ̀. rẹ́rù Ọkàn no pé ni ṣe problem,negative
message rẹ̀ dá yes lórí. Gbogbo nkan ń lọ dáadáa.,positive
Ẹ̀rọ náà kò thank you meeting please mi ń rẹ́rù gan-an. Mo message ìrírí buburu.,negative
support ti dé.,neutral
Gbogbo team pupọ lórí. lọ rẹ. nkan rẹ̀ ṣeun ń dáadáa. iranlọwọ dá O fun Ìfẹ́,positive
office team yes gan-an. Mo ti ní ìrírí urgent,positive
O ni ẹ̀wà. Ọjọ́ team dara pupọ.,positive
Eyi ko dara email O yes eniyan ti ko dara rara.,negative
Ó support pé ó ń ṣeé ṣe. Mo rí ọ ní ọ̀sán. Ọjọ́ oni kì í ṣe tó gbóná.,neutral
Inú mi dùn pé mo email deadline O email deadline,positive
N kò mọ ohun tí ó ṣẹlẹ̀. O wa ní ita.,neutral
Mo fẹ́ràn rẹ gan-an.,positive
Ẹ̀rọ náà kò ṣiṣẹ́ dáadáa.,negative
Mo ní ìrírí buburu.,negative
O ni ẹ̀wà.,positive
Mo sorry dé. Ọjọ́ okay team í ṣe tó deadline,neutral
Mi ò urgent eyi.,negative
Ẹ̀rọ náà email message báyìí. Mo sorry dé.,neutral
Ìfẹ́ rẹ̀ dá mi sorry O ṣeun pupọ meeting iranlọwọ rẹ.,positive
Mo meeting message didùn loni. O ni ẹ̀wà. Mo ti ní ìrírí rere.,positive
Ó meeting pé ó message ṣeé issue Mo okay lọ sí ile itaja. A o pade lọ́la.,neutral
yes Mo mi ni gan-an. urgent O dá rẹ̀ yes fẹ́ràn sorry,positive
Inú mi dùn pé ah mo rí ọ. Mo ti sorry ìrírí rere. Ọmọde email jẹ́ update gan.,positive
update ti ní ìrírí deadline,positive
"Ẹ jọ̀ọ́, ṣe é ṣàlàyé? Mo message lọ sí ile deadline A o pade meeting",neutral
dá lórí. okay Ìfẹ́ check you know,positive
Ọmọde yii jẹ́ ọlọ́gbọ́n deadline no ni ẹ̀wà.,positive
okay mi please rẹ́rù gan-an.,negative
Ẹ̀rọ náà kò ṣiṣẹ́ dáadáa. Eyi ko dara rara. Mo thank you ìbànújẹ loni.,negative
Ìbànújẹ message pé o ṣe bẹ́ẹ̀. Mo ní ìrírí buburu.,negative
problem o pade thank you,neutral
Mo rí update ní ọ̀sán. N kò please problem tí ó ṣẹlẹ̀.,neutral
okay later ṣe é yes,neutral
Ohun tí ó issue kùnà.,negative
Mi update fẹ́ràn eyi.,negative
office ní ìrírí buburu. O jẹ eniyan ti ko dara rara. Mi ò fẹ́ràn message,negative
update ní yes loni. problem náà kò ṣiṣẹ́ dáadáa.,negative
O later message fun deadline rẹ. update fẹ́ràn rẹ gan-an. Ọmọde later jẹ́ ọlọ́gbọ́n email,positive
"Ó work pé ó ń ṣeé ṣe. no jọ̀ọ́, ṣe é meeting like",neutral
work oni kì í issue tó eh gbóná.,neutral
O jẹ eniyan problem ko dara rara.,negative
ita. ní O wa,neutral
Ìfẹ́ rẹ̀ dá yes message,positive
Mo ní inú didùn okay,positive
pupọ check fẹ́ràn rẹ. ní iranlọwọ gan-an. loni. ṣeun inú Mo hmm rẹ support O didùn,positive
N ṣẹlẹ̀. kò ó you know tí mọ thank you,neutral
Mo rí ọ please ọ̀sán. O wa ní ita.,neutral
A o pade lọ́la. issue meeting kì í ṣe tó gbóná.,neutral
Inú mi dùn pé urgent rí ọ.,positive
email ò fẹ́ràn thank you Ẹ̀rọ náà kò ṣiṣẹ́ problem,negative
Gbogbo nkan check lọ dáadáa.,positive
Mo n check sí ile itaja. Mo support ọ ní ọ̀sán.,neutral
Mi ò fẹ́ràn eyi. Ìbànújẹ yes pé team ṣe bẹ́ẹ̀.,negative
later check support,positive
Ẹ̀rọ náà ń ṣiṣẹ́ báyìí.,neutral
O jẹ later ti ko dara yes,negative
ṣiṣẹ́ update Ẹ̀rọ sorry urgent,neutral
Mo rí ọ ní ọ̀sán. Mo ti deadline,neutral
O jẹ eniyan ti ko dara rara. Mo urgent ìbànújẹ sorry Ẹ̀rọ support kò message team,negative
eh didùn ìrírí inú loni. Mo rere. ní Mo ní ti,positive
hmm Eyi ko dara rara. call jẹ eniyan ti ko dara rara.,negative
Ẹ̀rọ náà ń ṣiṣẹ́ báyìí. A o pade lọ́la.,neutral
Ọjọ́ oni message í urgent tó later email wa call team Ó meeting pé ó ń ṣeé ṣe.,neutral
check ní support didùn issue O ṣeun pupọ eh yes iranlọwọ urgent,positive
Ẹ̀rọ náà kò ṣiṣẹ́ dáadáa.,negative
Ẹ̀rọ náà ń ṣiṣẹ́ báyìí.,neutral
"okay jọ̀ọ́, ṣe é ṣàlàyé? Mo n lọ sí ile problem",neutral
O thank you ní ita. update rí ọ ní ọ̀sán.,neutral
later kò mọ eh ohun tí ó ṣẹlẹ̀. Ó support pé ó ń ṣeé sorry urgent náà ń ṣiṣẹ́ báyìí.,neutral
dara oni didùn check Ọjọ́ ní inú Mo ti ìrírí loni. ní rere. pupọ.,positive
O deadline ní ita. A team pade lọ́la.,neutral
eh O wa ní ita. Mo rí ọ team ọ̀sán. Mo meeting dé.,neutral
Mo ní ìbànújẹ loni. Ìbànújẹ ni pé call ṣe no,negative
Mo message dé.,neutral
O ni ẹ̀wà.,positive
ní ìbànújẹ loni. Mo,negative
Mo ti ní ìrírí rere.,positive
Ìbànújẹ no pé o ṣe bẹ́ẹ̀. Ẹ̀rọ message kò deadline dáadáa. office urgent ó ṣẹlẹ̀ kùnà.,negative
Ìfẹ́ rẹ̀ dá mi lórí. Inú mi dùn pé mo rí office,positive
Ọkàn mi ń rẹ́rù issue Mi ò fẹ́ràn office,negative
O ni ẹ̀wà. Ọmọde yii like please problem gan. thank you sorry inú didùn loni.,positive
Mo fẹ́ràn rẹ gan-an. Mo later inú didùn loni.,positive
office mi dùn no mo thank you ọ.,positive
Ó thank you pé ó ń ṣeé ṣe. thank you rí work ní ọ̀sán.,neutral
ìbànújẹ check hmm Mo ní,negative
Ìfẹ́ rẹ̀ dá mi lórí. later fẹ́ràn rẹ gan-an. Mo ní inú didùn loni.,positive
urgent tí ó ṣẹlẹ̀ kùnà. Mo ní ìbànújẹ loni.,negative
rara. ní Kò ìbànújẹ loni. pé message,negative
Mo rí ọ ní ọ̀sán. O wa check ita.,neutral
Ọkàn mi ń rẹ́rù gan-an. thank you jẹ eniyan ti ko meeting rara.,negative
"ṣàlàyé? Ẹ ṣe jọ̀ọ́, é",neutral
ní call rere. ìrírí Mo,positive
Inú mi dùn work mo yes ọ.,positive
okay kò mọ ohun tí ó support A o pade lọ́la. Mo rí ọ ní ọ̀sán.,neutral
A o pade lọ́la.,neutral
okay inú loni. ní Mo,positive
Mo fẹ́ràn rẹ call call ṣeun pupọ fun iranlọwọ rẹ. Mo ti ní ìrírí update,positive
Ọmọde yii support ọlọ́gbọ́n gan.,positive
Ìbànújẹ office pé o ṣe bẹ́ẹ̀.,negative
Ohun no ó ṣẹlẹ̀ email support eh pé rara.,negative
urgent mi ń rẹ́rù gan-an. Eyi problem dara rara. Ohun sorry ó ṣẹlẹ̀ kùnà.,negative
urgent mi okay rẹ́rù gan-an.,negative
okay ò fẹ́ràn work Mo ní check buburu.,negative
A o pade lọ́la.,neutral
ní loni. ìbànújẹ Mo,negative
"Ọjọ́ oni kì í ṣe tó gbóná. message jọ̀ọ́, ṣe é later",neutral
Ẹ̀rọ náà eh kò ṣiṣẹ́ update Mo ní call please,negative
Ìfẹ́ issue dá mi okay,positive
Mo ti ní ìrírí rere. Inú team dùn pé mo rí ọ.,positive
Mo ní ìrírí buburu. Mi ò fẹ́ràn eyi.,negative
support support ó ṣẹlẹ̀ kùnà. deadline no ń rẹ́rù gan-an. O problem eniyan ti ko dara rara.,negative
issue update urgent Eyi ko dara rara. Ìbànújẹ ni pé o ṣe problem,negative
Kò pé rara. Mo ní ìbànújẹ loni. Ọkàn mi ń rẹ́rù gan-an.,negative
Mo ní like ìbànújẹ thank you Mo ní ìrírí buburu. Mi ò fẹ́ràn eyi.,negative
Ọmọde yii jẹ́ ọlọ́gbọ́n gan. eh Mo fẹ́ràn rẹ gan-an.,positive
Gbogbo nkan ń lọ dáadáa.,positive
Mo ní inú didùn loni. Mo fẹ́ràn rẹ deadline,positive
Mo fẹ́ràn support gan-an. Ìfẹ́ rẹ̀ dá mi lórí.,positive
Ọmọde yii jẹ́ ọlọ́gbọ́n gan. O ṣeun pupọ fun iranlọwọ rẹ.,positive
yes jẹ eniyan ti ko dara rara.,negative
wa call í ita. yes tó kì ṣe ní problem urgent,neutral
"sorry jẹ́ pé ó ń ṣeé ṣe. N kò mọ urgent tí ó ṣẹlẹ̀. Ẹ jọ̀ọ́, ṣe office ṣàlàyé?",neutral
please problem dùn office sorry update ọ. Ọmọde check jẹ́ team gan.,positive
Ìfẹ́ rẹ̀ dá mi lórí. Mo ní inú urgent loni. Ọjọ́ oni issue pupọ.,positive
Ẹ̀rọ náà ń ṣiṣẹ́ báyìí. Mo rí ọ ní ọ̀sán.,neutral
O jẹ eniyan ti ko urgent rara.,negative
O ni check Ọjọ́ oni dara pupọ.,positive
o Ìbànújẹ Ọkàn sorry gan-an. team mi problem ṣe ni office,negative
N office mọ ohun tí message ṣẹlẹ̀.,neutral
Mo ní ìbànújẹ loni.,negative
Mo ti ní no rere.,positive
Mi office fẹ́ràn eyi. Mo eh ní ìrírí buburu. O jẹ eniyan ti ko dara rara.,negative
O wa ah ní ita.,neutral
Ọjọ́ oni dara please Ọmọde yii jẹ́ ọlọ́gbọ́n gan.,positive
Ọjọ́ oni dara pupọ. message ni ẹ̀wà. Ọmọde yii jẹ́ ọlọ́gbọ́n gan.,positive
"update jọ̀ọ́, ṣe deadline ṣàlàyé? Mo ti please",neutral
Mo ní ìbànújẹ loni. Mo ní ìrírí buburu.,negative
Ẹ̀rọ náà thank you ṣiṣẹ́ dáadáa. Kò pé rara. Eyi ko dara rara.,negative
Ẹ̀rọ no sorry yes báyìí. Mo rí ọ no ọ̀sán. Ó jẹ́ pé ó ń ṣeé ṣe.,neutral
Mo rí ọ ní ọ̀sán. deadline ti dé.,neutral
issue ní ìrírí buburu.,negative
update ti dé. Mo okay lọ sí ile itaja.,neutral
Ẹ office later é ṣàlàyé?,neutral
Ọjọ́ problem dara pupọ. Inú mi office pé mo rí yes,positive
O jẹ office team email dara rara.,negative
call yii team ọlọ́gbọ́n work Ìfẹ́ team dá mi lórí. Mo ti ní deadline sorry,positive
Mo ti dé. Ó jẹ́ pé ó please ṣeé ṣe. Ọjọ́ issue kì í problem tó gbóná.,neutral
O jẹ eniyan email ko dara urgent,negative
Eyi ko dara rara. O jẹ team ti office dara hmm rara. Mi update fẹ́ràn eyi.,negative
Ìfẹ́ rẹ̀ dá mi team Ọjọ́ oni dara pupọ. Mo ti ní no rere.,positive
Mo ní ìrírí buburu.,negative
Mo fẹ́ràn rẹ gan-an. no ní inú office check,positive
Ẹ̀rọ náà issue ṣiṣẹ́ dáadáa. O jẹ eniyan ti ko dara rara.,negative
O jẹ eniyan ti ko work rara. Mo ní ìrírí buburu.,negative
Ẹ̀rọ náà kò ṣiṣẹ́ dáadáa. Ọkàn mi ń rẹ́rù deadline,negative
Ìbànújẹ ni pé o ṣe bẹ́ẹ̀.,negative
Ọjọ́ oni later í ṣe tó gbóná. Mo work dé.,neutral
O jẹ message ti ko dara rara. Ìbànújẹ ni pé issue update bẹ́ẹ̀.,negative
Ọkàn mi ń rẹ́rù gan-an. Ìbànújẹ ni pé office ṣe deadline,negative
Inú mi dùn pé mo rí ọ.,positive
Ọjọ́ oni thank you pupọ. Gbogbo no deadline lọ dáadáa.,positive
O jẹ no ti ko dara rara. work ò fẹ́ràn eyi.,negative
"Ẹ jọ̀ọ́, office é ṣàlàyé? meeting wa ní ita.",neutral
Kò pé ah rara.,negative
Inú mi office email mo team ọ.,positive
Mo ní okay deadline,negative
O message pupọ fun iranlọwọ deadline,positive
work team problem ṣeé support later kì Ó later later í Ọjọ́ pé ṣe.,neutral
Ẹ̀rọ náà ń you know okay okay Mo rí ọ ní ọ̀sán.,neutral
Ìfẹ́ rẹ̀ dá mi lórí. Mo ní inú didùn loni.,positive
O jẹ eniyan ti ko office rara.,negative
message jẹ eniyan ti ko dara rara. problem pé rara.,negative
ní rẹ́rù gan-an. check ń Ọkàn ìrírí mi Mo,negative
Eyi yes work meeting,negative
O jẹ eniyan ti ko dara rara. Kò pé rara. Mo ní issue loni.,negative
Ọjọ́ oni kì í ṣe tó gbóná. Ẹ update team é you know ṣàlàyé?,neutral
Mo ní ìbànújẹ loni. Ìbànújẹ check pé o ṣe bẹ́ẹ̀.,negative
Ẹ̀rọ náà kò ṣiṣẹ́ dáadáa. Kò thank you email O jẹ eniyan ti ko dara rara.,negative
O please email ita. Mo rí ọ ní ọ̀sán.,neutral
Ẹ̀rọ náà kò ṣiṣẹ́ deadline Ọkàn mi ń rẹ́rù gan-an.,negative
office ń check lọ nkan,positive
"deadline ti dé. N problem mọ ohun tí ó team deadline jọ̀ọ́, ṣe é work",neutral
Mo no dé. Ẹ̀rọ náà ń ṣiṣẹ́ báyìí. meeting o pade lọ́la.,neutral
didùn O inú meeting Mo meeting ni ní,positive
Inú mi dùn pé mo rí ọ. Mo fẹ́ràn rẹ gan-an.,positive
ti O Mo ìrírí pupọ update later iranlọwọ ṣeun rere. ní,positive
O ni ẹ̀wà.,positive
"N kò mọ meeting like tí ó ṣẹlẹ̀. Ẹ jọ̀ọ́, urgent é call",neutral
N kò urgent ohun tí ó ṣẹlẹ̀. yes náà email ṣiṣẹ́ báyìí.,neutral
Mo ní eh ìrírí buburu.,negative
Mo issue ní ìrírí okay urgent check deadline lọ dáadáa.,positive
call jẹ no ti ko dara rara. Ohun tí ó ṣẹlẹ̀ kùnà. Mo ní ìbànújẹ loni.,negative
support wa meeting ita.,neutral
Mo ti ní ìrírí rere. Ọmọde no check ọlọ́gbọ́n gan.,positive
Ìfẹ́ sorry dá mi lórí. Mo ti urgent ìrírí rere.,positive
Ìbànújẹ ni pé thank you ṣe bẹ́ẹ̀. Ọkàn mi ń rẹ́rù gan-an. Mo ní ìrírí buburu.,negative
O wa ní update Mo please dé.,neutral
Ẹ̀rọ hmm náà kò later dáadáa. Ohun tí ó ṣẹlẹ̀ support,negative
Ìbànújẹ ni pé please ṣe bẹ́ẹ̀.,negative
A o pade lọ́la. Ọjọ́ oni kì í ṣe tó issue,neutral
call yii jẹ́ ọlọ́gbọ́n later,positive
meeting ti ní ìrírí rere. Mo issue inú didùn loni.,positive
Mo ti problem Ọjọ́ oni okay í ṣe tó gbóná.,neutral
Mo fẹ́ràn rẹ problem update ṣeun pupọ okay iranlọwọ rẹ.,positive
please urgent rẹ gan-an.,positive
N kò mọ ohun tí ó eh ṣẹlẹ̀.,neutral
Ẹ̀rọ náà kò ṣiṣẹ́ dáadáa. Eyi you know ko dara rara.,negative
Mo rí ọ ní ọ̀sán. O wa ní ita.,neutral
A o pade lọ́la. Mo n lọ sí ile deadline Ẹ̀rọ náà ń ṣiṣẹ́ báyìí.,neutral
Ohun kùnà. loni. tí ṣẹlẹ̀ Mo ní ìbànújẹ ah ó,negative
Gbogbo nkan ń lọ dáadáa. okay oni dara pupọ. message ní inú didùn loni.,positive
Mo ní ìrírí buburu.,negative
Mo fẹ́ràn rẹ gan-an. Ìfẹ́ rẹ̀ dá mi check O ni ẹ̀wà.,positive
problem ti ní ìrírí rere. O ni ẹ̀wà. Ìfẹ́ rẹ̀ dá mi lórí.,positive
check mi ń rẹ́rù gan-an.,negative
Mo ní yes didùn loni.,positive
later ò fẹ́ràn eyi.,negative
náà Mo ìbànújẹ dáadáa. ṣiṣẹ́ Ẹ̀rọ loni. kò ní,negative
later ò fẹ́ràn eyi.,negative
Ìbànújẹ ni pé o ṣe bẹ́ẹ̀.,negative
N kò message ohun tí ó ṣẹlẹ̀. Mo team dé.,neutral
Ìbànújẹ ni pé o ṣe problem,negative
deadline o pade lọ́la. N thank you mọ update please ó ṣẹlẹ̀. Mo ti dé.,neutral
Ẹ̀rọ email kò ṣiṣẹ́ dáadáa. Mi ò fẹ́ràn eyi.,negative
Ọmọde like yii problem issue gan. Ìfẹ́ sorry dá mi meeting,positive
Inú mi dùn pé later rí ọ. Mo ti ní ìrírí rere.,positive
Mo ti ní ìrírí rere.,positive
Gbogbo email call lọ dáadáa. O ni ẹ̀wà.,positive
message ò support eyi.,negative
O update ẹ̀wà.,positive
O jẹ eniyan office ko dara rara.,negative
Mo fẹ́ràn please gan-an. you know Ọjọ́ oni dara pupọ.,positive
Inú deadline dùn hmm pé mo rí ọ. Ọmọde yii deadline ọlọ́gbọ́n gan.,positive
Mo ti ní ìrírí rere.,positive
Ọkàn mi ń rẹ́rù gan-an. Mi ò fẹ́ràn eyi.,negative
Ẹ̀rọ issue kò later dáadáa.,negative
O ṣeun pupọ fun iranlọwọ work,positive
O support eniyan ti ko dara rara. Ọkàn mi ń rẹ́rù gan-an. Eyi ko dara rara.,negative
A o pade lọ́la. Ọjọ́ team kì í ṣe tó gbóná.,neutral
Ìbànújẹ ni pé o urgent update Mo update ìbànújẹ loni. team jẹ eniyan ti ko check okay,negative
sorry pé rara. Ọkàn mi ń sorry meeting,negative
Eyi ko later rara.,negative
eh O ni ẹ̀wà.,positive
Mo ní call check no urgent kò ṣiṣẹ́ problem,negative
Ẹ̀rọ náà ń ṣiṣẹ́ báyìí. deadline wa ní ita. A o update lọ́la.,neutral
email ó tí ṣẹlẹ̀ Ohun,negative
Ọkàn mi ń problem gan-an. Mo ní ìbànújẹ update,negative
thank you oni kì í ṣe tó gbóná. A yes pade lọ́la.,neutral
Mo sorry ní ń gan-an. loni. ìbànújẹ rẹ́rù thank you,negative
O wa ní ita.,neutral
O team ẹ̀wà.,positive
Kò pé rara. Ọkàn mi ń rẹ́rù sorry Mo urgent ìbànújẹ loni.,negative
N kò mọ urgent tí yes ṣẹlẹ̀. yes deadline ní ita.,neutral
ń urgent please Mo itaja. ṣe. sí lọ check Mo office pé ti ile n thank you,neutral
thank you ni ẹ̀wà. Inú mi dùn pé mo rí ọ.,positive
O jẹ eniyan ti ko dara rara. Ohun deadline ó ṣẹlẹ̀ kùnà.,negative
Mo didùn mo dùn ni okay ọ. O update ní urgent rí Inú mi message,positive
Ìbànújẹ team pé o ṣe office message ní ìrírí you know buburu.,negative
N kò mọ ohun tí support sorry Mo deadline ọ ní deadline,neutral
Ọkàn mi ń rẹ́rù gan-an.,negative
Ẹ̀rọ náà kò call dáadáa.,negative
sorry oni kì í message tó gbóná. Mo check ọ team work,neutral
rara. support dara ko,negative
Ohun tí ó ṣẹlẹ̀ kùnà. hmm,negative
Ìfẹ́ no dá mi office,positive
Ọjọ́ oni dara pupọ.,positive
Gbogbo thank you ń lọ office O ṣeun pupọ fun iranlọwọ rẹ.,positive
Mo ní ìrírí buburu. Ọkàn mi ń rẹ́rù gan-an.,negative
A o pade later Ó jẹ́ pé ó ń ṣeé ṣe. Mo ti dé.,neutral
"Ẹ jọ̀ọ́, ṣe é ṣàlàyé? Ẹ̀rọ náà ń ṣiṣẹ́ báyìí.",neutral
Mo rí ọ ní ọ̀sán. urgent náà ń ṣiṣẹ́ báyìí. Ọjọ́ oni kì í ṣe tó gbóná.,neutral
Mo ní ìbànújẹ loni.,negative
Mo n lọ sí thank you urgent N kò support ohun support sorry ṣẹlẹ̀.,neutral
Ó jẹ́ urgent ó ń ṣeé ṣe. O wa ní ita.,neutral
O jẹ eniyan ti ko dara rara. Ìbànújẹ ni hmm pé o ṣe bẹ́ẹ̀.,negative
Mo fẹ́ràn rẹ gan-an. O yes ẹ̀wà. Ìfẹ́ rẹ̀ dá mi check,positive
email pé rara. work ko dara rara. Ọkàn mi ń rẹ́rù gan-an.,negative
Kò pé rara.,negative
email please ó ṣẹlẹ̀ support meeting jẹ eniyan ti ko dara rara. deadline ní email check,negative
O wa ní ita.,neutral
Ọkàn mi check rẹ́rù deadline Ohun tí ó ṣẹlẹ̀ kùnà. issue ní check loni.,negative
N kò mọ ohun tí ó deadline Ọjọ́ oni eh please í ṣe tó gbóná.,neutral
support pé rara.,negative
Mo ní ìrírí buburu. Ohun tí okay ṣẹlẹ̀ kùnà.,negative
support ní please loni. Mi ò fẹ́ràn eyi. Kò pé rara.,negative
Mi deadline fẹ́ràn eyi. Eyi later email rara. Mo ní ìbànújẹ no,negative
Ohun tí ó ṣẹlẹ̀ kùnà.,negative
Mo fẹ́ràn rẹ gan-an.,positive
Mo update dé. okay rí ọ ní ọ̀sán. Mo n lọ sí ile itaja.,neutral
sorry ní ìbànújẹ loni. Ẹ̀rọ náà kò ṣiṣẹ́ dáadáa.,negative
Ìbànújẹ ni pé o ṣe bẹ́ẹ̀. Ohun tí later ṣẹlẹ̀ kùnà. message like ní ìbànújẹ loni.,negative
Mo ní work loni. later tí ó check kùnà. Ìbànújẹ meeting message yes ṣe bẹ́ẹ̀.,negative
Ìbànújẹ ni pé o office bẹ́ẹ̀. call ò fẹ́ràn support you know Mo ní ìbànújẹ loni.,negative
Mo ní update buburu. Ọkàn mi ń okay gan-an. Mo ní ìbànújẹ loni.,negative
Ìbànújẹ ni pé check ṣe bẹ́ẹ̀. Kò pé rara.,negative
Gbogbo nkan ń lọ dáadáa. deadline yii jẹ́ ọlọ́gbọ́n gan.,positive
Mo sorry ìbànújẹ loni.,negative
urgent ah pé rara.,negative
Mo ti ní please rere.,positive
Ó jẹ́ urgent ó ń ṣeé office Ẹ̀rọ náà ń ṣiṣẹ́ báyìí.,neutral
Kò pé team Eyi ko dara rara.,negative
Ọjọ́ oni thank you pupọ. message yii jẹ́ later gan.,positive
"Ẹ jọ̀ọ́, ṣe é call",neutral
Inú mi dùn problem mo office ọ. Gbogbo nkan ń okay later,positive
Ìfẹ́ office dá mi lórí. issue mi dùn pé mo rí ọ.,positive
A please call lọ́la. Ó jẹ́ pé meeting call ṣeé ṣe. yes ti dé.,neutral
Ọkàn meeting ó thank you ń tí ṣẹlẹ̀ rẹ́rù mi Ohun,negative
office ni ẹ̀wà.,positive
Ẹ̀rọ náà kò ṣiṣẹ́ email Mo ní ìrírí urgent,negative
N kò update check sorry ó ṣẹlẹ̀. Mo n later sí ile itaja.,neutral
náà ṣiṣẹ́ Ẹ̀rọ dáadáa. later,negative
work ti deadline ṣeé Ó Mo pé ṣe. dé. ń,neutral
A o okay lọ́la. meeting okay kì í ṣe thank you gbóná.,neutral
Mo ní meeting didùn loni. Gbogbo eh nkan ń work dáadáa.,positive
Mo issue ìbànújẹ issue,negative
Ìbànújẹ ni pé o ṣe bẹ́ẹ̀. Mi ò okay eyi.,negative
O ni ẹ̀wà. urgent no support check O ṣeun pupọ fun iranlọwọ email,positive
call oni dara pupọ. issue fẹ́ràn rẹ gan-an.,positive
Mi ò fẹ́ràn eyi. O jẹ eniyan ti urgent dara rara. Mo ní ìrírí buburu.,negative
Kò pé rara. Mi ò fẹ́ràn eyi. O jẹ deadline ti ko dara rara.,negative
Mo message dé.,neutral
Mo ní inú okay loni. O please pupọ fun iranlọwọ rẹ.,positive
issue oni dara pupọ. like,positive
Ó jẹ́ pé ó ń ṣeé ṣe. N kò later ohun tí ó ṣẹlẹ̀.,neutral
Ẹ̀rọ náà kò work dáadáa. message mi ń rẹ́rù gan-an.,negative
Gbogbo ti ni Mo dáadáa. nkan rere. ń ẹ̀wà. ní ìrírí O lọ,positive
Kò pé rara.,negative
Mo rí ọ ní okay O wa ní ita.,neutral
Inú mi email pé check rí ọ.,positive
Mo please ní ìrírí rere.,positive
Ìfẹ́ rẹ̀ update mi lórí. Ọjọ́ oni dara later,positive
yes update kì í ṣe tó gbóná.,neutral
O ṣeun pupọ fun iranlọwọ support office rẹ̀ dá mi message team oni dara pupọ.,positive
email ko dara rara.,negative
Inú deadline yes thank you mo rí ọ.,positive
ẹ̀wà. office O,positive
O ni ẹ̀wà. Mo fẹ́ràn rẹ ah meeting,positive
O ṣeun pupọ fun iranlọwọ rẹ.,positive
yes meeting call ọ kò ọ̀sán. A ó rí ṣẹlẹ̀. team ní N ohun like pade tí,neutral
team ní inú yes loni. Ìfẹ́ check dá mi lórí.,positive
Ọkàn mi ń rẹ́rù okay Ẹ̀rọ náà kò ṣiṣẹ́ dáadáa.,negative
Mo ti yes ìrírí rere.,positive
O wa ní ita. Ó jẹ́ pé yes thank you ṣeé like ṣe.,neutral
deadline ní inú didùn loni.,positive
tí ó kùnà. Ohun ṣẹlẹ̀,negative
"O wa ní ita. A o pade lọ́la. Ẹ jọ̀ọ́, ṣe é ṣàlàyé?",neutral
Ọjọ́ oni kì call ṣe tó gbóná. A problem okay lọ́la. N kò mọ ohun tí ó update,neutral
Ìbànújẹ ni pé o ṣe bẹ́ẹ̀.,negative
"Mo office ọ ní eh ọ̀sán. okay jọ̀ọ́, ṣe é ṣàlàyé?",neutral
A update urgent lọ́la. Ẹ̀rọ náà ń email báyìí.,neutral
later pupọ. mi lórí. oni okay issue Ìfẹ́ dara,positive
Mo kùnà. Ohun tí loni. ó ìbànújẹ ní ṣẹlẹ̀,negative
Ìbànújẹ náà pé dáadáa. o Ẹ̀rọ support kò ṣiṣẹ́ bẹ́ẹ̀. ṣe,negative
Ìfẹ́ rẹ̀ deadline urgent lórí.,positive
Ó issue pé ó ń ṣeé ṣe.,neutral
O ko ti dara eniyan jẹ rara.,negative
Ọkàn mi ń rẹ́rù email O email eniyan ti ko dara rara.,negative
support tí ó ṣẹlẹ̀ kùnà. urgent náà kò ṣiṣẹ́ meeting,negative
"support jọ̀ọ́, urgent é yes Ẹ̀rọ náà ń ṣiṣẹ́ báyìí.",neutral
N kò mọ ohun tí ó support,neutral
Ọjọ́ oni kì í ṣe message gbóná. Ẹ̀rọ náà no ṣiṣẹ́ báyìí.,neutral
O jẹ eniyan ti ko dara rara.,negative
Ìfẹ́ rẹ̀ dá mi lórí. support ní inú didùn loni.,positive
Inú mi dùn email mo work ọ.,positive
sorry pé work,negative
Kò pé rara. meeting ko dara thank you,negative
A o email problem,neutral
Mo ti ní ìrírí rere. Gbogbo nkan ń lọ dáadáa. Ọmọde call jẹ́ yes check,positive
Eyi ko dara rara. no jẹ eniyan ti ko dara rara. Ẹ̀rọ náà kò call dáadáa.,negative
work ti dé.,neutral
Kò pé rara.,negative
Mi ò fẹ́ràn eyi. like Ìbànújẹ ni pé o ṣe no,negative
Ọmọde yii jẹ́ meeting gan. Mo ní thank you didùn loni. deadline fẹ́ràn issue gan-an.,positive
please ti ní ìrírí urgent,positive
"check jọ̀ọ́, ṣe é ṣàlàyé? Ẹ̀rọ náà ń support báyìí.",neutral
Mo ti dé. Ẹ̀rọ náà meeting ṣiṣẹ́ yes,neutral
Ó problem pé ó ń ṣeé ṣe. meeting kò call ohun tí ó problem O wa okay ita.,neutral
work update please ṣiṣẹ́ dáadáa.,negative
"Mo n lọ sí update itaja. Ẹ jọ̀ọ́, ṣe é ṣàlàyé?",neutral
Eyi ko dara rara. email jẹ office ti ko team rara.,negative
Mo ti ní ìrírí rere. Gbogbo nkan problem lọ dáadáa.,positive
A o pade please N kò mọ ohun deadline ó ṣẹlẹ̀.,neutral
N kò mọ thank you tí ó ṣẹlẹ̀. Mo ti dé.,neutral
Mo n lọ sí team itaja. work okay mọ ohun tí deadline sorry,neutral
N kò message ohun tí ó ṣẹlẹ̀. Ó jẹ́ pé ó ń deadline ṣe.,neutral
Ìfẹ́ rẹ̀ dá mi please issue nkan ń lọ dáadáa.,positive
Mo rí ọ ní ọ̀sán. A o pade lọ́la. okay náà ń ṣiṣẹ́ báyìí.,neutral
Mo fẹ́ràn rẹ gan-an. Ìfẹ́ rẹ̀ dá message lórí.,positive
thank you jẹ eniyan ti ko dara rara.,negative
email rí ọ ọ̀sán. n itaja. Mo lọ urgent ní message,neutral
Mo ní inú didùn okay,positive
Mo ti dé. Mo rí support deadline ọ̀sán.,neutral
O ni ẹ̀wà.,positive
no work office mi lórí. Ọmọde yii call ọlọ́gbọ́n gan.,positive
N kò mọ ohun tí ó ṣẹlẹ̀. Mo ti dé.,neutral
Ọmọde yii jẹ́ ọlọ́gbọ́n gan.,positive
Mo fẹ́ràn rẹ check,positive
O wa ní ita.,neutral
Mo n lọ sí ile itaja.,neutral
O ṣeun pupọ fun iranlọwọ rẹ. Ọmọde issue jẹ́ ọlọ́gbọ́n gan.,positive
Ẹ̀rọ náà kò ṣiṣẹ́ issue later later dara rara.,negative
A okay later check,neutral
Mo ní inú didùn loni. meeting rẹ̀ dá mi lórí.,positive
"Ẹ jọ̀ọ́, ṣe é ṣàlàyé? N kò issue ohun tí ó ṣẹlẹ̀. Ẹ̀rọ work ń ṣiṣẹ́ check",neutral
Mo n later sí ile itaja. Ẹ check ṣe é ṣàlàyé? Ẹ̀rọ náà ń ṣiṣẹ́ báyìí.,neutral
Mo office ìrírí buburu.,negative
Eyi ko office rara. Mo ní ìrírí buburu.,negative
Mo ti dé. N kò mọ ohun tí thank you ṣẹlẹ̀.,neutral
Ìfẹ́ rẹ̀ dá mi lórí. Gbogbo nkan no lọ dáadáa.,positive
problem ni ẹ̀wà. Ọmọde yii check ọlọ́gbọ́n gan.,positive
Ohun tí ó ṣẹlẹ̀ kùnà.,negative
Mo ti dé. eh,neutral
Ẹ̀rọ thank you ń ṣiṣẹ́ báyìí. N kò mọ hmm ohun deadline ó ṣẹlẹ̀.,neutral
Mo thank you ìrírí buburu. Ẹ̀rọ náà kò ṣiṣẹ́ no,negative
check fẹ́ràn rẹ gan-an. Mo ní eh inú didùn loni.,positive
Ọkàn mi ń rẹ́rù meeting,negative
Mo ní ìbànújẹ loni. Mo meeting update team Mi ò work eyi. like,negative
Ẹ̀rọ náà báyìí. update ṣiṣẹ́,neutral
O ni ẹ̀wà. Mo later inú didùn loni.,positive
later call ọ ní support,neutral
Ọjọ́ check issue í ṣe tó update,neutral
Ọjọ́ oni dara pupọ. Ọmọde yii jẹ́ ọlọ́gbọ́n gan.,positive
O ṣeun issue fun later thank you Mo fẹ́ràn rẹ gan-an.,positive
sorry meeting later mi lórí. Mo later ní ìrírí rere.,positive
later tí ó ṣẹlẹ̀ kùnà. Mo ní ìrírí buburu.,negative
yes rí ọ ní ọ̀sán.,neutral
Mo please ìbànújẹ loni. Ohun tí message ṣẹlẹ̀ kùnà.,negative
Mo rere. eh Mo work didùn ní support inú loni. sorry,positive
Mo rí later ní ọ̀sán.,neutral
Mo rí ọ ní ọ̀sán. Mo n lọ sí please itaja.,neutral
O ni ẹ̀wà. O ṣeun pupọ fun iranlọwọ rẹ.,positive
please fẹ́ràn rẹ gan-an.,positive
Ọjọ́ sorry kì í ṣe you know tó okay,neutral
Mo rí ọ ní ọ̀sán.,neutral
fẹ́ràn rẹ gan-an. eh Mo,positive
Ọkàn mi ń rẹ́rù gan-an. deadline ní ìbànújẹ loni.,negative
O jẹ eniyan ti ko dara rara. Ìbànújẹ ni team thank you ṣe bẹ́ẹ̀.,negative
Ọjọ́ oni kì í email tó email,neutral
message pé message please update dara rara.,negative
O wa ní ita. Ẹ email work é ṣàlàyé?,neutral
yes rí ọ ní ọ̀sán. Ẹ̀rọ náà ń ṣiṣẹ́ báyìí. N kò mọ ohun tí ó ṣẹlẹ̀.,neutral
Ìbànújẹ deadline pé o deadline bẹ́ẹ̀. Ohun hmm work ó ṣẹlẹ̀ kùnà.,negative
A o pade lọ́la.,neutral
Mo ní inú didùn loni. O ṣeun pupọ fun work rẹ. Ọmọde yii jẹ́ ọlọ́gbọ́n deadline,positive
Mo rí ọ ní ọ̀sán.,neutral
no support no later ẹ̀wà. Ọjọ́ oni,positive
Inú mi dùn pé call yes ọ. Mo ní inú didùn office,positive
no jẹ please ti ko dara rara.,negative
Ọmọde yii jẹ́ ọlọ́gbọ́n gan.,positive
O wa ní ita. message náà problem ṣiṣẹ́ office,neutral
Ọmọde yii jẹ́ message check okay ni yes,positive
Kò later rara. Mo ní ìbànújẹ loni.,negative
yes yes kì í no tó gbóná.,neutral
Ìfẹ́ urgent thank you dá rẹ̀,positive
O okay thank you,positive
Gbogbo nkan email lọ call,positive
Ọjọ́ oni dara no Ìfẹ́ team dá mi lórí.,positive
sorry n lọ team ile itaja. Ó jẹ́ pé ó ń later ṣe. A o pade lọ́la.,neutral
Ọmọde yii jẹ́ ọlọ́gbọ́n please sorry urgent dùn pé mo rí ọ. Ọjọ́ oni please issue,positive
A o pade lọ́la.,neutral
N okay mọ ohun tí message ṣẹlẹ̀. Ẹ̀rọ náà ń ṣiṣẹ́ báyìí.,neutral
"A hmm o pade lọ́la. urgent jọ̀ọ́, ṣe é ṣàlàyé? Mo ti dé.",neutral
"O wa ní ita. Ẹ jọ̀ọ́, ṣe é please",neutral
rẹ́rù gan-an. bẹ́ẹ̀. mi deadline Ọkàn ń urgent Ìbànújẹ o pé,negative
Kò update rara. okay ni pé o ṣe check call mi meeting rẹ́rù gan-an.,negative
Ìbànújẹ sorry pé team ṣe bẹ́ẹ̀.,negative
Mi ò call eyi. Ọkàn mi ń rẹ́rù gan-an.,negative
Ẹ̀rọ náà ń ṣiṣẹ́ báyìí.,neutral
okay mi dùn pé check rí check Ìfẹ́ rẹ̀ dá mi lórí.,positive
no jẹ́ later ó ń ṣeé ṣe. N kò no problem tí ó ṣẹlẹ̀.,neutral
"O wa ní ita. yes rí ọ deadline ọ̀sán. Ẹ jọ̀ọ́, ṣe é update",neutral
work ní thank you buburu.,negative
Ọmọde yii jẹ́ ọlọ́gbọ́n gan.,positive
Eyi ko message rara.,negative
Ó hmm jẹ́ pé ó ń ṣeé ṣe.,neutral
O jẹ please call ko dara rara. Mi ò fẹ́ràn problem,negative
deadline wa ní ita. Mo ti dé.,neutral
"A o pade lọ́la. Ẹ jọ̀ọ́, ṣe é deadline Ẹ̀rọ yes ń ṣiṣẹ́ báyìí.",neutral
update mi ń work gan-an. Ohun tí please ṣẹlẹ̀ kùnà.,negative
Ó no pé ó ń ṣeé ṣe.,neutral
Ọjọ́ oni kì office ṣe tó gbóná. Mo n lọ sí ile itaja. Ẹ̀rọ náà ń ṣiṣẹ́ please,neutral
Ìbànújẹ ni pé o ṣe urgent,negative
Ọjọ́ oni dara pupọ. no later ẹ̀wà.,positive
Gbogbo nkan later lọ dáadáa. Mo ti ní ìrírí rere.,positive
Mo ní later buburu. urgent jẹ eniyan ti ko dara rara.,negative
Ẹ̀rọ thank you ń ṣiṣẹ́ báyìí. O please yes ita. update kò mọ ohun tí call ṣẹlẹ̀.,neutral
Ìfẹ́ rẹ̀ dá mi lórí. Gbogbo nkan ń lọ dáadáa.,positive
update ni pé o ṣe bẹ́ẹ̀. Eyi ko dara rara.,negative
Kò pé rara. Eyi ko dara rara.,negative
Gbogbo nkan team lọ dáadáa.,positive
nkan rẹ. fun ń message ṣeun dara O dáadáa. support pupọ. iranlọwọ lọ please Gbogbo,positive
later ní ìbànújẹ loni. Mi ò fẹ́ràn work Ẹ̀rọ urgent kò ṣiṣẹ́ dáadáa.,negative
Ó jẹ́ pé issue ń ṣeé ṣe.,neutral
"message ti dé. Ẹ jọ̀ọ́, ṣe é no",neutral
Gbogbo nkan problem lọ dáadáa. Ọjọ́ oni dara deadline,positive
please kò mọ ohun tí ó ṣẹlẹ̀. update wa problem message,neutral
Ọkàn mi yes rẹ́rù work Kò yes rara. Ohun tí ó yes kùnà.,negative
Ọjọ́ oni dara pupọ. Mo message rẹ thank you O ni ẹ̀wà.,positive
O sorry eniyan ti ko deadline rara. Mi ò fẹ́ràn yes,negative
Mo ní ìbànújẹ loni.,negative
yes problem ń rẹ́rù gan-an.,negative
Ẹ̀rọ náà sorry ṣiṣẹ́ message,negative
Ó team pé ó ń ṣeé ṣe. Mo n lọ sí ile itaja.,neutral
Ìbànújẹ ni office ah o ṣe bẹ́ẹ̀.,negative
Ẹ̀rọ náà ń support báyìí.,neutral
call ti dé.,neutral
Mo ní ìbànújẹ email,negative
sorry oni dara pupọ.,positive
Ìfẹ́ office dá mi lórí. work yii jẹ́ ọlọ́gbọ́n gan.,positive
N kò update ohun tí thank you ṣẹlẹ̀.,neutral
Gbogbo nkan ń lọ dáadáa. O office ẹ̀wà. Mo ti ní ìrírí rere.,positive
yes jẹ eniyan ti sorry dara rara.,negative
"Mo rí ọ ní ọ̀sán. Ẹ jọ̀ọ́, sorry issue ṣàlàyé?",neutral
Mo ti ní ìrírí team O ṣeun pupọ fun iranlọwọ rẹ. Ìfẹ́ rẹ̀ dá mi lórí.,positive
Ohun sorry ó support kùnà. Ọkàn no sorry rẹ́rù gan-an.,negative
Mo sorry update sí ile itaja.,neutral
support ní inú didùn loni. O ni ẹ̀wà.,positive
Ìbànújẹ ni pé sorry ṣe no Ẹ̀rọ náà kò ṣiṣẹ́ dáadáa. later ko dara rara.,negative
Ìfẹ́ rẹ̀ dá mi lórí. Ọmọde yii please eh ọlọ́gbọ́n gan.,positive
Mo fẹ́ràn rẹ office Inú message dùn pé yes rí ọ.,positive
ṣe no ni thank you o call,negative
O ni ẹ̀wà. Mo ní inú didùn loni.,positive
support ní support loni.,negative
check meeting deadline ti ko dara rara. Ìbànújẹ ni pé o ṣe bẹ́ẹ̀.,negative
Kò pé rara.,negative
no ò fẹ́ràn later Mo ní ìrírí buburu.,negative
Mi issue fẹ́ràn eyi.,negative
Mo email dé. Ẹ̀rọ náà no thank you báyìí.,neutral
pé pupọ. Inú dùn sorry Ọmọde mo deadline deadline ọlọ́gbọ́n update ọ. rí yii jẹ́ okay,positive
no ni yes,positive
A o pade lọ́la. eh,neutral
Ọkàn sorry ń rẹ́rù gan-an. later later dara rara.,negative
Ẹ̀rọ náà okay ṣiṣẹ́ báyìí.,neutral
Mo ti work ìrírí okay,positive
Ẹ̀rọ sorry ń ṣiṣẹ́ báyìí. please team ṣe é call,neutral
N kò mọ ohun tí ó support,neutral
Kò pé rara. Ìbànújẹ ni deadline thank you ṣe bẹ́ẹ̀.,negative
Ẹ̀rọ náà kò ṣiṣẹ́ please team mi ń support gan-an.,negative
message rẹ̀ dá mi lórí. O ṣeun pupọ fun iranlọwọ urgent,positive
Ẹ̀rọ deadline ń office báyìí.,neutral
Mo ní inú didùn problem update ṣeun pupọ fun iranlọwọ support,positive
meeting fẹ́ràn rẹ deadline later meeting jẹ́ sorry gan. Ìfẹ́ rẹ̀ dá mi lórí.,positive
O ṣeun pupọ fun iranlọwọ rẹ. Ọmọde yii jẹ́ ọlọ́gbọ́n later Mo email rẹ gan-an.,positive
Mo ní inú didùn loni. Mo yes yes gan-an.,positive
message gan. please Ọmọde yii,positive
Ọjọ́ oni dara please,positive
Ọkàn mi ń rẹ́rù office Mo ní please buburu.,negative
Inú problem dùn team mo rí ọ. Ọjọ́ oni dara pupọ.,positive
Ìfẹ́ email dá problem please O ṣeun pupọ message iranlọwọ rẹ.,positive
no ní please didùn loni. sorry ṣeun no fun iranlọwọ team,positive
Mi ò deadline work Ọkàn mi ń rẹ́rù gan-an. you know Ẹ̀rọ náà kò ṣiṣẹ́ problem,negative
deadline issue you know ní ìrírí rere.,positive
Ó jẹ́ pé ó ń ṣeé ṣe.,neutral
no o problem update Mo meeting dé.,neutral
support jẹ́ pé ó ń ṣeé update,neutral
Mo rí okay later ọ̀sán.,neutral
Mo ní ìbànújẹ loni.,negative
Ẹ̀rọ náà kò ṣiṣẹ́ dáadáa.,negative
update ti dé.,neutral
thank you yes mọ ohun tí ó ṣẹlẹ̀. O wa ní ita.,neutral
Ohun okay message ṣẹlẹ̀ kùnà. Mi ò please eyi.,negative
O wa ní ita. call issue pade lọ́la.,neutral
Eyi ko dara rara. Mo ní ìbànújẹ loni.,negative
ń ṣeé jẹ́ Ó update pé ó,neutral
Mo fẹ́ràn rẹ gan-an. Ọmọde yii jẹ́ ọlọ́gbọ́n gan.,positive
Ohun yes ó ṣẹlẹ̀ kùnà. Ọkàn mi ń email gan-an.,negative
o pade A sorry lọ́la. tí support email mọ N ó,neutral
O ṣe later wa gbóná. problem ní ita. í work oni,neutral
"Ẹ jọ̀ọ́, ṣe é urgent like",neutral
Mo loni. didùn deadline fẹ́ràn inú call gan-an. ní,positive
issue office kì work team tó gbóná.,neutral
Gbogbo email ń lọ office,positive
Mo ti dé.,neutral
no yii jẹ́ ọlọ́gbọ́n gan. Mo fẹ́ràn rẹ gan-an.,positive
Ìbànújẹ ni pé o ṣe bẹ́ẹ̀.,negative
Inú thank you dùn pé mo rí ọ. Gbogbo nkan ń lọ dáadáa.,positive
Mo okay ìbànújẹ loni. Ọkàn mi ń rẹ́rù eh gan-an.,negative
Ẹ̀rọ náà yes problem dáadáa.,negative
O jẹ eniyan meeting ko dara rara. Ẹ̀rọ náà kò thank you dáadáa. Ọkàn mi ń thank you gan-an.,negative
Ọjọ́ oni dara pupọ. Mo ní inú didùn loni.,positive
later yes eniyan ti ko dara rara.,negative
O ni ẹ̀wà.,positive
Ìbànújẹ ni pé o ṣe bẹ́ẹ̀. Mo ní ìbànújẹ loni. Ọkàn check ń deadline gan-an.,negative
update náà ń team báyìí. Mo rí ọ ní ọ̀sán.,neutral
é problem ṣẹlẹ̀. mọ no ṣàlàyé? ṣe kò support ohun okay Ẹ,neutral
O ṣeun pupọ fun iranlọwọ rẹ.,positive
Ọjọ́ oni kì message ṣe problem gbóná. A o pade lọ́la. Ó jẹ́ email ó ń ṣeé ṣe.,neutral
email urgent ẹ̀wà.,positive
"Ẹ̀rọ o é jọ̀ọ́, message náà lọ́la. okay báyìí. ṣiṣẹ́ pade ń ṣàlàyé? yes",neutral
Ìbànújẹ ni pé o ṣe bẹ́ẹ̀.,negative
Mo rí ọ team ọ̀sán. Mo n lọ sí ile itaja.,neutral
Ohun tí later ṣẹlẹ̀ kùnà.,negative
Ìbànújẹ ni pé check ṣe bẹ́ẹ̀. ah,negative
ni loni. ní no O Mo didùn ẹ̀wà.,positive
Eyi ko dara rara. Ẹ̀rọ náà kò urgent dáadáa.,negative
Ẹ̀rọ náà ń ṣiṣẹ́ báyìí. A o problem office O wa ní ita.,neutral
Ọkàn mi ń work gan-an. Ẹ̀rọ náà kò ṣiṣẹ́ dáadáa. update meeting pé problem ṣe bẹ́ẹ̀.,negative
Mo ní ìrírí buburu.,negative
Mo ní inú deadline loni.,positive
O thank you ẹ̀wà. Mo ti ní ìrírí rere.,positive
team tí ó ṣẹlẹ̀ please,negative
Gbogbo nkan ń email dáadáa. meeting rẹ̀ dá mi lórí.,positive
Ìfẹ́ yes dá mi lórí.,positive
Mi ò okay eyi.,negative
Mi deadline message eyi.,negative
Inú office dùn support team ah rí ọ.,positive
yes ni ẹ̀wà.,positive
Eyi ko dara rara. Ọkàn office check rẹ́rù you know gan-an.,negative
"Mo ti team Ẹ jọ̀ọ́, ṣe é ṣàlàyé?",neutral
O please ní ita. Mo rí urgent ní ọ̀sán. Mo ti dé.,neutral
Mo update rẹ please Ọmọde yii jẹ́ ọlọ́gbọ́n gan.,positive
"Ẹ jọ̀ọ́, ṣe é ṣàlàyé? Ó jẹ́ pé ó ń ṣeé ṣe.",neutral
O ni please,positive
rẹ́rù Mo ń loni. Ọkàn ìbànújẹ issue mi ní,negative
Gbogbo nkan ń lọ dáadáa. O ṣeun pupọ work iranlọwọ rẹ.,positive
Mo ti dé. Ó support later ó check ṣeé ṣe.,neutral
A o pade lọ́la. team náà ń ṣiṣẹ́ báyìí.,neutral
rere. ìrírí ti call Mo Mo ní rẹ gan-an.,positive
Mi thank you fẹ́ràn eyi. Mo ní ìbànújẹ message,negative
ah issue rí ọ ní meeting,neutral
support thank you please ti ko dara rara. Eyi issue dara rara. call ní ìrírí work,negative
O jẹ eniyan ti ko dara meeting Mi ò fẹ́ràn message,negative
A o pade lọ́la. O wa ní ita.,neutral
Inú mi please message mo rí ọ. Gbogbo nkan ń urgent dáadáa. O ni ẹ̀wà.,positive
Ẹ update ṣe message ṣàlàyé? Mo ti dé.,neutral
Ìbànújẹ urgent pé o ṣe bẹ́ẹ̀. Mi ò fẹ́ràn eyi.,negative
O jẹ eniyan ti ko dara rara.,negative
Ìfẹ́ rẹ̀ dá mi later,positive
eyi. fẹ́ràn no ò,negative
check ọ̀sán. í Mo gbóná. rí náà office ṣe tó office Ọjọ́ thank you oni deadline ń Ẹ̀rọ,neutral
Kò work pé O update eniyan dáadáa. ṣiṣẹ́ rara. please no ti Ẹ̀rọ jẹ rara.,negative
Ọjọ́ issue dara pupọ.,positive
sorry ò fẹ́ràn eyi. Mo ní ìrírí buburu.,negative
Mo urgent ọ ní ọ̀sán. N kò mọ ohun tí check ṣẹlẹ̀. A o pade issue,neutral
Ohun tí ó ṣẹlẹ̀ kùnà.,negative
update ṣeun pupọ fun iranlọwọ hmm no,positive
Ó jẹ́ thank you ó urgent ṣeé deadline,neutral
Ó work message ó ń ṣeé ṣe.,neutral
email náà kò message deadline,negative
Ọjọ́ oni kì í email tó gbóná.,neutral
O ni thank you Mo call ní ìrírí rere.,positive
message jẹ́ pé ó update ṣeé urgent,neutral
Mo ní ìrírí thank you Ọkàn please ń rẹ́rù gan-an.,negative
Mo ti dé. A o pade lọ́la. office thank you pé office ń ṣeé ṣe.,neutral
team problem ń lọ dáadáa. O deadline ẹ̀wà.,positive
oni lọ tó gbóná. í kì Mo A pade Ọjọ́ lọ́la. ṣe o itaja. sí n ile,neutral
Ọkàn mi ń rẹ́rù sorry,negative
Ọjọ́ oni dara pupọ. Gbogbo nkan ń lọ dáadáa. Mo fẹ́ràn rẹ gan-an.,positive
Mo ní ìrírí buburu.,negative
Ẹ̀rọ náà ń ṣiṣẹ́ work,neutral
ní email wa O,neutral
Mo n lọ sí email problem,neutral
Mo ní please loni. O jẹ eniyan ti ko okay rara.,negative
Mo ní inú work loni. issue okay jẹ́ ọlọ́gbọ́n gan.,positive
fun O ṣeun rẹ. pupọ iranlọwọ,positive
"deadline ti dé. Ẹ jọ̀ọ́, ṣe é ṣàlàyé? hmm",neutral
"Ẹ call jọ̀ọ́, ṣàlàyé? call",neutral
A o pade email Mo rí ọ ní ọ̀sán.,neutral
Ọjọ́ oni dara pupọ. O no pupọ fun iranlọwọ rẹ.,positive
email team later loni. call mi ń rẹ́rù no Mo ní ìrírí call,negative
A o pade thank you Mo ti dé.,neutral
problem urgent kò deadline dáadáa. office okay yes loni.,negative
Ó jẹ́ pé ó ń ṣeé ṣe.,neutral
Mo deadline check loni. Ẹ̀rọ náà kò ṣiṣẹ́ dáadáa.,negative
sorry ń ṣiṣẹ́ báyìí. náà,neutral
check kò update no tí ó ṣẹlẹ̀.,neutral
email please ẹ̀wà. Mo fẹ́ràn rẹ gan-an.,positive
Gbogbo nkan email email dáadáa. Mo fẹ́ràn rẹ gan-an.,positive
Ó jẹ́ email ó urgent ṣeé ṣe. N kò mọ ohun tí ó ṣẹlẹ̀.,neutral
Ìbànújẹ ni pé o ṣe bẹ́ẹ̀.,negative
pupọ rẹ. O iranlọwọ deadline ṣeun,positive
Eyi ko message rara. work náà kò message dáadáa.,negative
Ẹ̀rọ náà kò ṣiṣẹ́ dáadáa. sorry ò fẹ́ràn eyi.,negative
N kò mọ ohun tí problem ṣẹlẹ̀.,neutral
meeting mi ń rẹ́rù gan-an. call ni pé o ṣe bẹ́ẹ̀.,negative
Ọmọde yii jẹ́ ọlọ́gbọ́n work O ṣeun pupọ fun iranlọwọ rẹ. Mo fẹ́ràn rẹ gan-an.,positive
O problem pupọ fun iranlọwọ message Mo fẹ́ràn rẹ gan-an. Inú mi dùn pé mo rí ọ.,positive
Ọkàn mi fẹ́ràn ò Mi eyi. ń gan-an. later,negative
Ọkàn meeting ń rẹ́rù gan-an. Mi ò problem eyi.,negative
O wa ní please Mo ti dé. Ẹ̀rọ náà ń ṣiṣẹ́ báyìí.,neutral
loni. ó yes ṣẹlẹ̀ Ohun ní ìbànújẹ Mo kùnà.,negative
Ọmọde yii jẹ́ ọlọ́gbọ́n gan. O ṣeun pupọ fun iranlọwọ rẹ.,positive
ò Mi eyi. problem,negative
Ó jẹ́ pé yes ń ṣeé update thank you kò sorry ohun tí ó meeting,neutral
O ṣeun issue message iranlọwọ rẹ. Mo fẹ́ràn email gan-an.,positive
email o pade lọ́la. N kò mọ support tí no ṣẹlẹ̀. Ẹ̀rọ náà ń ṣiṣẹ́ báyìí.,neutral
Gbogbo nkan ń lọ dáadáa. O ṣeun pupọ fun iranlọwọ rẹ.,positive
Mo urgent rẹ no Ọmọde hmm yii okay ọlọ́gbọ́n gan.,positive
Kò issue rara.,negative
deadline náà kò urgent call Ọkàn like team ń rẹ́rù gan-an. Mi ò fẹ́ràn eyi.,negative
yes náà kò thank you update,negative
meeting rí ọ later ọ̀sán. Mo n message sí ile itaja.,neutral
Ẹ̀rọ náà ń ṣiṣẹ́ báyìí. Ó jẹ́ pé later ń ṣeé ṣe. okay office kì í ṣe tó gbóná.,neutral
sorry ti ní ìrírí rere. thank you ni ẹ̀wà. Inú mi dùn pé mo rí ọ.,positive
Mo ti meeting issue rere. O message ẹ̀wà.,positive
thank you ti ní ìrírí rere.,positive
N kò please ohun email check ṣẹlẹ̀. Mo support dé. A o pade lọ́la.,neutral
Kò pé rara. Eyi ko dara rara.,negative
Gbogbo nkan call lọ dáadáa.,positive
thank you issue rara. Ohun tí ó ṣẹlẹ̀ kùnà.,negative
Mo ní yes buburu.,negative
O work eniyan ti ko dara rara. please ni team support ṣe bẹ́ẹ̀. Mo ní okay loni.,negative
Ìbànújẹ ni pé o ṣe bẹ́ẹ̀.,negative
meeting o pade lọ́la.,neutral
Mo fẹ́ràn email gan-an.,positive
Ìbànújẹ ni office o ṣe okay team jẹ eniyan ti ko dara rara.,negative
Eyi no dara rara. Mo ní ìbànújẹ loni.,negative
update ni O,positive
Mo ní ìbànújẹ email email tí ó ṣẹlẹ̀ kùnà.,negative
Mo rí ọ ní ọ̀sán. O wa ní ita.,neutral
"Ẹ jọ̀ọ́, ṣe é ṣàlàyé? N problem mọ ohun tí ó call Mo ti dé.",neutral
A o pade lọ́la. Mo rí ọ office ọ̀sán.,neutral
O ni ẹ̀wà. please message jẹ́ ọlọ́gbọ́n gan.,positive
hmm A o pade lọ́la.,neutral
kùnà. ó Ohun ti dara ṣẹlẹ̀ tí work please jẹ please rara.,negative
Mo ní ìrírí buburu.,negative
N kò mọ ohun tí ó ṣẹlẹ̀.,neutral
no ti dé. A o pade lọ́la.,neutral
check wa ní ita. Ẹ̀rọ náà ń ṣiṣẹ́ báyìí. Mo issue ọ please ọ̀sán.,neutral
Mo yes ìbànújẹ loni.,negative
Ìfẹ́ rẹ̀ dá mi lórí. O office ẹ̀wà. Inú issue dùn pé mo team ọ.,positive
O ṣeun pupọ fun yes rẹ. O ni ẹ̀wà.,positive
sí Mo báyìí. itaja. n Ẹ̀rọ ṣiṣẹ́ ile no lọ náà,neutral
Ẹ̀rọ náà kò ṣiṣẹ́ dáadáa.,negative
Mi ò fẹ́ràn eyi. yes ko dara rara.,negative
Kò pé rara. Mo ní ìrírí buburu.,negative
A o pade lọ́la. Ọjọ́ oni kì update ṣe tó gbóná.,neutral
Inú mi dùn pé mo rí update meeting okay ẹ̀wà.,positive
Ọmọde yii jẹ́ ọlọ́gbọ́n yes Ọjọ́ oni dara problem yes yes rẹ gan-an.,positive
Eyi yes dara no,negative
O jẹ message ti ko dara rara. Eyi ko dara rara.,negative
Kò email rara. Ìbànújẹ ni please sorry ṣe bẹ́ẹ̀. Ọkàn mi ń rẹ́rù gan-an.,negative
"jọ̀ọ́, later A pade ṣàlàyé? ó mọ ṣe lọ́la. tí ohun check o later later Ẹ",neutral
Mo rí ọ ní ọ̀sán. A o pade lọ́la.,neutral
lọ́la. urgent Ọjọ́ call ṣe í A oni pade tó please,neutral
Ẹ̀rọ náà ah kò ṣiṣẹ́ dáadáa. later call ìrírí buburu.,negative
Mo thank you rẹ gan-an. like O ṣeun pupọ fun check rẹ.,positive
Kò pé update,negative
Gbogbo nkan ń lọ dáadáa. Mo ti work ìrírí yes,positive
eh O wa ní ita.,neutral
Eyi ko dara rara. Ìbànújẹ ni pé o ṣe bẹ́ẹ̀. Ohun tí ó ṣẹlẹ̀ kùnà.,negative
Ohun tí ó ṣẹlẹ̀ kùnà.,negative
thank you okay kò ṣiṣẹ́ dáadáa. update work fẹ́ràn eyi.,negative
Ìfẹ́ rẹ̀ dá mi lórí. O ni ẹ̀wà.,positive
Ìfẹ́ rẹ̀ please mi lórí.,positive
"O please ní ita. Ẹ jọ̀ọ́, ṣe é ṣàlàyé? A o pade lọ́la.",neutral
Ọjọ́ oni dara eh sorry O ni ẹ̀wà.,positive
problem jẹ́ pé ó ń ṣeé ṣe. A please later lọ́la. Ẹ̀rọ náà ń ṣiṣẹ́ báyìí.,neutral
N kò office email tí support ṣẹlẹ̀. Ẹ please ṣe é later,neutral
Mi ò fẹ́ràn eyi. O jẹ issue ti ko dara eh rara. Ẹ̀rọ náà kò ṣiṣẹ́ dáadáa.,negative
A o pade lọ́la. Mo n lọ sí ile itaja.,neutral
O ṣeun pupọ fun iranlọwọ rẹ.,positive
Ẹ̀rọ náà ń ṣiṣẹ́ báyìí. please work ọ ní ọ̀sán. meeting oni kì í ṣe tó message,neutral
ṣiṣẹ́ dáadáa. náà office Ẹ̀rọ,negative
Ẹ̀rọ no ń ṣiṣẹ́ báyìí. team deadline lọ sí ile itaja.,neutral
O ṣeun pupọ work iranlọwọ later no mi dùn pé hmm mo rí ọ. Gbogbo nkan ń lọ support,positive
Mo ní inú didùn loni. Ọjọ́ oni dara pupọ.,positive
rẹ̀ call mi lórí. dá,positive
Ìbànújẹ message pé o yes bẹ́ẹ̀.,negative
O ni ẹ̀wà.,positive
"Ẹ jọ̀ọ́, deadline é ṣàlàyé?",neutral
Mo work dé. Ẹ̀rọ náà ń ṣiṣẹ́ call,neutral
deadline jẹ eniyan ti ko dara rara. Mo ní ìrírí buburu.,negative
O wa ní ita. A o pade lọ́la. team rí please ní check,neutral
"N kò mọ ohun tí ó office check jọ̀ọ́, ṣe é ṣàlàyé?",neutral
Mo yes rẹ gan-an. email no dá mi update,positive
Eyi ko dara rara. team náà kò ṣiṣẹ́ dáadáa. team ni pé o ṣe bẹ́ẹ̀.,negative
Inú sorry dùn pé mo rí ọ.,positive
Gbogbo message ń lọ call O like ṣeun pupọ sorry iranlọwọ rẹ.,positive
Ọmọde yii jẹ́ ọlọ́gbọ́n update,positive
Ọmọde yii jẹ́ ọlọ́gbọ́n gan. Inú mi dùn pé mo email ọ.,positive
Mo fẹ́ràn rẹ gan-an. message office later,positive
Ẹ̀rọ email kò ṣiṣẹ́ dáadáa. Ìbànújẹ okay team o ṣe deadline,negative
urgent ti ní ìrírí rere. O ṣeun pupọ fun email rẹ.,positive
Inú email dùn pé deadline hmm rí ọ.,positive
Mi ò fẹ́ràn eyi. Ẹ̀rọ call kò ṣiṣẹ́ dáadáa.,negative
Mo ní ìbànújẹ loni. Ẹ̀rọ office please ṣiṣẹ́ dáadáa.,negative
Inú mi dùn pé mo rí ọ.,positive
deadline ò okay eyi. Kò pé okay Eyi ko later rara.,negative
Ẹ̀rọ problem kò ṣiṣẹ́ sorry Ohun tí check ṣẹlẹ̀ kùnà.,negative
Mo fẹ́ràn check gan-an.,positive
O ṣeun email update later rẹ. Ìfẹ́ rẹ̀ thank you sorry lórí.,positive
hmm sorry update pade later issue n lọ sí ile itaja.,neutral
Ìfẹ́ rẹ̀ dá mi lórí. no ṣeun office fun support rẹ. Mo fẹ́ràn rẹ thank you,positive
Mi ò work okay,negative
O wa deadline ita.,neutral
Inú mi team pé mo team no Gbogbo nkan ń lọ meeting Mo ti ní ìrírí rere.,positive
rẹ fẹ́ràn thank you Mo,positive
email problem ẹ̀wà.,positive
Mo call ọ meeting ọ̀sán. N kò mọ ohun tí ó ṣẹlẹ̀.,neutral
Mo fẹ́ràn rẹ work Mo urgent ní like email office,positive
tí N ṣẹlẹ̀. ohun mọ kò ó,neutral
"work wa ní ita. Ẹ jọ̀ọ́, ṣe é ṣàlàyé?",neutral
Eyi no dara rara. yes ní ìrírí buburu.,negative
Mo ti dé.,neutral
Mo ní ìbànújẹ loni.,negative
Ohun tí ó ṣẹlẹ̀ yes Eyi ko dara rara. problem jẹ eniyan meeting work dara call,negative
Ọjọ́ sorry update deadline ṣe tó yes,neutral
Ẹ̀rọ náà support ṣiṣẹ́ dáadáa. Ohun tí ó ṣẹlẹ̀ kùnà.,negative
O yes eniyan ti ko dara rara.,negative
Ọmọde yii please ọlọ́gbọ́n please,positive
thank you o pade lọ́la.,neutral
thank you ṣàlàyé? Ẹ é ṣe,neutral
Inú mi dùn pé meeting rí deadline sorry team pupọ fun iranlọwọ rẹ.,positive
Mo ti ní ìrírí rere.,positive
Eyi work dara support email mi ń message gan-an. Mo ní ìbànújẹ loni.,negative
meeting ṣeun pupọ fun iranlọwọ rẹ. O ni ẹ̀wà.,positive
Mo ní ìbànújẹ loni.,negative
Mo deadline inú didùn update,positive
Mo fẹ́ràn rẹ gan-an. Ọjọ́ oni dara thank you,positive
problem pé rara.,negative
Ọkàn mi ń rẹ́rù gan-an. Mo ní ìrírí thank you,negative
Mo ní ìbànújẹ loni. Ohun tí ó ṣẹlẹ̀ kùnà.,negative
Mi ò fẹ́ràn eyi.,negative
N kò mọ ohun tí ó ṣẹlẹ̀.,neutral
Ọkàn mi ń rẹ́rù gan-an. Ẹ̀rọ náà kò ṣiṣẹ́ dáadáa. Mo yes ìrírí buburu.,negative
fẹ́ràn gan-an. Ọkàn rẹ́rù ò check ń eyi. mi,negative
Ẹ̀rọ náà ń ṣiṣẹ́ báyìí. O wa ní ita.,neutral
Mo office lọ sí ile itaja. A o office lọ́la.,neutral
call n lọ sí ile message Mo ti dé. Ọjọ́ issue kì no update message gbóná.,neutral
meeting nkan ń message dáadáa. Ọjọ́ oni dara ah support Mo ní inú didùn loni.,positive
support sorry pé o ṣe bẹ́ẹ̀.,negative
Mo issue team didùn loni. later rẹ̀ dá mi lórí.,positive
call rí ọ ní urgent,neutral
office ní ìbànújẹ call O jẹ eniyan ti ko dara rara. team pé you know later,negative
Ọjọ́ oni dara meeting meeting yii jẹ́ ọlọ́gbọ́n gan.,positive
O jẹ eniyan ti ko dara rara.,negative
O jẹ eniyan ti ko dara rara.,negative
Mo deadline no O wa ní ita. problem yes yes ó okay urgent ṣe.,neutral
Mo ní ìrírí buburu.,negative
okay work lọ́la. you know o,neutral
Ó jẹ́ pé ó ń ṣeé deadline Ọjọ́ oni meeting í work tó gbóná. O wa ní no,neutral
meeting mi ń rẹ́rù gan-an. Eyi team dara rara.,negative
email ni ẹ̀wà. Mo sorry ní ìrírí rere. Mo fẹ́ràn rẹ gan-an.,positive
meeting nkan like ń deadline dáadáa. Mo no ní ìrírí rere.,positive
Inú issue dùn email mo check ọ. later ní inú didùn office Mo fẹ́ràn rẹ gan-an.,positive
Mi ò fẹ́ràn eyi. Mo ní ìbànújẹ loni.,negative
Ìbànújẹ call pé o okay bẹ́ẹ̀. Mi ò fẹ́ràn eyi. O work issue ti team dara rara.,negative
tó gbóná. okay Ọjọ́ ní okay kì oni ṣe update ita.,neutral
Mo ti dé. Ó jẹ́ pé ó ń ṣeé ṣe.,neutral
Mo n lọ sí urgent itaja. Mo update dé.,neutral
O wa no support,neutral
team kì oni ó ṣeé ṣe ṣe. no call support gbóná. thank you í Ó,neutral
N kò meeting ohun tí ó ṣẹlẹ̀. Mo rí ọ support ọ̀sán.,neutral
Kò pé work Ẹ̀rọ náà support ṣiṣẹ́ dáadáa. sorry message message ti ko dara please,negative
A o pade lọ́la. Mo ti later,neutral
dá mo mi rẹ̀ rí lórí. Ìfẹ́ Inú pé mi ọ. dùn,positive
Ó jẹ́ pé ó ń ṣeé hmm ṣe. A o email lọ́la. Mo okay dé.,neutral
Ọjọ́ oni work pupọ. O ni ẹ̀wà.,positive
Eyi ko later rara.,negative
Kò yes rara. Eyi ko dara rara. Ọkàn mi ń rẹ́rù gan-an.,negative
Mo please okay office issue O office ẹ̀wà.,positive
Mo problem ní ìrírí rere. email check ń urgent dáadáa.,positive
check ní ìrírí buburu. problem ní ìbànújẹ okay Eyi ko dara meeting,negative
Ẹ̀rọ náà ń ṣiṣẹ́ email,neutral
Mo ní inú work loni. update yii okay support gan.,positive
Ohun tí ó ṣẹlẹ̀ kùnà. O jẹ eniyan ti update dara rara.,negative
Mo rí ọ ní ọ̀sán. Ó meeting problem ó no ṣeé ṣe.,neutral
Mo ti ah dé. Ọjọ́ oni kì í ṣe check gbóná. issue okay problem ó later ṣeé email,neutral
eh Ọjọ́ oni dara pupọ.,positive
Ọmọde office okay ọlọ́gbọ́n gan. O ṣeun pupọ fun iranlọwọ rẹ.,positive
náà dara dáadáa. ko pé rara. please Eyi ṣiṣẹ́ rara. team Kò,negative
Mo ti email,neutral
Ọmọde yii jẹ́ ọlọ́gbọ́n gan.,positive
Ọkàn ń issue mi gan-an.,negative
please tí ó meeting kùnà. Ọkàn mi ń rẹ́rù office Mo ní ìbànújẹ loni.,negative
Ohun tí ó ṣẹlẹ̀ kùnà.,negative
Ohun tí ó ṣẹlẹ̀ kùnà. call ko dara rara.,negative
"ṣe ó Ẹ ṣẹlẹ̀. ṣàlàyé? N kò tí ohun jọ̀ọ́, urgent issue",neutral
Mi ò fẹ́ràn eyi. Ẹ̀rọ náà kò ṣiṣẹ́ dáadáa.,negative
Ọkàn eh mi ń rẹ́rù gan-an. Ìbànújẹ ni urgent o ṣe office,negative
Ó okay team ó ń ṣeé ṣe.,neutral
"O wa ní ita. Ẹ jọ̀ọ́, ṣe office ṣàlàyé?",neutral
Ìfẹ́ rẹ̀ dá mi lórí. O ṣeun pupọ fun support rẹ.,positive
Mo hmm rí ọ ní ọ̀sán.,neutral
Mo ní ìbànújẹ loni. work ni pé meeting ṣe bẹ́ẹ̀.,negative
please wa ní ita. Ọjọ́ oni kì í call no gbóná.,neutral
ah Ìfẹ́ urgent dá mi lórí.,positive
Ọjọ́ ah oni kì í ṣe tó deadline deadline kò issue ohun tí thank you ṣẹlẹ̀.,neutral
Ọjọ́ call kì í ṣe tó gbóná.,neutral
"sorry jọ̀ọ́, ṣe support ṣàlàyé? O wa ní ita.",neutral
Mo issue ní ìrírí rere.,positive
issue wa ní ita. A o pade lọ́la. okay jẹ́ okay ó ń okay sorry,neutral
sorry pé rara. Eyi ko dara rara. Ọkàn mi ń rẹ́rù gan-an.,negative
N tí kò ó ohun ṣẹlẹ̀. update,neutral
Ọjọ́ oni kì thank you ṣe tó gbóná. Ó jẹ́ meeting ó sorry ṣeé ṣe.,neutral
Mo ní ìbànújẹ loni. message ko dara rara.,negative
Ọmọde yii jẹ́ ọlọ́gbọ́n work Inú mi support update mo rí ọ.,positive
Ìbànújẹ deadline pé o ṣe bẹ́ẹ̀. O jẹ eniyan ti ko dara rara.,negative
Kò pé rara.,negative
Mo okay ìrírí you know buburu.,negative
support ṣeun later okay check rẹ. Ọjọ́ update urgent pupọ.,positive
pade message okay A,neutral
A o pade lọ́la. Ẹ team ṣe é ṣàlàyé? O wa ní ita.,neutral
Ìfẹ́ rẹ̀ dá mi eh lórí. Mo ní inú didùn loni.,positive
ń gan-an. Ọkàn rẹ́rù mi,negative
Ó jẹ́ pé check okay problem sorry A o later lọ́la.,neutral
Mi ò fẹ́ràn call call ni pé o work bẹ́ẹ̀. Mo ní ìbànújẹ loni.,negative
Mo ní later didùn loni. urgent oni dara pupọ.,positive
Kò pé rara. Eyi ko dara rara. Ọkàn mi ń rẹ́rù gan-an.,negative
O ni ẹ̀wà.,positive
Inú mi dùn pé mo rí ọ.,positive
O wa please ita. support oni kì í ṣe tó urgent message náà ń ṣiṣẹ́ message,neutral
Kò support no Eyi ko email rara.,negative
Mo rí ọ ní ọ̀sán. Ẹ̀rọ náà ń ṣiṣẹ́ báyìí.,neutral
Gbogbo dáadáa. ní sorry lọ inú didùn nkan ń update,positive
oni sorry inú pupọ. didùn loni. Mo dara Ọjọ́,positive
sorry yes pade lọ́la. Ó jẹ́ pé ó ń ṣeé ṣe.,neutral
Ọjọ́ thank you dara yes,positive
Mo ti dé. Ọjọ́ oni kì deadline ṣe tó gbóná. check n no sí ile itaja.,neutral
ti office ṣẹlẹ̀. ohun tí team ó okay Mo team,neutral
Inú office dùn email mo rí ọ.,positive
Ohun tí ó ṣẹlẹ̀ kùnà. Eyi ko dara rara.,negative
Ọjọ́ oni kì urgent ṣe tó gbóná. Ó yes pé ó yes ṣeé ṣe. Mo rí ọ ní ọ̀sán.,neutral
Mo ti ní ìrírí rere. Mo ní ah inú didùn update,positive
ìbànújẹ fẹ́ràn call eyi. loni. Mo ní Mi,negative
Mo n lọ sí ile itaja. Ọjọ́ sorry kì í ṣe tó gbóná.,neutral
Mi ò fẹ́ràn eyi. sorry náà kò ṣiṣẹ́ dáadáa. O jẹ eniyan ti ko dara rara.,negative
O ṣeun pupọ office iranlọwọ like rẹ.,positive
lọ́la. meeting pade ṣe. ń A jẹ́ later ṣeé ó check,neutral
N kò mọ ohun tí ó you know ṣẹlẹ̀.,neutral
please ti ní issue rere. Ìfẹ́ rẹ̀ dá problem lórí. hmm,positive
ní O ita. wa,neutral
please ti check,neutral
sorry náà kò ṣiṣẹ́ dáadáa. Mo ní ìrírí buburu.,negative
Ohun tí ó eh ṣẹlẹ̀ kùnà.,negative
yes ko please meeting Ìbànújẹ ni pé o okay bẹ́ẹ̀. O jẹ office sorry ko dara rara.,negative
Mo ní ìbànújẹ thank you Mi ò fẹ́ràn eyi.,negative
Ohun eh tí urgent ṣẹlẹ̀ kùnà.,negative
"ṣe. ó Ó yes ṣàlàyé? pade office later ń jẹ́ ṣeé team Ẹ jọ̀ọ́, office issue",neutral
N thank you mọ ohun tí ó ṣẹlẹ̀. no náà ń ṣiṣẹ́ báyìí. Mo rí ọ ní ọ̀sán.,neutral
O work ní ita. Ọjọ́ oni kì í ṣe tó gbóná.,neutral
Ẹ̀rọ náà ń ṣiṣẹ́ báyìí. Mo n lọ sí ile thank you,neutral
Kò pé rara.,negative
Ó jẹ́ pé work ń ṣeé ṣe.,neutral
Eyi ko dara rara.,negative
"itaja. yes é n thank you lọ sorry work ṣe jọ̀ọ́, Ẹ",neutral
Ọmọde urgent jẹ́ ọlọ́gbọ́n gan. yes ṣeun team fun iranlọwọ rẹ.,positive
O ni ẹ̀wà. Ọjọ́ oni thank you pupọ.,positive
pé ní loni. buburu. thank you Kò ìrírí Mo ìbànújẹ Mo ní,negative
"Ẹ jọ̀ọ́, ṣe é office",neutral
urgent nkan ń lọ dáadáa. Inú mi dùn later mo rí ọ.,positive
Ọjọ́ oni dara pupọ.,positive
O jẹ eniyan ti ko dara rara.,negative
"A o team lọ́la. meeting jọ̀ọ́, ṣe é ṣàlàyé? support update ní ita.",neutral
O wa ní urgent,neutral
Ìfẹ́ rẹ̀ office mi lórí.,positive
Ìbànújẹ ni pé o ṣe call Ohun tí email urgent later,negative
Ọjọ́ oni kì í ṣe tó gbóná. Mo n lọ sí ile okay,neutral
Mo fẹ́ràn rẹ office,positive
Mo sorry dé.,neutral
Ẹ̀rọ náà kò ṣiṣẹ́ issue O jẹ eniyan ti email thank you rara.,negative
please jẹ eniyan office ko dara rara. Eyi support dara rara.,negative
Mi ò fẹ́ràn eyi.,negative
Kò issue rara. Mo ní ìbànújẹ no,negative
Mo ti ní no rere. deadline ní inú didùn loni. email yii jẹ́ ọlọ́gbọ́n gan.,positive
Inú mi dùn pé mo yes ọ.,positive
N deadline mọ ohun tí ó ṣẹlẹ̀.,neutral
Eyi deadline dara office Ìbànújẹ ni pé o deadline bẹ́ẹ̀.,negative
O ni ẹ̀wà. Ìfẹ́ office dá mi lórí. Ọmọde yii message ọlọ́gbọ́n gan.,positive
Ọmọde yii office ọlọ́gbọ́n gan. Mo support rẹ urgent,positive
Mo office dé.,neutral
O ṣeun pupọ fun update rẹ. Ọmọde yii jẹ́ deadline gan.,positive
Ọmọde yii jẹ́ ọlọ́gbọ́n sorry,positive
work ti ní deadline rere.,positive
email ko dara rara.,negative
Mo ní ìrírí buburu.,negative
support n lọ sí ile itaja.,neutral
Ẹ̀rọ náà like ń ṣiṣẹ́ báyìí.,neutral
A o no lọ́la.,neutral
lórí. rẹ̀ mi support dá Ọjọ́ dara issue Ìfẹ́,positive
call yes kò ṣiṣẹ́ dáadáa.,negative
A o pade lọ́la.,neutral
Ọjọ́ oni kì í ṣe tó gbóná. N kò mọ ohun message ó ṣẹlẹ̀.,neutral
deadline ko dara rara.,negative
Ìbànújẹ ni pé urgent deadline bẹ́ẹ̀.,negative
Ìfẹ́ rẹ̀ dá mi lórí. O ṣeun pupọ fun iranlọwọ rẹ.,positive
A o pade team Mo rí ọ ní issue,neutral
Mo rí team ní okay email wa ní ita.,neutral
Mo rí ọ update ọ̀sán.,neutral
ó Ó pé ṣe. pade wa lọ́la. jẹ́ O deadline o ń ní A ita.,neutral
work nkan ń lọ dáadáa.,positive
O ṣeun please fun iranlọwọ rẹ.,positive
Kò pé problem team ò fẹ́ràn eyi.,negative
Eyi ko dara rara. O problem eniyan ti ko dara rara. no náà thank you ṣiṣẹ́ dáadáa.,negative
check team ń lọ hmm dáadáa. Mo fẹ́ràn urgent gan-an.,positive
A yes pade support Mo rí yes ní ọ̀sán.,neutral
you know Ọjọ́ oni dara pupọ. Ìfẹ́ issue dá mi lórí.,positive
support ò office eyi.,negative
Mo rí ọ ní ọ̀sán. Ẹ update ṣe é ṣàlàyé?,neutral
kò náà ń ó problem ohun Ẹ̀rọ tí mọ ṣiṣẹ́ báyìí. N,neutral
ń Ó oni later okay okay ṣe tó Ọjọ́ í pé ṣeé jẹ́ kì,neutral
Ọmọde yii jẹ́ ọlọ́gbọ́n gan.,positive
Ìbànújẹ ni pé o deadline bẹ́ẹ̀.,negative
Inú mi dùn message mo work no,positive
Inú mi problem pé mo rí okay,positive
update wa ní ita. thank you no update sí message no N kò mọ ohun tí ó ṣẹlẹ̀.,neutral
Kò pé thank you Eyi ko dara rara. Ìbànújẹ ni pé o ṣe bẹ́ẹ̀.,negative
Ó office pé ó ń ṣeé ṣe.,neutral
thank you ní inú didùn loni. no mi dùn pé mo rí ọ. O ni ẹ̀wà.,positive
Inú mi dùn pé yes rí thank you team nkan ń lọ dáadáa.,positive
ó ni no o pé Ohun ṣe problem sorry kùnà. Ìbànújẹ,negative
Mo ní inú didùn email,positive
Mo n lọ urgent support issue office oni kì í meeting tó later Mo office email ní ọ̀sán.,neutral
mi dùn mo ti ìrírí ọ. Mo rere. ní Inú rí pé,positive
issue ni ẹ̀wà. Ọjọ́ oni dara update,positive
"Ọjọ́ oni kì í problem tó gbóná. Ẹ jọ̀ọ́, meeting é please A o pade no",neutral
Ẹ̀rọ meeting team ṣiṣẹ́ báyìí.,neutral
Mo n lọ like sí ile itaja.,neutral
work kò mọ ohun support ó ṣẹlẹ̀.,neutral
O office eniyan ti ko work rara. message team rara. Mi ò fẹ́ràn sorry,negative
Ohun team support ṣẹlẹ̀ kùnà. Ẹ̀rọ náà kò ṣiṣẹ́ dáadáa.,negative
work fẹ́ràn rẹ gan-an. deadline oni urgent pupọ.,positive
Mo fẹ́ràn rẹ gan-an. Ọmọde yii jẹ́ ọlọ́gbọ́n gan.,positive
"O wa ní ita. check jọ̀ọ́, ṣe é ṣàlàyé?",neutral
Gbogbo nkan ah yes yes dáadáa. Ọjọ́ oni dara pupọ. Ìfẹ́ work dá okay lórí.,positive
problem kò mọ ohun tí ó ṣẹlẹ̀. Ẹ̀rọ náà sorry ṣiṣẹ́ báyìí.,neutral
ti lọ n itaja. sí dé. ile yes Mo,neutral
Ọkàn mi check rẹ́rù gan-an.,negative
ń sorry ṣiṣẹ́ ní O ita. sorry Ẹ̀rọ náà,neutral
team mi thank you pé urgent rí deadline,positive
Ó message pé ó ń ṣeé ṣe.,neutral
Mo rí no ní ọ̀sán. Mo ti dé.,neutral
sorry ní ìrírí buburu. support ò okay later O jẹ update no ko dara rara.,negative
call rí ọ ní ọ̀sán. A o later lọ́la.,neutral
please update ń message dáadáa. Ìfẹ́ rẹ̀ dá mi issue,positive
Ohun tí ó ṣẹlẹ̀ kùnà. Mo team ìbànújẹ loni. Ẹ̀rọ náà kò ṣiṣẹ́ later,negative
Mo n lọ office ile itaja. Mo rí ọ email ọ̀sán. N kò mọ ohun tí ó ṣẹlẹ̀.,neutral
sorry oni kì í ṣe tó gbóná.,neutral
support n lọ sí ile itaja.,neutral
o eyi. buburu. ò ìrírí check Ìbànújẹ fẹ́ràn support ní meeting ṣe ni pé,negative
N kò mọ ohun tí ó ṣẹlẹ̀.,neutral
ń Ohun rẹ́rù mi ó ṣẹlẹ̀ urgent gan-an. Ọkàn tí,negative
Inú mi dùn pé mo rí ọ. Mo team office didùn loni. O ni ẹ̀wà.,positive
Inú email dùn pé mo rí ọ.,positive
Mo n lọ sí ile itaja. Mo ti dé.,neutral
báyìí. later tó oni ṣiṣẹ́ gbóná. Ọjọ́ Ẹ̀rọ ń ṣe office í,neutral
"Ẹ jọ̀ọ́, ṣe yes ṣàlàyé? eh",neutral
Ọmọde yii jẹ́ ọlọ́gbọ́n gan. Mo ti ní ìrírí no,positive
Mo n lọ problem ile itaja. Ẹ̀rọ náà no ṣiṣẹ́ báyìí.,neutral
Ohun tí ó ṣẹlẹ̀ kùnà.,negative
O ṣeun pupọ fun iranlọwọ you know rẹ.,positive
Mi ò fẹ́ràn eyi. issue ní meeting loni. Ìbànújẹ ni pé o ṣe bẹ́ẹ̀.,negative
Ọkàn mi ń rẹ́rù gan-an.,negative
Mo ní inú didùn loni. O ṣeun pupọ work support rẹ.,positive
support pé rara. Mo ní ìbànújẹ loni.,negative
Mi ò fẹ́ràn meeting please okay office office no,negative
ní Ẹ̀rọ support kò náà team dáadáa. Mo buburu. like,negative
Ọmọde yii jẹ́ ọlọ́gbọ́n message update oni dara pupọ. please ní inú didùn loni.,positive
Inú mi dùn update call rí ọ.,positive
ń lọ ni no yes deadline Mo ní deadline Gbogbo nkan dáadáa. O,positive
Mo ní problem buburu.,negative
problem office kò check dáadáa. Eyi ko dara rara.,negative
O ni ẹ̀wà.,positive
Ọjọ́ oni dara pupọ.,positive
jẹ́ yii ní loni. didùn Ọmọde Mo work gan. inú,positive
Ohun tí ó ṣẹlẹ̀ kùnà.,negative
team ni call Mo ti issue thank you rere.,positive
"é jọ̀ọ́, tó ṣe kì í gbóná. ṣe Ẹ oni ṣàlàyé? Ọjọ́",neutral
Mo ní ìrírí message Mo ní ìbànújẹ loni.,negative
Ọkàn mi ń rẹ́rù gan-an.,negative
Ohun support call okay kùnà. Mo ní ìrírí buburu.,negative
ṣeun please pupọ iranlọwọ dáadáa. fun rẹ. nkan O ń Gbogbo,positive
update n lọ sí ile itaja.,neutral
thank you urgent rara. Ìbànújẹ please pé o ṣe bẹ́ẹ̀.,negative
meeting tí ó support kùnà. Ọkàn mi ń rẹ́rù gan-an. Mo ní ìbànújẹ loni.,negative
team message rara. ìrírí Eyi ko ní buburu.,negative
Mo ní ìrírí buburu. Mi ò update meeting O jẹ eniyan ti ko dara rara.,negative
A call you know pade lọ́la. O wa ní ita.,neutral
Gbogbo nkan work lọ dáadáa. Ọmọde yii yes ọlọ́gbọ́n gan. Mo okay rẹ gan-an. ah,positive
O ni ẹ̀wà. Mo fẹ́ràn rẹ email,positive
Mi update fẹ́ràn eyi. Mo ní ìrírí buburu. update ní check loni.,negative
deadline rẹ̀ dá office lórí.,positive
support ti ní ìrírí rere.,positive
Mo ti ní okay rere. Gbogbo support ń lọ dáadáa.,positive
Inú issue dùn later problem problem ọ.,positive
office ko dara rara. Ohun tí ó ṣẹlẹ̀ kùnà. Mi later fẹ́ràn no,negative
message update ń issue báyìí. ah,neutral
Mo ti dé.,neutral
ṣe. jẹ́ ń Ó ó ṣeé pé,neutral
Mo ti dé. Ọjọ́ oni kì í ṣe tó gbóná.,neutral
didùn no loni. ní issue Mo gan-an. rẹ support,positive
Ìbànújẹ ni issue meeting ṣe bẹ́ẹ̀.,negative
"Ẹ jọ̀ọ́, ṣe é ṣàlàyé? Ọjọ́ call meeting í ṣe tó gbóná.",neutral
N kò mọ ohun tí ó ṣẹlẹ̀. Mo rí update ní ọ̀sán. Mo n lọ sí ile problem,neutral
Inú email dùn deadline mo rí ọ. Gbogbo nkan ń lọ dáadáa.,positive
Kò pé rara. message jẹ eniyan urgent ko dara rara.,negative
Mo ti ní meeting rere. Gbogbo nkan ń lọ dáadáa.,positive
Mo ti support,neutral
meeting pé rara.,negative
Ẹ̀rọ náà ń ṣiṣẹ́ báyìí. Ó jẹ́ pé ó ń ṣeé ṣe. O wa ní okay,neutral
Ọjọ́ oni dara pupọ. yes office dùn pé mo later ọ. Ìfẹ́ rẹ̀ dá mi lórí.,positive
Ìfẹ́ call dá team okay,positive
issue please pé ó ń ṣeé ṣe. Mo ti yes,neutral
O ni ẹ̀wà.,positive
Ẹ̀rọ náà email ṣiṣẹ́ dáadáa. Ìbànújẹ no pé o work thank you eh Mi ò fẹ́ràn update,negative
office check ní ìrírí ah rere. O ni ẹ̀wà.,positive
Ọjọ́ oni kì í ṣe yes gbóná. Ẹ urgent sorry é ṣàlàyé?,neutral
Mo you know deadline inú didùn loni. Mo ti ní ìrírí no Ọjọ́ oni dara pupọ.,positive
N kò mọ ohun tí ó ṣẹlẹ̀. Mo n lọ message ile itaja.,neutral
Mo rí team ní ọ̀sán.,neutral
work oni kì í ṣe okay gbóná.,neutral
N kò mọ ohun tí ó ṣẹlẹ̀. A o pade lọ́la.,neutral
Ẹ̀rọ náà ń ṣiṣẹ́ call,neutral
Ọjọ́ oni dara issue Mo update inú didùn loni.,positive
Ìbànújẹ ni pé o ṣe bẹ́ẹ̀. Mi work fẹ́ràn thank you,negative
Ọjọ́ oni dara pupọ. Mo fẹ́ràn call office,positive
update ò fẹ́ràn meeting work work email buburu.,negative
Ọmọde yii jẹ́ ọlọ́gbọ́n gan. okay ṣeun pupọ fun iranlọwọ support,positive
"Ọjọ́ oni kì work ṣe office gbóná. meeting jọ̀ọ́, ṣe é ṣàlàyé?",neutral
Ẹ̀rọ náà kò ṣiṣẹ́ dáadáa. O support eniyan ti ko dara rara. Kò pé later,negative
O call eniyan urgent meeting dara rara.,negative
lọ́la. check ní urgent wa team O A,neutral
Ó jẹ́ pé issue ń ṣeé ṣe. Mo n team sí ile urgent Ẹ̀rọ náà ń ṣiṣẹ́ báyìí.,neutral
Mo ní inú didùn loni. office mi dùn pé check rí ọ. Ìfẹ́ rẹ̀ dá sorry lórí.,positive
later ní ìbànújẹ loni. urgent náà kò ṣiṣẹ́ dáadáa.,negative
Mo rí ọ ní ọ̀sán.,neutral
ní wa problem ita.,neutral
problem check email support ò fẹ́ràn eyi.,negative
Eyi ko problem eh okay,negative
"please jọ̀ọ́, ṣe team ṣàlàyé?",neutral
O ni ẹ̀wà. office check pupọ fun iranlọwọ rẹ.,positive
A check pade lọ́la. update kò mọ ohun tí urgent ṣẹlẹ̀.,neutral
check check check tí Kò sorry pé Ohun please office rara. pé bẹ́ẹ̀. o,negative
issue oni kì í ṣe tó gbóná. Ẹ̀rọ support ń ṣiṣẹ́ báyìí.,neutral
"Ẹ jọ̀ọ́, ṣe é ṣàlàyé? call ti dé.",neutral
support ni thank you o urgent bẹ́ẹ̀. yes tí ó ṣẹlẹ̀ kùnà.,negative
Ọmọde yii jẹ́ ọlọ́gbọ́n gan.,positive
email tí ó office kùnà. Mo ní ìrírí update,negative
Mo no you know ìbànújẹ loni.,negative
Mi ò fẹ́ràn eyi. support issue work rara.,negative
Ó jẹ́ thank you eh ó ń ṣeé ṣe. N kò mọ sorry tí message ṣẹlẹ̀. O wa ní ita.,neutral
Mo ti dé. A sorry pade lọ́la. N kò mọ ohun tí ó ṣẹlẹ̀.,neutral
Ó jẹ́ pé ó yes ṣeé ṣe.,neutral
ìbànújẹ ní loni. Mo,negative
ìrírí Mo ti ọlọ́gbọ́n yii gan. jẹ́ Ọmọde ní support,positive
Ọkàn deadline update rẹ́rù gan-an. Eyi issue dara rara. urgent ò call eyi.,negative
support ní sorry no,negative
Mi please fẹ́ràn eyi. Mo ní ìbànújẹ loni.,negative
Kò pé update Ẹ̀rọ náà kò update dáadáa.,negative
Mo check ọ ní ọ̀sán. N kò mọ no tí ó sorry message wa sorry ita.,neutral
Mo ní update buburu. okay yes rara. Mi ò fẹ́ràn eyi.,negative
sorry oni kì í ṣe tó gbóná.,neutral
Ohun tí ó problem kùnà.,negative
Mi ò fẹ́ràn eyi. Kò thank you rara. Eyi urgent later rara.,negative
later ti dé. update o pade lọ́la.,neutral
Mo ní inú didùn loni. O ni ẹ̀wà. Mo ti ní ìrírí rere.,positive
ọ. Ìfẹ́ rẹ̀ Inú sorry mo mi dá mi pé rí dùn,positive
O jẹ eniyan ti ko dara rara. message ò fẹ́ràn eyi. Eyi ko dara rara.,negative
Ohun update ó ṣẹlẹ̀ kùnà.,negative
no ní ìrírí Mo,negative
okay fẹ́ràn rẹ you know gan-an. Mo ti ní check rere.,positive
Ọkàn mi ń rẹ́rù gan-an. Ohun okay ó meeting kùnà.,negative
Mo check dé.,neutral
Kò pé ah rara.,negative
check oni kì í ṣe update gbóná.,neutral
okay no pade lọ́la. N deadline mọ meeting tí ó ṣẹlẹ̀. no urgent lọ sí ile itaja.,neutral
Ìbànújẹ ni pé o ṣe bẹ́ẹ̀. Kò pé rara.,negative
Ọjọ́ oni dara yes sorry ṣeun pupọ fun iranlọwọ thank you,positive
meeting pé rara.,negative
Mo no lọ sí ile itaja. Mo update dé.,neutral
O wa later ita. Mo ti dé.,neutral
Kò pé rara.,negative
Ọkàn mi ń rẹ́rù gan-an. Ẹ̀rọ update urgent call issue,negative
email kò mọ ohun tí ó ṣẹlẹ̀.,neutral
N urgent mọ ohun tí ó ṣẹlẹ̀. Mo rí message ní ọ̀sán. Ó jẹ́ pé ó ń update office,neutral
Mi ò fẹ́ràn thank you,negative
O support pupọ fun iranlọwọ rẹ.,positive
Mo n support sí ile email A o meeting lọ́la.,neutral
Mo ní ìrírí buburu.,negative
Mo ti dé. hmm N kò mọ ohun tí ó ṣẹlẹ̀.,neutral
Ọjọ́ oni okay í ṣe tó gbóná. O wa update ita. Ó jẹ́ pé ó ń okay ṣe.,neutral
ah deadline mi call rẹ́rù support Ẹ̀rọ náà support ṣiṣẹ́ dáadáa. Mi problem work eyi.,negative
ita. O wa ní,neutral
Mo issue ìrírí buburu. later ni pé o ṣe bẹ́ẹ̀. Mo ní meeting loni.,negative
Mi ò fẹ́ràn eyi. no ní ìbànújẹ deadline,negative
Mo ti dé. eh yes oni issue í ṣe tó message,neutral
Mo deadline inú didùn loni. sorry ṣeun work fun iranlọwọ rẹ. Mo ti ní ìrírí rere.,positive
O jẹ eniyan ti ko team sorry okay náà kò check dáadáa.,negative
Ìfẹ́ rẹ̀ dá mi lórí. eh O ni sorry Ọmọde yii jẹ́ ọlọ́gbọ́n gan.,positive
issue ko dara rara. please pé rara.,negative
Mo ní inú didùn loni.,positive
Mo problem inú didùn loni.,positive
Ọmọde yii jẹ́ sorry gan. Ìfẹ́ rẹ̀ yes mi lórí.,positive
Ó jẹ́ issue call ń office ṣe. O wa ní ita.,neutral
Mo ní ìrírí buburu. Eyi ko dara rara.,negative
"Mo rí sorry ní ọ̀sán. Ẹ jọ̀ọ́, ṣe é ṣàlàyé? O wa ní ita.",neutral
Mo rí ọ ní ọ̀sán.,neutral
Ìbànújẹ update pé o ṣe bẹ́ẹ̀.,negative
O wa ní office,neutral
Ọjọ́ oni dara support support ti thank you update check,positive
Ọmọde yii jẹ́ ọlọ́gbọ́n gan.,positive
Ó ó office jẹ́ pé ṣeé ń,neutral
O wa ní ita. support rí ọ ní ọ̀sán. A o support lọ́la.,neutral
Mo n yes sí ile issue Ọjọ́ oni kì í please tó gbóná.,neutral
call oni kì í ṣe yes message O wa ní ita.,neutral
please later rara.,negative
sorry no jẹ́ office gan.,positive
O like check work ti ko meeting rara. Ohun tí ó ṣẹlẹ̀ kùnà.,negative
Mi ò fẹ́ràn eyi. Mo ní ìbànújẹ loni.,negative
ni ah O sorry,positive
yes nkan ń check dáadáa. Inú mi dùn pé mo rí later O ṣeun pupọ fun update rẹ.,positive
A o pade lọ́la. like check problem ń ṣiṣẹ́ email,neutral
office tí ó email kùnà. Mi ò check eyi.,negative
support urgent dé. Ẹ̀rọ náà ń ṣiṣẹ́ problem,neutral
Eyi ko sorry rara. O jẹ message ti ko dara message deadline mi ń rẹ́rù sorry,negative
A o eh pade lọ́la.,neutral
Gbogbo nkan ń lọ dáadáa. later fẹ́ràn rẹ gan-an. Ọmọde yes jẹ́ ọlọ́gbọ́n gan.,positive
N kò mọ ohun tí ó ṣẹlẹ̀.,neutral
Eyi ko dara rara. Kò pé team,negative
call ko call rara.,negative
Inú mi dùn pé mo issue ọ.,positive
urgent pé rara.,negative
meeting oni kì í ṣe tó gbóná. Mo n lọ sí ile thank you,neutral
O ni ẹ̀wà. Inú ah issue dùn pé mo rí ọ. Ìfẹ́ rẹ̀ dá mi lórí.,positive
Eyi ko dara rara.,negative
ko rara. Eyi dara,negative
Kò pé rara. issue ni pé o ṣe bẹ́ẹ̀.,negative
Mo meeting ní ìrírí rere.,positive
Ohun tí thank you ṣẹlẹ̀ kùnà.,negative
Ọjọ́ okay please pupọ.,positive
team pé rara. O jẹ eniyan ti ko meeting rara.,negative
email tí ó you know ṣẹlẹ̀ kùnà.,negative
Ọkàn mi ń rẹ́rù gan-an.,negative
Ọkàn mi ń rẹ́rù gan-an. Mo ní ìbànújẹ loni.,negative
Ohun thank you ó ṣẹlẹ̀ kùnà. Mo ní ìbànújẹ loni. Ìbànújẹ yes pé o ṣe bẹ́ẹ̀.,negative
Ìfẹ́ rẹ̀ dá mi lórí.,positive
Ohun tí ó ṣẹlẹ̀ kùnà. O jẹ eniyan ti ko dara rara. Eyi ko dara meeting,negative
Eyi urgent dara rara. okay call ìrírí buburu. like,negative
Mo n lọ sí ile meeting O wa ní thank you,neutral
Mo fẹ́ràn rẹ gan-an. Ọjọ́ deadline dara pupọ.,positive
"O wa ní ita. Ẹ jọ̀ọ́, ṣe é ṣàlàyé?",neutral
Ọjọ́ thank you dara yes later ní email didùn loni.,positive
N kò mọ ohun tí ó ṣẹlẹ̀. Ọjọ́ message check í ṣe urgent hmm gbóná.,neutral
Ẹ̀rọ náà kò ṣiṣẹ́ dáadáa. Eyi work office rara.,negative
O wa ní ita. Mo rí ọ ní ọ̀sán. Ọjọ́ support kì í ṣe tó work,neutral
Mo ní ìrírí buburu. Mi ò you know okay eyi.,negative
Ìfẹ́ okay dá support team,positive
Ìbànújẹ ni pé o ṣe bẹ́ẹ̀.,negative
O jẹ eniyan ti ko dara rara. Mi issue fẹ́ràn yes,negative
Ìbànújẹ ni pé o ṣe issue,negative
Kò pé okay,negative
Ọjọ́ oni kì office ṣe tó meeting,neutral
deadline ni call update ṣe bẹ́ẹ̀. Ọkàn mi ń rẹ́rù gan-an.,negative
O ṣeun pupọ fun iranlọwọ rẹ.,positive
O ni ẹ̀wà.,positive
Ọjọ́ oni dara pupọ. O ṣeun pupọ please iranlọwọ rẹ. Mo ní sorry later loni.,positive
Mo ti ní ìrírí please,positive
office yii office problem gan. O ni work Mo urgent rẹ gan-an.,positive
Mi ò fẹ́ràn call Kò urgent rara. Eyi ko work rara.,negative
support work pade lọ́la. Ó jẹ́ meeting update ń ṣeé ṣe.,neutral
O ṣeun pupọ fun iranlọwọ rẹ. Gbogbo problem ń lọ dáadáa.,positive
Mo ní ìbànújẹ loni. O like no eniyan ti ko dara issue,negative
Ẹ update sorry é ṣàlàyé? Mo rí ọ thank you okay,neutral
O message yes ti ko update rara. Ẹ̀rọ náà kò like ṣiṣẹ́ dáadáa. Mo ní ìbànújẹ loni.,negative
Mo rí ọ ní ọ̀sán. call náà ń later báyìí.,neutral
Ìfẹ́ yes team mi problem thank you ní email didùn loni.,positive
Ìbànújẹ update pé o urgent problem,negative
Ohun support ó ṣẹlẹ̀ issue,negative
Ó jẹ́ pé ó yes ṣeé ṣe.,neutral
please rí ọ ní ọ̀sán. O wa ní ita.,neutral
Ó check pé ó ń ṣeé ṣe. Mo rí ọ ní ọ̀sán. Ọjọ́ oni kì team thank you tó gbóná.,neutral
Inú mi check sorry hmm yes rí ọ.,positive
deadline ó jẹ́ ń Ó ṣe. ṣeé,neutral
N okay mọ ohun tí ó ṣẹlẹ̀. Ó jẹ́ pé meeting ń ṣeé issue,neutral
issue náà kò ṣiṣẹ́ dáadáa. Kò pé message,negative
A o check issue,neutral
"office jọ̀ọ́, ṣe é ṣàlàyé? Mo n lọ sí ile itaja.",neutral
please nkan ń yes dáadáa.,positive
Ẹ̀rọ náà kò ṣiṣẹ́ dáadáa.,negative
Ẹ̀rọ eh náà ń yes báyìí.,neutral
urgent urgent team lọ dáadáa.,positive
Ẹ̀rọ náà ń ṣiṣẹ́ báyìí.,neutral
no ti support Mo rí ọ ní ọ̀sán.,neutral
Ohun tí message ṣẹlẹ̀ kùnà.,negative
Mo n office sí ile itaja. Ó jẹ́ pé ó ń ṣeé ṣe.,neutral
Mo ní ìrírí buburu.,negative
ṣe Kò okay Ìbànújẹ rẹ́rù work ni Ọkàn rara. mi bẹ́ẹ̀. gan-an. pé ń,negative
no mi dùn pé mo rí ọ.,positive
Mo n okay sí ile itaja. eh,neutral
Ìfẹ́ rẹ̀ dá mi lórí. Ọjọ́ oni dara problem,positive
Mo fẹ́ràn rẹ gan-an.,positive
"Ẹ jọ̀ọ́, ṣe sorry ṣàlàyé?",neutral
urgent ni pé thank you yes later Mo ní ìrírí buburu.,negative
rara. rara. urgent pé dara office Eyi,negative
Ohun tí ó later kùnà. sorry ni pé o ṣe bẹ́ẹ̀. Mo ní ìbànújẹ loni.,negative
issue problem dé.,neutral
Eyi ko dara please,negative
Mo please dé. A problem office lọ́la.,neutral
Eyi ko dara rara. Ohun tí deadline call kùnà.,negative
Ohun tí ó thank you kùnà.,negative
Mo ní inú email loni. Inú mi dùn work mo rí later Ọjọ́ work check yes,positive
Ẹ̀rọ náà ń ṣiṣẹ́ báyìí.,neutral
Ẹ̀rọ no kò thank you urgent,negative
Ohun tí urgent ṣẹlẹ̀ office,negative
sorry ti ní ìrírí work Ọmọde yii jẹ́ ọlọ́gbọ́n gan. Mo team rẹ sorry,positive
Ìbànújẹ ni pé o yes bẹ́ẹ̀.,negative
Ọmọde jẹ́ mi dá issue work ń gan. dáadáa. nkan Ìfẹ́ lọ office rẹ̀ lórí.,positive
Mo rí later ní ọ̀sán. A o pade lọ́la. O wa ní ita.,neutral
Mo ti like ní ìrírí rere.,positive
A o pade lọ́la.,neutral
Ọjọ́ oni dara pupọ. urgent ni ẹ̀wà. message email dùn pé mo okay ọ.,positive
work ṣeun pupọ check iranlọwọ rẹ.,positive
Mo rí message office ọ̀sán.,neutral
urgent tí ó ṣẹlẹ̀ urgent Ìbànújẹ ni pé o email bẹ́ẹ̀.,negative
ọ Mo ọ̀sán. ní deadline,neutral
O wa ní ita. Ẹ deadline ṣe é ṣàlàyé?,neutral
Ọjọ́ oni kì í ṣe tó gbóná. check kò mọ ohun team ó ṣẹlẹ̀.,neutral
Ìbànújẹ ni pé o ṣe bẹ́ẹ̀. Ọkàn no ń rẹ́rù like gan-an.,negative
Mo fẹ́ràn rẹ update,positive
issue mi ń rẹ́rù gan-an. O jẹ eniyan ti ko dara rara. Mo ní ìbànújẹ loni.,negative
Ìbànújẹ update pé call ṣe bẹ́ẹ̀. O jẹ office ti ko like dara rara.,negative
Gbogbo meeting ń lọ dáadáa. Ọmọde support jẹ́ ọlọ́gbọ́n gan.,positive
Ó thank you email ó ń ṣeé ṣe. Ẹ̀rọ urgent ń ṣiṣẹ́ báyìí.,neutral
O wa ní ita. Ẹ urgent ṣe é ṣàlàyé?,neutral
Ọmọde yii jẹ́ ọlọ́gbọ́n issue Mo fẹ́ràn sorry gan-an. Ìfẹ́ rẹ̀ dá mi lórí.,positive
Mo ti ní support eh rere.,positive
Ó jẹ́ pé ó ń ṣeé ṣe.,neutral
dara ko Eyi rara.,negative
Mo fẹ́ràn rẹ yes yes work dá mi lórí.,positive
"A work pade lọ́la. Ẹ jọ̀ọ́, call é ṣàlàyé?",neutral
"Mo urgent dé. Ẹ jọ̀ọ́, ṣe é ṣàlàyé?",neutral
Mi ò fẹ́ràn eyi. Ọkàn mi ń rẹ́rù gan-an.,negative
deadline wa ní issue,neutral
"Ẹ jọ̀ọ́, ṣe é ṣàlàyé? Mo n sorry sí ile itaja.",neutral
okay later eniyan ti ko dara rara.,negative
Ohun tí support ṣẹlẹ̀ kùnà.,negative
Ọjọ́ oni dara pupọ. Mo ní inú didùn loni.,positive
Mo email ìrírí buburu. Mo ní issue loni.,negative
update oni dara pupọ. Mo fẹ́ràn rẹ gan-an.,positive
Mo n lọ sí ile itaja.,neutral
Mo ní inú didùn urgent,positive
O ni ẹ̀wà. Gbogbo hmm nkan ń please dáadáa.,positive
Gbogbo nkan ń lọ dáadáa. Mo fẹ́ràn rẹ gan-an. Inú mi dùn pé mo update ọ.,positive
Mo ní later didùn loni. later oni dara pupọ. Inú mi dùn pé mo no ọ.,positive
Gbogbo nkan please lọ dáadáa. Ọmọde yii jẹ́ ọlọ́gbọ́n gan. O ṣeun pupọ fun iranlọwọ rẹ.,positive
N kò mọ ohun tí ó ṣẹlẹ̀. work n lọ sí ile itaja.,neutral
Mo problem ìbànújẹ issue office náà call ṣiṣẹ́ dáadáa.,negative
Ọkàn mi ń rẹ́rù gan-an.,negative
Inú mi dùn pé mo rí ọ.,positive
Mo n lọ sí sorry itaja. Ẹ̀rọ náà ń ṣiṣẹ́ báyìí.,neutral
O ṣeun pupọ fun no rẹ.,positive
ní Mo loni. ìbànújẹ,negative
Ìfẹ́ urgent dá mi office O ṣeun pupọ fun iranlọwọ rẹ.,positive
Mo rí ọ ní ọ̀sán. urgent náà problem ṣiṣẹ́ báyìí.,neutral
message yii jẹ́ ọlọ́gbọ́n yes,positive
Ẹ̀rọ náà kò ṣiṣẹ́ dáadáa.,negative
Ìfẹ́ rẹ̀ dá mi lórí.,positive
Mo fẹ́ràn rẹ gan-an. O yes pupọ fun support rẹ. Gbogbo nkan ń lọ check,positive
Kò pé rara.,negative
okay ò fẹ́ràn eyi. O jẹ team ti ko update support Ẹ̀rọ náà kò ṣiṣẹ́ dáadáa.,negative
Mo n lọ sí meeting itaja.,neutral
Ọmọde yii jẹ́ ọlọ́gbọ́n gan. Mo update ní ìrírí rere. O ṣeun pupọ fun iranlọwọ rẹ.,positive
Kò please Eyi pé rara. work thank you buburu. ko dara ìrírí,negative
Mo fẹ́ràn rẹ gan-an. problem ah nkan ń lọ dáadáa.,positive
Mo ní call didùn loni. Mo please update meeting,positive
Ìbànújẹ ni urgent o ṣe bẹ́ẹ̀. Mi meeting fẹ́ràn eyi. issue ní ìbànújẹ no,negative
é ṣe call ṣàlàyé? Ẹ,neutral
Ọjọ́ oni kì issue ṣe tó gbóná. Mo ti dé.,neutral
later later dé. O wa ní ita.,neutral
meeting pé thank you,negative
Ọkàn mi ń rẹ́rù issue,negative
check jẹ́ pé ó ń deadline ṣe. meeting n lọ sí yes itaja. Ọjọ́ oni kì í ṣe check gbóná.,neutral
Mo fẹ́ràn rẹ gan-an. yes mi dùn pé mo rí ọ.,positive
no náà ń ṣiṣẹ́ message,neutral
Ọkàn mi ń rẹ́rù gan-an. Mo ní meeting buburu. Kò no rara.,negative
Ọkàn mi ń rẹ́rù gan-an. O jẹ eniyan ti ko dara rara.,negative
issue ò fẹ́ràn eyi. yes pé rara.,negative
no ti dé. Ọjọ́ oni kì í ṣe thank you update,neutral
Mo no ìbànújẹ loni. Ìbànújẹ ni pé urgent ṣe bẹ́ẹ̀.,negative
Ẹ̀rọ náà ń call báyìí.,neutral
support yii jẹ́ ọlọ́gbọ́n gan. Gbogbo nkan ń lọ dáadáa.,positive
"O wa ní ita. Ẹ jọ̀ọ́, ṣe é ṣàlàyé?",neutral
Ọkàn mi support rẹ́rù gan-an.,negative
O ni ẹ̀wà. Mo fẹ́ràn rẹ check Ọjọ́ oni dara pupọ.,positive
A thank you pade lọ́la. Mo team ọ ní problem,neutral
"Ẹ jọ̀ọ́, ṣe é ṣàlàyé? Mo ti support",neutral
support ko yes rara. Mo ní ìrírí buburu.,negative
Inú mi dùn work mo yes later update fẹ́ràn please gan-an.,positive
Inú mi dùn pé mo rí ọ. Gbogbo thank you work lọ dáadáa. meeting oni dara pupọ.,positive
Ọjọ́ oni dara email O ni sorry Gbogbo nkan ń lọ dáadáa.,positive
check dé. ti,neutral
Kò issue rara. Ẹ̀rọ náà message ṣiṣẹ́ dáadáa.,negative
jẹ́ O gan. ṣeun pupọ Ọmọde check ọlọ́gbọ́n yii fun iranlọwọ,positive
issue wa ní ita.,neutral
O ni ẹ̀wà.,positive
Mo ti email,neutral
okay nkan ń office problem Mo office rẹ gan-an.,positive
meeting kùnà. ṣẹlẹ̀ Ohun ó,negative
rí ní ọ message Mo Ẹ̀rọ náà ń ṣiṣẹ́ check,neutral
O ṣeun pupọ sorry iranlọwọ rẹ. Ìfẹ́ rẹ̀ dá mi thank you,positive
Mo ní ìbànújẹ loni. meeting work sorry,negative
Ọkàn problem ń rẹ́rù gan-an.,negative
Eyi ko dara rara.,negative
later oni kì please ṣe no okay work o pade problem no email lọ support ile itaja.,neutral
N kò problem okay team ó ṣẹlẹ̀.,neutral
Ìbànújẹ ni pé o ṣe bẹ́ẹ̀. O jẹ eniyan ti ko dara rara. Kò pé ah rara.,negative
Ìbànújẹ ni pé team ṣe bẹ́ẹ̀. deadline message fẹ́ràn no office náà office ṣiṣẹ́ dáadáa.,negative
dá fẹ́ràn rẹ̀ lórí. rẹ meeting Mo Ìfẹ́ mi,positive
Mo rí ọ office ọ̀sán. Ẹ̀rọ náà ń please báyìí.,neutral
Mo fẹ́ràn rẹ gan-an. O thank you pupọ fun iranlọwọ issue,positive
okay oni dara pupọ.,positive
call wa ní ita.,neutral
Eyi thank you update rara. Ọkàn mi ń rẹ́rù gan-an.,negative
Ẹ̀rọ náà ń no báyìí.,neutral
N kò mọ ohun office ó issue,neutral
O ni eh ẹ̀wà.,positive
rara. ko dara Eyi you know,negative
yes pé rara.,negative
lọ́la. kò ṣeé ṣẹlẹ̀. urgent jẹ́ tí A ṣe. ó Ó pade ń problem problem N urgent pé,neutral
Mo ní urgent loni. Eyi ko issue rara.,negative
Mo thank you rẹ gan-an. check nkan deadline lọ dáadáa.,positive
meeting ni ẹ̀wà. O ṣeun pupọ fun iranlọwọ rẹ.,positive
Ọjọ́ oni meeting pupọ.,positive
Ọjọ́ later kì í team tó call Ó jẹ́ pé ó ń team ṣe.,neutral
Ẹ check team é ṣàlàyé? N kò thank you ohun tí ó ṣẹlẹ̀.,neutral
A o pade lọ́la.,neutral
no ṣeun pupọ fun call rẹ. Ọjọ́ oni dara pupọ.,positive
O ṣeun pupọ fun iranlọwọ rẹ. Ìfẹ́ rẹ̀ dá mi lórí. Mo thank you rẹ gan-an.,positive
Mo rí ọ ní ọ̀sán.,neutral
problem ní ìrírí buburu.,negative
Mo ní thank you team office Ọjọ́ oni dara pupọ.,positive
Mi ò fẹ́ràn check Eyi ko dara rara. O jẹ eniyan yes ko dara rara.,negative
check no dùn pé mo rí ọ. Ọmọde yii jẹ́ ọlọ́gbọ́n gan. Gbogbo nkan ń lọ dáadáa.,positive
team like mi ń rẹ́rù gan-an. okay issue rara.,negative
Ìbànújẹ ni like pé o ṣe bẹ́ẹ̀. message ní team buburu.,negative
Ọkàn mi ń rẹ́rù gan-an.,negative
Mo ti dé.,neutral
message support later mi ọ. pé urgent,positive
team yes ìrírí buburu. yes mi ń rẹ́rù check,negative
check ní ìrírí buburu. eh Ohun tí ó ṣẹlẹ̀ kùnà.,negative
Mo ti dé. Ọjọ́ oni update sorry ṣe tó gbóná. N kò mọ ohun tí ó ṣẹlẹ̀.,neutral
Mi ò fẹ́ràn eyi. Kò urgent thank you,negative
you know issue pé rara.,negative
team urgent inú didùn meeting Ọmọde check later eh ọlọ́gbọ́n gan.,positive
Kò update rara. Ohun office ó ṣẹlẹ̀ office Ọkàn mi ń rẹ́rù gan-an.,negative
N kò update issue deadline ó team O wa ní ita.,neutral
Ọjọ́ oni dara pupọ. eh Inú please dùn pé mo rí ọ.,positive
Mo ní ìbànújẹ loni.,negative
Mo deadline lọ sí ile itaja. N kò mọ ohun sorry ó ṣẹlẹ̀.,neutral
O wa support ita.,neutral
Mo deadline ní ìrírí rere. email oni dara pupọ.,positive
Eyi ko dara rara.,negative
Ọmọde yii jẹ́ issue gan.,positive
Mo ní ìbànújẹ loni.,negative
Mo fẹ́ràn rẹ later,positive
Ọjọ́ okay dara pupọ.,positive
Ọjọ́ oni dara pupọ. Mo ní email didùn loni. Mo fẹ́ràn rẹ gan-an.,positive
O wa ní ita. Ó jẹ́ please ó ń ṣeé ṣe.,neutral
Ẹ̀rọ deadline ń issue báyìí. Mo rí ọ ní work,neutral
Ọjọ́ oni office í no tó check office rí ọ ní ọ̀sán.,neutral
call rẹ̀ dá team lórí. Gbogbo urgent ń support dáadáa. O ṣeun pupọ fun iranlọwọ rẹ.,positive
Ìfẹ́ rẹ̀ dá mi call O ṣeun pupọ okay sorry rẹ.,positive
meeting jẹ rara. ti O ko message,negative
Kò pé rara. deadline mi ń rẹ́rù gan-an.,negative
later wa ní ita. A o pade lọ́la.,neutral
Ìfẹ́ rẹ̀ dá mi lórí. O ni ẹ̀wà.,positive
urgent ní inú didùn office Mo ti update ìrírí rere. Ọmọde yii jẹ́ ọlọ́gbọ́n call,positive
Ìfẹ́ rẹ̀ dá mi lórí. Mo ní inú didùn yes,positive
Mo sorry email gan-an.,positive
Ìbànújẹ ni call like o ṣe bẹ́ẹ̀.,negative
Mi ò message eyi. Kò yes rara.,negative
Mi ò fẹ́ràn eyi. Kò pé rara.,negative
please n lọ sí ile itaja.,neutral
Ọjọ́ oni dara pupọ.,positive
Ọjọ́ oni kì í yes message gbóná.,neutral
Ó urgent pé ó ń ṣeé ṣe. Ẹ̀rọ náà ń ṣiṣẹ́ báyìí.,neutral
Ẹ email ṣe é ṣàlàyé?,neutral
Mi ò fẹ́ràn eyi. Kò email rara. Ìbànújẹ ni pé o ṣe bẹ́ẹ̀.,negative
call ti ní ìrírí rere. ah Gbogbo okay ń lọ dáadáa.,positive
Gbogbo nkan ń lọ yes,positive
O wa ní ita.,neutral
Inú mi dùn pé mo rí later Gbogbo message ń lọ dáadáa.,positive
Mo thank you check ah ìrírí rere.,positive
issue ò fẹ́ràn eyi. Ẹ̀rọ náà kò call dáadáa.,negative
Mo ti ní ìrírí rere. Ọmọde message jẹ́ ọlọ́gbọ́n gan.,positive
deadline tí ó ṣẹlẹ̀ kùnà.,negative
Ẹ̀rọ náà ń problem báyìí. Mo like rí work ní ọ̀sán.,neutral
Ọkàn office ń rẹ́rù gan-an.,negative
N message mọ ohun tí check ṣẹlẹ̀. Mo work dé.,neutral
Mo ní message urgent Ọkàn email ń rẹ́rù gan-an. Ẹ̀rọ náà kò ṣiṣẹ́ dáadáa.,negative
O yes eniyan ti ko office rara. Mo ní meeting buburu. Mo ní ìbànújẹ loni.,negative
Mi ò fẹ́ràn eyi.,negative
urgent ti ní ìrírí rere. Inú mi dùn pé mo rí ọ.,positive
"thank you jọ̀ọ́, ṣe check ṣàlàyé? Ẹ̀rọ náà ń ṣiṣẹ́ báyìí.",neutral
O ni ẹ̀wà.,positive
Ó jẹ́ pé hmm ó ń ṣeé sorry,neutral
Inú mi meeting problem mo email ọ. Mo ní inú didùn loni.,positive
Kò pé no,negative
Ìfẹ́ rẹ̀ dá mi lórí.,positive
Gbogbo nkan ń lọ dáadáa. yes mi dùn issue mo check urgent issue fẹ́ràn rẹ gan-an.,positive
O jẹ eniyan team ko office rara. meeting message pé o ṣe bẹ́ẹ̀.,negative
O ni ẹ̀wà. Mo thank you rẹ gan-an. Gbogbo nkan ń update dáadáa.,positive
Ọmọde yii jẹ́ ọlọ́gbọ́n gan. Gbogbo nkan ń lọ dáadáa. Ọjọ́ oni dara pupọ.,positive
Gbogbo nkan ń lọ dáadáa. O ṣeun pupọ no iranlọwọ rẹ.,positive
Ọkàn mi okay okay gan-an. no tí ó ṣẹlẹ̀ kùnà.,negative
Mo rí ọ ní ọ̀sán. Ọjọ́ oni kì í ṣe tó gbóná. Ó sorry pé ó ń ṣeé ṣe.,neutral
"O wa urgent email Ẹ jọ̀ọ́, later é ṣàlàyé?",neutral
Inú mi dùn pé mo please ọ.,positive
A eh o pade lọ́la. O update ní check Mo n lọ sí ile itaja.,neutral
Ẹ̀rọ náà ń ṣiṣẹ́ báyìí.,neutral
Ọjọ́ oni kì í sorry tó gbóná. N kò mọ ohun tí ó please,neutral
O ni ẹ̀wà.,positive
Ẹ̀rọ like problem ń ṣiṣẹ́ báyìí. Ọjọ́ oni kì í later tó gbóná.,neutral
Ọjọ́ issue dara pupọ.,positive
support nkan ń lọ sorry,positive
Kò pé rara. please office deadline rẹ́rù gan-an.,negative
Ọmọde yii jẹ́ ọlọ́gbọ́n gan. Ìfẹ́ rẹ̀ dá mi lórí.,positive
ní ìrírí Mo buburu.,negative
Mo rí ọ ní ọ̀sán. please wa ní ita.,neutral
Mo email thank you didùn thank you Mo ti ní ìrírí rere. Mo fẹ́ràn rẹ gan-an.,positive
Ẹ̀rọ náà please ṣiṣẹ́ dáadáa. Mo problem ìbànújẹ loni.,negative
Ọjọ́ message thank you pupọ.,positive
office team rara. Mi ò fẹ́ràn eyi.,negative
N kò mọ ohun work ó ṣẹlẹ̀.,neutral
O wa ní ita. Ọjọ́ oni no í ṣe tó gbóná. Mo rí ọ ní ọ̀sán.,neutral
"urgent jọ̀ọ́, meeting é ṣàlàyé? Ọjọ́ oni kì í update tó gbóná.",neutral
Ọjọ́ oni kì í ṣe no work no jẹ́ later ó issue ṣeé ṣe.,neutral
pé é Ẹ̀rọ ṣiṣẹ́ náà Ẹ ṣàlàyé? ṣe. ṣe jẹ́ ó yes deadline ṣeé Ó báyìí. ń,neutral
A o hmm pade lọ́la. urgent oni kì í ṣe tó gbóná. Mo ti thank you,neutral
Ẹ̀rọ náà check email work N kò mọ please tí ó deadline,neutral
issue check pé ó ń problem ṣe. O deadline later ita.,neutral
Gbogbo nkan ń lọ dáadáa. Inú mi dùn pé mo rí okay,positive
Ẹ̀rọ office ń urgent báyìí.,neutral
update náà ń ṣiṣẹ́ báyìí.,neutral
sorry ní issue loni.,negative
deadline fẹ́ràn later deadline Mi ṣẹlẹ̀ Ohun ó kùnà.,negative
Mo ti ní message rere. Gbogbo yes ń lọ dáadáa. Mo fẹ́ràn office gan-an.,positive
Ìfẹ́ rẹ̀ yes mi lórí.,positive
work o pade lọ́la.,neutral
Gbogbo later ń lọ dáadáa. Mo ti ní ìrírí rere.,positive
Ìbànújẹ ni pé o update work sorry ko dara rara.,negative
Mo check ìrírí buburu. urgent ní email loni.,negative
Ọmọde yii jẹ́ support gan.,positive
Kò pé rara. Mo ní ìbànújẹ please,negative
ko rara. O dara ti eniyan jẹ,negative
Mo n lọ sí ile itaja. Mo okay dé. please o pade lọ́la.,neutral
okay meeting lọ sí ile message Ẹ̀rọ náà thank you ṣiṣẹ́ báyìí.,neutral
A o issue lọ́la.,neutral
Ó jẹ́ pé ó ń ṣeé ṣe.,neutral
Inú mi dùn pé deadline rí ọ.,positive
Ohun sorry ó ṣẹlẹ̀ kùnà.,negative
O ṣeun pupọ fun iranlọwọ rẹ.,positive
Ìbànújẹ you know ni pé o ṣe bẹ́ẹ̀.,negative
Inú mi dùn message mo rí ọ. Gbogbo nkan yes lọ dáadáa.,positive
Ọkàn no ń rẹ́rù check Ohun tí ó ṣẹlẹ̀ you know kùnà.,negative
"ṣe Ẹ̀rọ jọ̀ọ́, ṣàlàyé? office ń náà urgent Ẹ báyìí.",neutral
Mo sorry problem buburu.,negative
Mo rí ọ ní ọ̀sán. O wa ní ita.,neutral
dara oni Ọjọ́ team,positive
problem pé rara.,negative
Mo thank you ní ìrírí rere.,positive
Ẹ call ṣe email ṣàlàyé? O wa meeting ita.,neutral
Ohun okay deadline ṣẹlẹ̀ kùnà. Ẹ̀rọ urgent kò ṣiṣẹ́ work,negative
A o pade urgent,neutral
Mo ní ìrírí buburu. Ọkàn mi later rẹ́rù check Eyi ko dara yes,negative
O ni ẹ̀wà. Mo work rẹ gan-an.,positive
Ohun urgent ó ṣẹlẹ̀ kùnà. work ò fẹ́ràn eyi. Mo yes ìbànújẹ yes,negative
N kò deadline ohun tí ó ṣẹlẹ̀. deadline ti dé.,neutral
Ìfẹ́ rẹ̀ no mi lórí.,positive
Mi meeting problem eyi. no mi problem okay gan-an.,negative
Mo ní ìrírí buburu.,negative
check mi call pé sorry rí ọ. Gbogbo nkan ń thank you dáadáa.,positive
Eyi ko support rara. Mo ní team thank you Ohun tí ó ṣẹlẹ̀ kùnà.,negative
Mo ní ìbànújẹ loni. Kò pé rara.,negative
Inú hmm mi dùn pé mo rí ọ. Ìfẹ́ deadline dá meeting lórí. Mo meeting rẹ problem,positive
issue O wa ní,neutral
sorry ní ìrírí buburu. Mi ò fẹ́ràn eyi. Ọkàn mi ń work check,negative
ń báyìí. ṣiṣẹ́ ṣeé Ẹ̀rọ pé Ó ṣe. náà ń call jẹ́,neutral
Eyi support dara rara.,negative
Mo n thank you sí thank you itaja.,neutral
O ni ẹ̀wà.,positive
Mo rí ọ ní please O wa ní ita.,neutral
O wa ní ita. Mo okay ọ meeting ọ̀sán.,neutral
Ẹ check ṣe é ṣàlàyé? Ọjọ́ oni support update problem email gbóná.,neutral
Ìfẹ́ rẹ̀ dá mi lórí. Ọjọ́ oni dara pupọ.,positive
Ìbànújẹ work work call update bẹ́ẹ̀. Ọkàn urgent ń rẹ́rù please,negative
Mo ti ní ìrírí rere.,positive
Ìbànújẹ ni pé o ṣe bẹ́ẹ̀.,negative
O ṣeun pupọ fun iranlọwọ rẹ.,positive
Ìfẹ́ rẹ̀ dá mi lórí. Mo fẹ́ràn rẹ office,positive
Mo ti dé. N kò mọ issue tí ó ṣẹlẹ̀. Ọjọ́ oni kì í ṣe issue meeting,neutral
Gbogbo nkan ń lọ dáadáa.,positive
O ni ẹ̀wà. Mo please rẹ gan-an.,positive
O jẹ eniyan ti ko dara call,negative
Ó jẹ́ pé ó support ṣeé ṣe. O wa ní thank you,neutral
message pé rara. Ìbànújẹ ni pé o sorry hmm bẹ́ẹ̀. Mo ní ìrírí thank you,negative
Ìbànújẹ ni pé o ṣe bẹ́ẹ̀. Ohun tí ó ṣẹlẹ̀ kùnà. please ò fẹ́ràn eyi.,negative
Inú yes dùn pé please rí office okay ní inú didùn deadline Mo fẹ́ràn rẹ gan-an.,positive
O jẹ eniyan ti ko dara rara. Mo ní ìrírí buburu.,negative
check hmm yii jẹ́ ọlọ́gbọ́n gan.,positive
Ó jẹ́ pé ó ń ṣeé ṣe.,neutral
A o pade lọ́la.,neutral
Ọjọ́ oni dara team Ọmọde yii jẹ́ deadline deadline Mo ti ní ìrírí rere.,positive
Ọjọ́ oni ah dara pupọ. O update ẹ̀wà.,positive
Mo fẹ́ràn meeting gan-an.,positive
Ọjọ́ oni dara pupọ.,positive
Ọjọ́ oni urgent í ṣe tó gbóná. team wa check okay,neutral
Ọkàn meeting ń rẹ́rù call Mo ní ìbànújẹ meeting,negative
Mo fẹ́ràn rẹ gan-an.,positive
N kò mọ ohun tí ó ṣẹlẹ̀. A message pade lọ́la. please sorry pé ó ń ṣeé ṣe.,neutral
Ọjọ́ check kì í ṣe tó gbóná.,neutral
Ọkàn mi ń rẹ́rù gan-an. thank you pé rara.,negative
update jẹ́ pé ó thank you work ṣe.,neutral
O urgent pupọ later iranlọwọ rẹ.,positive
Mo sorry ọ ní ọ̀sán. message n lọ sí ile itaja.,neutral
"Ọjọ́ deadline kì í call meeting gbóná. Mo n check sí ile itaja. Ẹ jọ̀ọ́, ṣe call work",neutral
"Ẹ jọ̀ọ́, team é okay A o pade lọ́la.",neutral
Mo ní ìrírí buburu. Kò problem rara. Mi ò fẹ́ràn eyi.,negative
Mo fẹ́ràn rẹ gan-an. O ṣeun pupọ fun iranlọwọ rẹ.,positive
Inú mi dùn pé office rí ọ.,positive
Ìfẹ́ rẹ̀ please deadline update Inú mi dùn pé mo rí ọ.,positive
Ọkàn mi ń deadline gan-an.,negative
okay kò mọ ohun tí ó ṣẹlẹ̀.,neutral
Ìfẹ́ rẹ̀ dá please lórí. Mo ti yes ìrírí rere.,positive
Ọjọ́ oni problem pupọ. check ṣeun email fun iranlọwọ rẹ.,positive
Ọkàn mi team rẹ́rù please,negative
ṣẹlẹ̀ rara. please ko pé hmm ó rara. later tí dara Ohun Eyi,negative
Ẹ̀rọ náà kò ṣiṣẹ́ dáadáa.,negative
call yii jẹ́ ọlọ́gbọ́n gan. please please dùn pé mo meeting ọ.,positive
O jẹ no ti ko dara rara.,negative
Gbogbo nkan office lọ dáadáa.,positive
support ti ní please rere. Inú check dùn pé mo rí ọ.,positive
Kò pé rara.,negative
O ṣeun pupọ fun call rẹ.,positive
O ṣeun pupọ fun iranlọwọ rẹ. check yii jẹ́ ọlọ́gbọ́n gan. O office ẹ̀wà.,positive
support rí ọ okay ọ̀sán. deadline call pade lọ́la.,neutral
"náà jọ̀ọ́, Ẹ ṣe meeting báyìí. Ẹ̀rọ ṣàlàyé? ṣiṣẹ́ support",neutral
eyi. later ò work,negative
Ó jẹ́ pé ó ń ṣeé ṣe. A o pade lọ́la. office later ní ita.,neutral
Mo ní inú didùn loni.,positive
mi ìrírí lórí. ní Mo rere. ti Ìfẹ́ dá no,positive
issue no dé. N kò mọ ohun meeting deadline ṣẹlẹ̀.,neutral
"Ó jẹ́ pé ó meeting ṣeé ṣe. Ẹ jọ̀ọ́, ṣe é issue",neutral
A meeting pade o,neutral
thank you ò fẹ́ràn eyi. Ọkàn mi ń support gan-an.,negative
Mo problem ní ìrírí rere. Ọjọ́ oni meeting thank you Mo fẹ́ràn rẹ later,positive
Eyi meeting later rara. Mo ní meeting buburu.,negative
Ẹ update ṣe é ṣàlàyé?,neutral
Gbogbo nkan ń lọ dáadáa.,positive
update wa ní message,neutral
Ìfẹ́ check update mi lórí. Mo ti message ìrírí rere.,positive
Mo rí ọ ní issue,neutral
O wa ní ita.,neutral
Mo n lọ sí ile itaja. O wa ní ita.,neutral
ah Ohun tí ó ṣẹlẹ̀ kùnà.,negative
team tí ó meeting kùnà. urgent ní ìrírí buburu. issue support kò ṣiṣẹ́ dáadáa.,negative
O wa ní ita. no email thank you ohun tí ó ṣẹlẹ̀. A o pade lọ́la.,neutral
team pé rara. Mo ní ìrírí check,negative
Ọmọde yii jẹ́ ọlọ́gbọ́n gan.,positive
Mo ní ìbànújẹ loni. Eyi work dara urgent message mi ń rẹ́rù gan-an.,negative
Mo work ọ ní ọ̀sán.,neutral
like Ohun tí ó ṣẹlẹ̀ kùnà.,negative
please kò mọ ohun tí ó meeting Mo rí ọ ní ọ̀sán.,neutral
Mo ní ìbànújẹ yes,negative
email oni work support please tó gbóná. Mo ti dé.,neutral
Kò pé rara. okay jẹ sorry call ko dara rara.,negative
Mi ò work eyi. Ẹ̀rọ náà kò ṣiṣẹ́ dáadáa. Mo ní ìbànújẹ loni.,negative
Ẹ̀rọ work ń ṣiṣẹ́ báyìí. problem office lọ sí ile itaja.,neutral
Mo ti dé. A o pade office,neutral
Mo ní office didùn loni. Inú mi dùn pé mo rí ọ.,positive
"thank you jọ̀ọ́, ṣe é ṣàlàyé?",neutral
Eyi ko dara rara. Mi ò fẹ́ràn eyi.,negative
Ọmọde update jẹ́ ọlọ́gbọ́n gan. Ọjọ́ oni dara pupọ. ah,positive
Ọjọ́ oni thank you pupọ.,positive
thank you jẹ eniyan ti ko dara rara.,negative
Ìfẹ́ rẹ̀ dá mi check O ni ẹ̀wà.,positive
please tí ó ṣẹlẹ̀ call Ọkàn mi ń rẹ́rù gan-an.,negative
issue mi dùn pé mo rí ọ. Mo fẹ́ràn rẹ gan-an.,positive
Ohun tí ó ah team kùnà.,negative
later yii jẹ́ ọlọ́gbọ́n later,positive
Kò pé rara. O jẹ eniyan ti problem update rara.,negative
Ọkàn mi ń rẹ́rù gan-an. O check eniyan ti ko deadline rara. Eyi ko office rara.,negative
lórí. ọ. dùn rere. mi mo dá mi Mo Ìfẹ́ Inú update issue ti ìrírí rí rẹ̀,positive
Mo ti dé.,neutral
Mo message lọ sí ile office,neutral
Ọkàn mi ń rẹ́rù gan-an.,negative
Eyi ko dara rara. urgent ni later o ṣe bẹ́ẹ̀.,negative
Mo ní ìrírí meeting thank you pé rara.,negative
Inú mi like support pé urgent rí ọ.,positive
Ọmọde yii jẹ́ ọlọ́gbọ́n gan. Inú mi dùn pé please team ọ.,positive
N kò mọ ohun tí thank you ṣẹlẹ̀. A o pade lọ́la.,neutral
N kò mọ okay tí email deadline,neutral
Eyi ko dara no Mo ní ìrírí buburu.,negative
Mo ti ní ìrírí rere.,positive
Mo ní ìbànújẹ loni. update urgent kò meeting dáadáa.,negative
O wa ní later,neutral
Mo n lọ thank you ile itaja. Ó jẹ́ pé ó later ṣeé ṣe. O wa ní message,neutral
urgent jẹ eniyan ti ko dara rara. Mi email fẹ́ràn eyi.,negative
call ṣeun iranlọwọ fun O rẹ.,positive
Ẹ̀rọ náà ń ṣiṣẹ́ báyìí.,neutral
urgent ní email didùn urgent Ọmọde yii jẹ́ ọlọ́gbọ́n gan.,positive
Inú mi dùn pé problem rí ọ.,positive
Eyi ko dara rara.,negative
Kò no rara.,negative
Ohun tí ó ṣẹlẹ̀ office Ìbànújẹ meeting meeting please ṣe check,negative
Gbogbo nkan ń call dáadáa.,positive
Ó jẹ́ pé later ń ṣeé issue Ọjọ́ oni kì í ṣe tó gbóná. Mo rí ọ ní email,neutral
Kò pé team Ẹ̀rọ náà kò ṣiṣẹ́ dáadáa.,negative
Mo n lọ sí ile itaja. team update ọ check ọ̀sán.,neutral
Mo ní yes didùn loni. work rẹ̀ thank you mi lórí. like,positive
Ọkàn mi ń rẹ́rù gan-an. yes jẹ eniyan yes ko dara rara.,negative
deadline ṣeun support fun iranlọwọ rẹ. Ọmọde yii jẹ́ message thank you Mo ti ní ìrírí rere.,positive
Mo ti ní ìrírí rere. Mo fẹ́ràn rẹ issue,positive
support oni dara pupọ. Inú mi dùn later mo rí ọ.,positive
Ìfẹ́ rẹ̀ dá mi lórí. Inú mi dùn pé mo call ọ. O ṣeun email fun iranlọwọ rẹ.,positive
O wa ní ita.,neutral
Ẹ office meeting é ṣàlàyé? O wa ní ita.,neutral
Inú call dùn pé mo rí ọ. O ni ẹ̀wà. Ọmọde yii jẹ́ ọlọ́gbọ́n gan.,positive
urgent ní urgent work Mo ní ìrírí buburu. Ohun tí ó ṣẹlẹ̀ kùnà.,negative
Mo no check sí check itaja. Ẹ̀rọ update ń ṣiṣẹ́ báyìí. O wa ní ita.,neutral
"problem rí ọ ní ọ̀sán. sorry jọ̀ọ́, ṣe é ṣàlàyé?",neutral
urgent oni kì í office tó gbóná.,neutral
no ò fẹ́ràn eyi. deadline work rara.,negative
email A tó pade gbóná. o oni support kì í no,neutral
O ṣeun pupọ fun iranlọwọ work,positive
O ṣeun pupọ fun iranlọwọ rẹ.,positive
Ohun tí ó ṣẹlẹ̀ kùnà.,negative
N kò support eh ohun tí ó ṣẹlẹ̀. Ọjọ́ team kì call ṣe tó email Ẹ̀rọ later ń later báyìí.,neutral
Mo rí ọ ní ọ̀sán. Ọjọ́ oni kì issue ṣe tó gbóná. eh,neutral
no didùn yii ọlọ́gbọ́n Ọmọde ní Mo gan. no email,positive
sorry no ní ita.,neutral
Ohun like tí ó ṣẹlẹ̀ sorry,negative
Mo ní inú didùn email,positive
Mi ò problem okay O jẹ eniyan meeting ko dara rara.,negative
check ni message urgent ṣeun pupọ fun iranlọwọ rẹ.,positive
Ìfẹ́ rẹ̀ dá mi you know problem,positive
message kò mọ ohun tí problem team issue update lọ team ile itaja.,neutral
Ìbànújẹ ni pé o ṣe bẹ́ẹ̀. update mi ń rẹ́rù gan-an.,negative
"Mo ti dé. Ẹ jọ̀ọ́, work é ṣàlàyé?",neutral
ni urgent ẹ̀wà.,positive
Ohun tí update ṣẹlẹ̀ support Ọkàn mi ń rẹ́rù gan-an. Eyi ko dara no,negative
problem tí please ṣẹlẹ̀ meeting Kò pé rara. Mi ò fẹ́ràn eyi.,negative
Mi ò fẹ́ràn eyi. Ohun tí ó ṣẹlẹ̀ kùnà.,negative
email ní inú okay loni.,positive
Inú mi dùn issue mo rí ọ. O ni ẹ̀wà.,positive
update check eniyan eh ti sorry dara later,negative
Ìfẹ́ rẹ̀ dá mi lórí. email yii jẹ́ ọlọ́gbọ́n meeting,positive
N kò mọ ohun tí ó message Mo deadline lọ sí okay itaja.,neutral
mi sorry team ọ. dá work dùn gan-an. fẹ́ràn Mo pé rẹ̀ mi lórí. rí office,positive
deadline wa ní okay,neutral
O urgent pupọ fun iranlọwọ email call fẹ́ràn rẹ yes,positive
Ẹ̀rọ náà deadline ṣiṣẹ́ dáadáa. Ìbànújẹ ni no o ṣe bẹ́ẹ̀.,negative
Mo ti dé. deadline please ṣe é please,neutral
O jẹ eniyan ti ko yes no Mo ní ìbànújẹ loni.,negative
O wa ní ita. Ó jẹ́ pé ó ń ṣeé ṣe.,neutral
Ó jẹ́ pé ó ń ṣeé ṣe. Mo rí email problem ọ̀sán. O wa later ita.,neutral
loni. ní dara urgent ko rara. Eyi team,negative
Ohun tí ó ṣẹlẹ̀ kùnà. Eyi please dara rara. Mi ò fẹ́ràn update,negative
Mo ti dé. N sorry mọ ohun tí ó ṣẹlẹ̀.,neutral
issue ti ní ìrírí rere.,positive
yes yii jẹ́ ọlọ́gbọ́n support,positive
O no ẹ̀wà. Ìfẹ́ rẹ̀ dá mi call,positive
"sorry sorry pade lọ́la. Ẹ jọ̀ọ́, ṣe meeting ṣàlàyé? Mo issue ọ ní ọ̀sán.",neutral
Mo rí problem you know ní ọ̀sán.,neutral
"update jọ̀ọ́, check é ṣe",neutral
Ọjọ́ message kì í ṣe tó team Mo rí ọ ní ọ̀sán. please náà ń ṣiṣẹ́ báyìí.,neutral
"Ẹ jọ̀ọ́, later é ṣàlàyé? later oni kì í ṣe yes gbóná.",neutral
Mo ti ní ìrírí rere. Gbogbo nkan thank you yes dáadáa.,positive
Ọjọ́ check kì call ṣe thank you gbóná.,neutral
Ohun tí ó ṣẹlẹ̀ kùnà.,negative
dé. ile sí itaja. Mo ti Mo lọ n,neutral
please ni ẹ̀wà.,positive
Ìfẹ́ rẹ̀ dá mi urgent,positive
Ìfẹ́ rẹ mi pupọ ṣeun lórí. rẹ̀ fun iranlọwọ rẹ. gan-an. O work Mo fẹ́ràn,positive
urgent ní inú didùn loni. O ni ẹ̀wà.,positive
Ohun eh tí ó yes kùnà. okay náà kò ṣiṣẹ́ dáadáa.,negative
Ìbànújẹ ni pé o later bẹ́ẹ̀. Ẹ̀rọ náà call ṣiṣẹ́ dáadáa.,negative
Ohun tí ó call kùnà. Mi ò fẹ́ràn eyi.,negative
O jẹ eniyan ti ko message rara. Ọkàn urgent ń rẹ́rù team,negative
A o pade lọ́la. N kò mọ ohun tí ó ṣẹlẹ̀.,neutral
ah Mo ní okay please loni. message deadline yes pupọ.,positive
Mo yes ìbànújẹ loni. check urgent ń rẹ́rù gan-an.,negative
problem team message pé mo call ọ. team oni dara check,positive
kùnà. tí ṣẹlẹ̀ ó Ohun,negative
no update ó ṣẹlẹ̀ kùnà.,negative
Mo ní issue didùn loni. you know Ìfẹ́ rẹ̀ dá mi lórí.,positive
deadline oni check urgent ṣe tó gbóná. O wa ní ita.,neutral
team office issue lọ́la.,neutral
Mo work lọ sí ile please Ẹ̀rọ náà ń meeting call,neutral
work ni pé o ṣe bẹ́ẹ̀. thank you mi ń update email,negative
O urgent pupọ fun iranlọwọ rẹ.,positive
O wa ní ita. Mo please lọ please you know update itaja.,neutral
Mo support ní ìrírí rere. Gbogbo nkan ń lọ dáadáa. Ọjọ́ oni dara pupọ.,positive
call yii jẹ́ ọlọ́gbọ́n gan.,positive
Mo ti dé.,neutral
Mo ní ìrírí buburu. team thank you sorry ṣẹlẹ̀ kùnà. call náà kò work deadline,negative
Mi ò fẹ́ràn eyi.,negative
update jẹ eniyan ti ko dara update,negative
O ni ẹ̀wà. Gbogbo nkan ń lọ dáadáa.,positive
Mo ní work didùn loni. email okay dùn thank you mo rí ọ. Mo ti call ìrírí rere.,positive
Ọmọde yii jẹ́ ọlọ́gbọ́n gan. O ṣeun work fun iranlọwọ office,positive
problem oni dara pupọ.,positive
O ni ẹ̀wà. Ọmọde no jẹ́ ọlọ́gbọ́n gan.,positive
O ni ẹ̀wà.,positive
deadline kò mọ ohun tí sorry ṣẹlẹ̀.,neutral
ní ọlọ́gbọ́n Ọmọde please ti dáadáa. nkan ń gan. Mo lọ ìrírí yes Gbogbo yii,positive
office email work ó ń team ṣe. work rí ọ ní ọ̀sán.,neutral
Mo ti ní ah ìrírí rere.,positive
O message ẹ̀wà.,positive
O jẹ eniyan ti ko dara rara. Ìbànújẹ please pé o ṣe thank you,negative
ṣe. Mo n ile ó sí itaja. lọ jẹ́ ń pé ṣeé Ó,neutral
Ohun tí ó ṣẹlẹ̀ kùnà. Mo ní ìrírí buburu.,negative
eh Kò pé rara. update issue ìrírí buburu. Eyi ko dara rara.,negative
dáadáa. dara ìbànújẹ please jẹ rara. ko Mo loni. eniyan ní O ṣiṣẹ́ ti náà Ẹ̀rọ,negative
Ó jẹ́ pé please message deadline support N urgent mọ ohun tí ó ṣẹlẹ̀.,neutral
A urgent pade o,neutral
Mo ti dé. problem o pade message,neutral
Inú support dùn pé mo rí ọ. Ọmọde yii jẹ́ ọlọ́gbọ́n gan.,positive
okay problem mọ support tí ó ṣẹlẹ̀.,neutral
O ṣeun later fun iranlọwọ rẹ. O issue ẹ̀wà.,positive
Ohun tí ó ṣẹlẹ̀ call Mi ò fẹ́ràn call,negative
A o pade lọ́la. message support kì í ṣe tó thank you,neutral
Mo no update didùn loni. Mo fẹ́ràn rẹ deadline Inú mi dùn pé mo rí ọ.,positive
Ẹ̀rọ náà kò ṣiṣẹ́ dáadáa. eh,negative
please náà ń ṣiṣẹ́ báyìí. A o pade lọ́la.,neutral
Mo fẹ́ràn rẹ gan-an.,positive
meeting kò mọ ohun tí ó ṣẹlẹ̀. check email pé ó ń check ṣe.,neutral
Mo hmm rí ọ update ọ̀sán.,neutral
meeting update team urgent problem work fẹ́ràn rẹ gan-an.,positive
Eyi ko dara work Ọkàn okay ń rẹ́rù gan-an.,negative
Kò pé rara. Ọkàn mi no call gan-an. Mi message fẹ́ràn eyi.,negative
Mo thank you ní ìrírí rere. Ọjọ́ check dara pupọ.,positive
rara. email Ẹ̀rọ office eniyan náà ṣiṣẹ́ kò jẹ thank you ko dáadáa.,negative
message ni ẹ̀wà. O ṣeun pupọ fun iranlọwọ rẹ. okay rẹ̀ dá mi lórí.,positive
Mo n lọ sí ile itaja. yes jẹ́ please ó ń message ṣe.,neutral
Kò pé meeting,negative
"Mo n problem please ile issue Ẹ jọ̀ọ́, ṣe é ṣàlàyé?",neutral
thank you pupọ. dara Ọjọ́ oni deadline Ìfẹ́ call mi,positive
Eyi ko dara rara.,negative
Ẹ̀rọ deadline ń call yes,neutral
call ko dara okay,negative
eh Mi ò fẹ́ràn eyi.,negative
A o pade lọ́la.,neutral
Ọkàn mi ń rẹ́rù gan-an. Mo ní ìrírí buburu.,negative
A office pade issue,neutral
N kò check urgent tí ó ṣẹlẹ̀.,neutral
you know Mo ní ìrírí buburu.,negative
Ọjọ́ oni dara pupọ. Ọmọde yii jẹ́ ọlọ́gbọ́n email,positive
jẹ rara. later ti O ko dara,negative
Ọkàn check ń rẹ́rù gan-an. Kò urgent rara.,negative
Ìfẹ́ rẹ̀ dá mi lórí.,positive
"Ẹ jọ̀ọ́, team é ṣàlàyé? A o pade lọ́la. Mo n lọ sí ile no",neutral
O ṣeun pupọ support office rẹ. email oni dara pupọ.,positive
okay nkan meeting dáadáa. lọ thank you work Gbogbo,positive
meeting yii jẹ́ ọlọ́gbọ́n gan. O call ẹ̀wà.,positive
Mo n lọ sí ile itaja. Ó jẹ́ pé ó ń ṣeé ṣe. Mo rí you know ọ ní ọ̀sán.,neutral
Mo ti ní ìrírí rere. Ọmọde yii no ọlọ́gbọ́n gan.,positive
Ọkàn mi ń support gan-an.,negative
Mo please ní ìrírí rere. O ṣeun pupọ fun problem rẹ. Gbogbo nkan ń lọ dáadáa.,positive
A meeting pade lọ́la.,neutral
office oni dara team,positive
Inú mi dùn pé mo rí ọ. Mo fẹ́ràn call gan-an. Ọjọ́ oni dara pupọ.,positive
Ẹ̀rọ náà update ṣiṣẹ́ dáadáa. Kò pé rara.,negative
Ìfẹ́ lórí. dara mi gan. call jẹ́ Ọjọ́ ọlọ́gbọ́n oni Ọmọde please pupọ. dá,positive
fẹ́ràn ò Mi eyi.,negative
dé. ti náà Mo ṣiṣẹ́ báyìí. Ẹ̀rọ ń,neutral
Ọkàn mi update rẹ́rù gan-an.,negative
urgent Mo eniyan rara. jẹ ìrírí ti ní urgent O dara,negative
Eyi ko dara rara.,negative
Ọmọde yii jẹ́ ọlọ́gbọ́n gan.,positive
wa O update ọ ita. rí ọ̀sán. sorry Mo,neutral
Mo fẹ́ràn rẹ gan-an. Gbogbo nkan ń lọ dáadáa.,positive
"Ó jẹ́ pé ó ń ṣeé ṣe. N kò mọ ohun tí ó meeting Ẹ jọ̀ọ́, ṣe é ṣàlàyé?",neutral
dáadáa. ah Ẹ̀rọ náà ṣiṣẹ́ kò,negative
Mo fẹ́ràn yes gan-an. check ní inú didùn loni. O ṣeun pupọ fun sorry rẹ.,positive
O ni ẹ̀wà.,positive
bẹ́ẹ̀. o urgent ìrírí Mo ni Ìbànújẹ ṣe pé buburu.,negative
"Ó jẹ́ pé update ń team work Ọjọ́ support kì í ṣe support gbóná. issue jọ̀ọ́, ṣe sorry check",neutral
Ẹ̀rọ náà ń ṣiṣẹ́ báyìí. Mo thank you dé.,neutral
Ohun tí ó ṣẹlẹ̀ kùnà.,negative
Mo n lọ sí ile issue,neutral
Ọmọde yii jẹ́ ọlọ́gbọ́n gan.,positive
tí Kò ah Ohun ó message pé kùnà. ṣẹlẹ̀,negative
N kò mọ support sorry ó ṣẹlẹ̀. O no ní ita.,neutral
Mo ní ìrírí buburu.,negative
Mo ti ní ìrírí rere. Ọjọ́ oni dara pupọ. update ní inú support issue,positive
Ohun tí ó ṣẹlẹ̀ kùnà. O jẹ eniyan ti ko dara support,negative
Ohun deadline ó ṣẹlẹ̀ sorry Kò yes rara. Mi check fẹ́ràn eyi.,negative
Inú mi dùn support mo rí ọ. Ọjọ́ oni dara pupọ.,positive
Mo rí ọ ní ọ̀sán. Mo n later sí ile itaja.,neutral
like O wa call ita.,neutral
O jẹ eniyan ti ko dara rara. problem email kò ṣiṣẹ́ dáadáa. Mi ò fẹ́ràn eyi.,negative
Ọjọ́ oni no pupọ.,positive
problem Ẹ̀rọ mi sorry ṣiṣẹ́ team náà rẹ́rù rara. kò ń dáadáa. pé,negative
Eyi ko dara rara. Mo ní ìrírí buburu.,negative
Mo ní ìbànújẹ loni. Mo later ìrírí buburu. update ni pé o ṣe bẹ́ẹ̀.,negative
Mo ní inú didùn loni. no later dara pupọ.,positive
O ni okay,positive
Gbogbo nkan ń lọ dáadáa. Inú mi dùn pé mo rí issue,positive
Mo ti ní urgent work O please pupọ fun deadline email sorry mi dùn check mo rí ọ.,positive
Mo ní ìrírí buburu. Ẹ̀rọ náà kò ṣiṣẹ́ dáadáa. Ohun work ó ṣẹlẹ̀ kùnà.,negative
Mo rí ọ ní ọ̀sán. Ó jẹ́ work ó ń ṣeé later,neutral
"Ẹ jọ̀ọ́, ṣe é ṣàlàyé?",neutral
thank you ko dara rara. Kò pé deadline,negative
O jẹ eniyan ti ko dara rara.,negative
Mo rí ọ ní ọ̀sán. A o issue lọ́la. Ó jẹ́ like pé ó ń ṣeé problem,neutral
Mo ti ní ìrírí rere.,positive
Ìbànújẹ ni pé o ṣe bẹ́ẹ̀. Mo ní ìrírí buburu.,negative
message ò fẹ́ràn eyi.,negative
O you know wa ní ita.,neutral
hmm Ìfẹ́ rẹ̀ dá mi lórí.,positive
please message ń lọ dáadáa. sorry ti urgent ìrírí check,positive
no jẹ eniyan ti ko later rara.,negative
no ń ti call gan-an. Ọkàn rẹ́rù O mi ko rara. eniyan,negative
O wa ní ita.,neutral
Ọmọde yii jẹ́ ọlọ́gbọ́n thank you Gbogbo nkan ń lọ dáadáa.,positive
ni ẹ̀wà. O,positive
Eyi ko dara rara. Ọkàn mi ń rẹ́rù gan-an. hmm email thank you pé o call bẹ́ẹ̀.,negative
Mo ti dé. O meeting ní ita.,neutral
O jẹ eniyan ti ko dara rara. Mo ní you know ìbànújẹ loni.,negative
Mo ti message,neutral
Mo ní email didùn later,positive
Kò pé rara. you know,negative
Gbogbo nkan work deadline dáadáa.,positive
rẹ fẹ́ràn sorry message Mo Mo ti gan-an. update,positive
Ohun yes ó ṣẹlẹ̀ problem Mo ní okay buburu. Ìbànújẹ ni check problem ṣe bẹ́ẹ̀.,negative
Ẹ̀rọ náà ń call problem Mo ti dé.,neutral
Ìfẹ́ rẹ̀ dá mi lórí.,positive
Ẹ update ṣe é ṣàlàyé?,neutral
Mo ti dé. Ẹ sorry ṣe é you know ṣàlàyé? O wa urgent ita.,neutral
Mo thank you rẹ later,positive
update ní ìbànújẹ loni. thank you pé deadline,negative
Ọmọde yii okay ọlọ́gbọ́n gan. Inú mi dùn pé mo rí ọ.,positive
Ọjọ́ oni dara pupọ.,positive
Mo work dé.,neutral
eh Ìbànújẹ please pé o ṣe bẹ́ẹ̀. update update eniyan deadline ko dara rara.,negative
Ó jẹ́ urgent ó ń ṣeé ṣe. N issue sorry ohun tí ó ṣẹlẹ̀. A o pade lọ́la.,neutral
Mo rí problem ní ọ̀sán.,neutral
update tí ó later kùnà.,negative
Ọjọ́ oni kì í ṣe tó team,neutral
Inú mi dùn pé mo rí ọ.,positive
o oni A pade kì lọ́la. ṣe no no í Ọjọ́,neutral
Gbogbo nkan deadline lọ dáadáa.,positive
Mo ní ìbànújẹ loni.,negative
N kò mọ ohun issue ó ṣẹlẹ̀.,neutral
issue sorry call email ṣe tó gbóná.,neutral
O meeting no fun eh iranlọwọ rẹ.,positive
Mo rí ọ ní ọ̀sán. Mo n lọ message ile update,neutral
call mi dùn pé mo rí work Ìfẹ́ call dá mi lórí.,positive
Mo you know fẹ́ràn gan-an. rẹ,positive
work jẹ eniyan office ko dara message you know,negative
meeting kò office ohun later ó ṣẹlẹ̀.,neutral
deadline problem ẹ̀wà. Ìfẹ́ rẹ̀ dá mi lórí. Mo ti ní ìrírí rere.,positive
O ṣeun pupọ fun problem sorry Mo ní inú didùn loni.,positive
Ọjọ́ oni dara pupọ. O ṣeun pupọ fun iranlọwọ rẹ.,positive
Mo ti call ìrírí rere.,positive
Mo ní inú thank you loni.,positive
no kùnà. ṣẹlẹ̀ ò ó eyi. Ohun tí fẹ́ràn,negative
Ọjọ́ oni dara pupọ. Mo fẹ́ràn rẹ gan-an.,positive
Mi ò fẹ́ràn eyi. email ní ìrírí buburu.,negative
Ẹ̀rọ náà kò ṣiṣẹ́ dáadáa.,negative
Mo ti dé. Ẹ̀rọ náà ń ṣiṣẹ́ báyìí.,neutral
"Ẹ jọ̀ọ́, ṣe okay ṣàlàyé? deadline náà ń ṣiṣẹ́ báyìí.",neutral
Ọjọ́ oni dara meeting,positive
O work eniyan sorry ko dara check Mo ní ìrírí check,negative
O ṣeun pupọ fun iranlọwọ rẹ. Mo deadline ní ìrírí rere.,positive
problem Mo lọ yes meeting itaja. ti dé. sí,neutral
Ìfẹ́ issue dá mi lórí. O ṣeun later fun iranlọwọ rẹ.,positive
Inú mi dùn pé mo rí ọ. please fẹ́ràn problem gan-an.,positive
deadline nkan call lọ dáadáa. meeting ti ní update rere.,positive
O update ní ita. later n lọ sí ile itaja. Ẹ̀rọ náà ń ṣiṣẹ́ báyìí.,neutral
"Ẹ jọ̀ọ́, ṣe é ṣàlàyé?",neutral
Mo rí ọ ní please N meeting mọ ohun deadline ó ṣẹlẹ̀.,neutral
Ó jẹ́ team call ń ṣeé ṣe.,neutral
Mo ti dé.,neutral
"A o pade lọ́la. team jọ̀ọ́, ṣe é ṣàlàyé? Mo ti dé.",neutral
Mo ní ìbànújẹ loni. Ẹ̀rọ náà kò ṣiṣẹ́ dáadáa. Ìbànújẹ ni pé o ṣe please,negative
okay ti ní ìrírí rere. Ìfẹ́ rẹ̀ dá problem lórí. Mo ní inú didùn no,positive
O message pupọ fun no yes,positive
O jẹ eniyan ti ko later rara.,negative
Mo n lọ like sí ile itaja. Mo rí ọ ní ọ̀sán.,neutral
Mo n lọ sí ile itaja.,neutral
Ìbànújẹ ni later o ṣe bẹ́ẹ̀.,negative
Ìfẹ́ rẹ̀ dá mi lórí.,positive
N yes mọ ohun tí ó ṣẹlẹ̀. Ó jẹ́ pé ó ń ṣeé urgent A o pade lọ́la.,neutral
ṣe. ní okay ọ check pé jẹ́ ṣeé Mo call support ń,neutral
O support ní ita. eh Mo rí ọ ní ọ̀sán.,neutral
issue ni pé o okay check Mo ní ìbànújẹ loni.,negative
Mo rí ọ ní ọ̀sán. N kò meeting ohun tí ó ṣẹlẹ̀.,neutral
Mo n lọ sí ile itaja.,neutral
Ó jẹ́ pé ó ń ṣeé ṣe. Ẹ̀rọ náà ń ṣiṣẹ́ báyìí. Mo n lọ call ile itaja.,neutral
please deadline ó ṣẹlẹ̀ kùnà. check ò team eyi.,negative
Kò pé rara.,negative
gan. yii Ọmọde mi update lórí. ọlọ́gbọ́n jẹ́ dá issue,positive
Ọjọ́ message kì í ṣe email gbóná.,neutral
Inú mi dùn please deadline rí ọ.,positive
issue update pade yes Mo n lọ sí ile later,neutral
Mo rí you know ọ ní ọ̀sán.,neutral
Ọjọ́ oni kì í ṣe tó gbóná. A o pade lọ́la. Mo ti dé.,neutral
deadline email dara rara. Ẹ̀rọ náà call please dáadáa. Ọkàn mi ń rẹ́rù gan-an.,negative
Mo message dé. Mo n lọ sí yes itaja.,neutral
Mo fẹ́ràn rẹ gan-an.,positive
Ọkàn mi ń update gan-an.,negative
"Ẹ jọ̀ọ́, ṣe é ṣàlàyé? Ó jẹ́ pé ó ń ṣeé team",neutral
Mo n update later ile please N kò mọ ohun tí ó ṣẹlẹ̀. Ọjọ́ oni kì í ṣe tó gbóná.,neutral
dá O Ìfẹ́ ni yii email mi Ọmọde ẹ̀wà. gan. jẹ́ please rẹ̀,positive
problem ni pé o ṣe bẹ́ẹ̀.,negative
O ni update,positive
office rẹ̀ dá mi lórí. Mo ní problem didùn deadline,positive
Ọjọ́ oni dara pupọ.,positive
"Ẹ jọ̀ọ́, ṣe é check Mo ti dé.",neutral
Eyi ko dara rara.,negative
Eyi support dara rara. Mo ní ìrírí buburu. Ọkàn mi ń rẹ́rù gan-an.,negative
call ko dara rara. Mo ní ìrírí buburu. Kò pé rara.,negative
sí ile itaja. Mo n lọ,neutral
Gbogbo nkan ń lọ dáadáa.,positive
call no pade lọ́la.,neutral
o Ìbànújẹ yes ṣe ni pé,negative
O wa ní ita. Mo update ọ message ọ̀sán. Mo ti dé.,neutral
Mo sorry loni. ní,negative
Ìbànújẹ ni pé o ṣe call,negative
"Ẹ̀rọ update ń ṣiṣẹ́ báyìí. Ẹ jọ̀ọ́, ṣe okay deadline",neutral
N kò later problem tí ó ṣẹlẹ̀. A o pade office,neutral
Mo ti dé. O wa ní ita.,neutral
meeting office thank you didùn loni.,positive
Ọmọde gan. ọlọ́gbọ́n yii jẹ́,positive
Ọkàn mi ń rẹ́rù like sorry Kò pé rara.,negative
Ìfẹ́ rẹ̀ dá mi lórí. Mo ti ní ìrírí rere.,positive
"O wa ní problem Ẹ jọ̀ọ́, ṣe é ṣàlàyé? Ẹ̀rọ náà work ṣiṣẹ́ báyìí.",neutral
Ẹ̀rọ problem kò ṣiṣẹ́ dáadáa.,negative
Mo rí ọ ní ọ̀sán. Ó problem pé issue urgent work ṣe.,neutral
Mo sorry ìrírí buburu.,negative
update náà kò email dáadáa. Mo ní ìrírí buburu.,negative
Inú mi dùn pé mo rí ọ. Ìfẹ́ meeting dá mi lórí. Ọmọde yii please ọlọ́gbọ́n gan.,positive
Mi ò fẹ́ràn no,negative
Mo ní ìbànújẹ loni.,negative
deadline ṣeun pupọ later iranlọwọ rẹ.,positive
Ẹ̀rọ message you know urgent ṣiṣẹ́ báyìí.,neutral
thank you ní inú didùn loni.,positive
Mo ní inú didùn problem,positive
Eyi ko issue meeting,negative
Mo ní ìbànújẹ loni. please jẹ support ti ko dara rara.,negative
Mo ní ìrírí later,negative
Mi ò fẹ́ràn eyi. Mo okay ìbànújẹ meeting,negative
Ohun tí meeting ṣẹlẹ̀ kùnà.,negative
O jẹ eniyan urgent ko dara rara. Mi ò fẹ́ràn problem Eyi ko check rara.,negative
Ìbànújẹ ni please message ṣe bẹ́ẹ̀. Ẹ̀rọ náà message no dáadáa. Kò problem rara.,negative
check o A pade,neutral
no pé problem support ko support rara.,negative
Mo issue ìrírí buburu.,negative
Mo buburu. ìrírí ní,negative
Mo fẹ́ràn rẹ deadline,positive
Gbogbo nkan ń support dáadáa. O ṣeun deadline fun urgent rẹ.,positive
Ìbànújẹ ni pé o ṣe bẹ́ẹ̀. Eyi ko dara rara. Kò pé rara.,negative
O ṣeun pupọ fun iranlọwọ rẹ. Ìfẹ́ work dá mi lórí. Ọjọ́ office dara issue,positive
O jẹ eniyan ti okay dara rara. problem ko dara rara. Mi ò thank you meeting,negative
Mi ò fẹ́ràn eyi. Ẹ̀rọ náà kò ṣiṣẹ́ dáadáa. Kò yes rara.,negative
O ni ẹ̀wà. okay message ní ìrírí later,positive
support ṣeun pupọ fun iranlọwọ rẹ. please nkan ń lọ dáadáa. O message please,positive
issue mi dùn support mo rí ọ.,positive
Ìbànújẹ ni pé email ṣe bẹ́ẹ̀.,negative
Ẹ meeting ṣe é ṣàlàyé? Mo ti dé.,neutral
Mo ti ní ìrírí rere. Ọjọ́ oni dara pupọ. O ni email,positive
Mo ti message ìrírí rere.,positive
Ìfẹ́ office check mi thank you Gbogbo nkan ń meeting dáadáa.,positive
Mo ah problem ìrírí buburu. Mi ò fẹ́ràn eyi.,negative
Mi office fẹ́ràn eyi. O jẹ eniyan ti later check rara. work pé rara.,negative
call ní ìbànújẹ loni.,negative
"Ẹ jọ̀ọ́, call é ṣàlàyé? N kò mọ ohun tí ó ṣẹlẹ̀.",neutral
Ọkàn mi ń rẹ́rù problem Ohun yes ó thank you email,negative
O ni ẹ̀wà.,positive
Ọjọ́ check dara pupọ. Ọmọde yii work ọlọ́gbọ́n gan. Gbogbo nkan ń lọ dáadáa.,positive
"Ẹ jọ̀ọ́, ṣe é ṣàlàyé? no n lọ sí call itaja.",neutral
Ọmọde support jẹ́ eh ọlọ́gbọ́n gan. Ìfẹ́ rẹ̀ dá mi lórí.,positive
Mo ti message ìrírí rere. Mo fẹ́ràn rẹ gan-an.,positive
O ṣeun pupọ fun office later,positive
check meeting email ṣẹlẹ̀ kùnà.,negative
A o no lọ́la.,neutral
Mo ní inú didùn loni. Gbogbo nkan ń issue dáadáa. meeting oni email email,positive
O jẹ eniyan ti ko meeting meeting Eyi ko dara rara. Ìbànújẹ ni pé o ṣe bẹ́ẹ̀.,negative
Eyi problem dara check,negative
sorry meeting kì í ṣe tó gbóná. Mo rí ọ ní work Ó jẹ́ pé ó ń ṣeé issue,neutral
Mo no lọ sí ile itaja. A o pade lọ́la.,neutral
Ẹ̀rọ náà kò ṣiṣẹ́ dáadáa. Ọkàn mi issue issue gan-an. Ohun tí call ṣẹlẹ̀ kùnà.,negative
support jẹ́ office ó office ṣeé ṣe.,neutral
Ìfẹ́ yes dá mi lórí. Ọmọde email please ọlọ́gbọ́n gan.,positive
Kò pé rara. Eyi ko dara yes Ẹ̀rọ náà kò ṣiṣẹ́ dáadáa. you know,negative
team n lọ sí team call Mo rí ọ ní meeting,neutral
Ó jẹ́ pé ó ń ṣeé later O wa later ita.,neutral
"later náà ń ṣiṣẹ́ support Ẹ jọ̀ọ́, you know problem é deadline",neutral
Mo ní work didùn loni. O ṣeun pupọ fun iranlọwọ rẹ.,positive
Gbogbo nkan call lọ dáadáa. meeting call dùn pé mo rí yes,positive
Ohun tí message ṣẹlẹ̀ kùnà. Ẹ̀rọ náà kò ṣiṣẹ́ support,negative
"Ẹ jọ̀ọ́, ṣe é check",neutral
ìrírí buburu. Mo ní,negative
A o okay lọ́la.,neutral
ṣiṣẹ́ team náà Ẹ̀rọ issue,negative
Mo n message sí ile itaja. A o pade call Mo rí ọ ní ọ̀sán.,neutral
Gbogbo nkan ń lọ dáadáa. Mo ní inú didùn loni.,positive
Mo rí ọ ní ọ̀sán.,neutral
please you know jẹ eniyan ti ko dara rara.,negative
Mi ò fẹ́ràn team,negative
Ó jẹ́ pé ó ń ṣeé ṣe. Ẹ problem ṣe é check,neutral
Ọmọde call jẹ́ call gan. Ọjọ́ oni dara pupọ.,positive
Ìfẹ́ rẹ̀ dá mi lórí. Inú mi dùn please mo yes ọ.,positive
ṣẹlẹ̀ kùnà. ó message Ohun,negative
Ìbànújẹ Ọkàn ni rẹ́rù pé later o problem yes ṣe mi,negative
Mi ò fẹ́ràn eyi. O jẹ eniyan issue email dara rara.,negative
Ìfẹ́ rẹ̀ dá mi lórí. O call pupọ fun iranlọwọ rẹ.,positive
Ọkàn mi ń support gan-an. Ìbànújẹ ni meeting update yes bẹ́ẹ̀.,negative
n ṣiṣẹ́ office sí náà Ẹ̀rọ ile lọ Mo ń itaja.,neutral
Ẹ̀rọ náà ń ṣiṣẹ́ báyìí. support oni kì í ṣe problem gbóná.,neutral
Kò pé rara. Ọkàn mi ń rẹ́rù gan-an.,negative
gan-an. Ọkàn Mo rẹ́rù meeting office dara ní ń issue buburu. ko rara.,negative
Mo ní inú didùn loni.,positive
O ni ẹ̀wà. Mo ní inú didùn loni.,positive
Ẹ̀rọ náà kò ṣiṣẹ́ dáadáa. work mi ń rẹ́rù gan-an.,negative
oni Ọjọ́ meeting dara,positive
"Ẹ jọ̀ọ́, ṣe é ṣàlàyé?",neutral
Mo ita. yes wa dé. ti O,neutral
"team jọ̀ọ́, issue issue ṣàlàyé?",neutral
Mo ní inú didùn loni.,positive
Eyi ko dara rara.,negative
issue rí issue ní ọ̀sán. O wa ní ita.,neutral
urgent problem dara pupọ.,positive
ko dara jẹ eniyan team rara. ti,negative
Mo deadline deadline loni. yes tí okay yes kùnà. Ọkàn mi ń rẹ́rù gan-an.,negative
O ṣeun pupọ fun iranlọwọ rẹ.,positive
Ọjọ́ thank you kì í ṣe tó gbóná.,neutral
pupọ. O ni dara ẹ̀wà. Ọjọ́ oni,positive
Ìfẹ́ rẹ̀ dá mi message Gbogbo please ń lọ dáadáa.,positive
O jẹ eniyan ti meeting dara rara. Eyi ko dara rara.,negative
meeting o pade work Ẹ̀rọ náà email ṣiṣẹ́ báyìí.,neutral
O ni ẹ̀wà.,positive
"N kò mọ ohun tí ó ṣẹlẹ̀. O wa ní ita. Ẹ jọ̀ọ́, ṣe call ṣàlàyé?",neutral
N kò no team tí ó ṣẹlẹ̀. Ẹ okay ṣe é ṣàlàyé?,neutral
N kò urgent ohun tí please ṣẹlẹ̀. Mo ti dé.,neutral
Ìfẹ́ rẹ̀ thank you mi lórí. Mo fẹ́ràn rẹ later,positive
Ó jẹ́ pé ó ń ṣeé yes A o okay lọ́la.,neutral
Ọkàn mi support rẹ́rù gan-an.,negative
A o thank you lọ́la. Mo rí ọ ní ọ̀sán. Ẹ̀rọ náà ń ṣiṣẹ́ sorry,neutral
Mo email rẹ gan-an.,positive
Eyi ko dara sorry,negative
Ọmọde ọlọ́gbọ́n thank you yii jẹ́,positive
support email rara. Mo check ìrírí buburu. like message mi no rẹ́rù gan-an.,negative
Mo ní no didùn later Ọjọ́ team dara pupọ. Inú mi dùn pé call rí ọ.,positive
message náà ń ṣiṣẹ́ báyìí. Mo rí ọ ní ọ̀sán.,neutral
office ti meeting yes rere.,positive
Eyi ko please rara.,negative
O jẹ eniyan ti ko dara rara. email tí ó ṣẹlẹ̀ kùnà.,negative
thank you work eniyan ti update dara rara. Mo ní thank you buburu.,negative
Mo ní inú didùn loni. Mo fẹ́ràn sorry gan-an.,positive
update fẹ́ràn rẹ gan-an. O ni ẹ̀wà. O ṣeun pupọ fun iranlọwọ sorry,positive
support ṣeun pupọ fun iranlọwọ rẹ. Ọjọ́ oni dara team,positive
later ní ìbànújẹ loni. Kò pé sorry Eyi ko call rara.,negative
Inú mi no pé mo rí ọ. issue rẹ̀ dá mi lórí.,positive
O call pupọ deadline iranlọwọ rẹ. later nkan ń lọ dáadáa.,positive
fun iranlọwọ work rẹ ṣeun pupọ fẹ́ràn gan-an. meeting Mo,positive
A o pade call,neutral
Mo hmm ní ìrírí buburu.,negative
Ọmọde yii jẹ́ ọlọ́gbọ́n meeting meeting mi dùn pé issue rí office,positive
ìrírí rere. Mo ti ní,positive
Mo ní ìbànújẹ update,negative
Mo fẹ́ràn rẹ gan-an.,positive
Ọjọ́ oni kì í ṣe problem gbóná. yes thank you lọ sí message itaja.,neutral
Eyi ko dara office,negative
Ọjọ́ oni dara pupọ. Inú issue yes support mo rí ọ.,positive
Ohun tí ó later kùnà. Eyi ko dara rara. Mi ò fẹ́ràn eyi.,negative
Mo ní inú didùn loni.,positive
O okay ẹ̀wà. Ìfẹ́ rẹ̀ dá mi meeting like,positive
call ṣeun pupọ fun thank you rẹ. Inú message meeting pé later rí ọ. O ni ẹ̀wà.,positive
O ṣeun pupọ urgent iranlọwọ rẹ.,positive
O ni ẹ̀wà.,positive
Eyi ko dara office,negative
update kò mọ ohun tí ó ṣẹlẹ̀. Ó jẹ́ pé ó ń ṣeé eh ṣe.,neutral
N okay office ohun tí ó ṣẹlẹ̀. Ẹ̀rọ later ń ṣiṣẹ́ báyìí.,neutral
ìbànújẹ ṣe ní O Ìbànújẹ jẹ ko pé ni bẹ́ẹ̀. rara. yes dara o loni. Mo ti,negative
Ohun problem ó ṣẹlẹ̀ kùnà.,negative
problem wa ní ita. message náà ń ṣiṣẹ́ báyìí. Mo n lọ sí ile itaja.,neutral
office nkan email office dáadáa. Mo ti ní ìrírí rere. O ṣeun deadline email iranlọwọ rẹ.,positive
Ohun yes deadline ṣẹlẹ̀ kùnà. work náà kò ṣiṣẹ́ dáadáa. Kò support rara.,negative
N kò mọ ohun later ó ṣẹlẹ̀.,neutral
Eyi ko okay rara.,negative
problem call no rẹ́rù gan-an. Eyi ko dara rara. Mo ní ìrírí buburu.,negative
Ìfẹ́ problem work mi lórí. Inú support dùn pé mo rí ọ.,positive
team ò fẹ́ràn eyi. Ẹ̀rọ you know náà kò ṣiṣẹ́ please,negative
sorry ni pé o ṣe bẹ́ẹ̀. Mo ní email loni.,negative
problem ò office eyi.,negative
Ọjọ́ oni kì í ṣe tó update problem n work sí ile itaja.,neutral
Mo ní ìbànújẹ loni.,negative
Kò pé rara. Ọkàn mi ń rẹ́rù gan-an. Mo later ìrírí issue,negative
O ni ẹ̀wà. email fẹ́ràn rẹ gan-an. Ìfẹ́ office dá mi lórí.,positive
Mo rí ọ ní ọ̀sán. please kò mọ ohun sorry ó ṣẹlẹ̀.,neutral
"Ó jẹ́ pé issue ń issue support Ẹ jọ̀ọ́, ṣe work ṣàlàyé? Ọjọ́ oni kì deadline ṣe tó gbóná.",neutral
O ni ẹ̀wà. Ìfẹ́ rẹ̀ dá mi please Gbogbo please ń lọ dáadáa.,positive
"Ọjọ́ update kì email ṣe please support Mo rí ọ ní ọ̀sán. Ẹ jọ̀ọ́, email é update",neutral
"ní ita. ṣe jọ̀ọ́, work ṣàlàyé? Ẹ é work",neutral
O ni ẹ̀wà.,positive
gbóná. thank you ṣe í kì tó office,neutral
Ọmọde yii jẹ́ ọlọ́gbọ́n gan.,positive
message ṣeun please fun meeting rẹ. Ọmọde yii jẹ́ please meeting,positive
ṣeun support O yii gan. rẹ. call Ọmọde meeting call iranlọwọ,positive
Mo rí ọ ní ọ̀sán.,neutral
team ti ní ìrírí rere.,positive
Ọmọde thank you jẹ́ ọlọ́gbọ́n deadline Mo ní inú didùn loni.,positive
email rẹ̀ dá please lórí. okay ní inú call loni.,positive
Ọjọ́ message dara pupọ.,positive
Mo ti support ìrírí email Ọmọde yii jẹ́ ọlọ́gbọ́n gan. update nkan ń lọ dáadáa.,positive
Mo ti dé. O wa ní ita. Ó jẹ́ pé okay ń call deadline,neutral
Ìbànújẹ ni pé o ṣe bẹ́ẹ̀. Ẹ̀rọ náà kò problem dáadáa.,negative
okay ní support email loni.,positive
Ọjọ́ oni kì team ṣe problem gbóná. Ó jẹ́ okay ó ń message ṣe.,neutral
Ọjọ́ oni dara pupọ.,positive
Ọjọ́ call dara message Mo fẹ́ràn rẹ gan-an. team nkan ń lọ dáadáa.,positive
Mo issue ìrírí buburu. Ìbànújẹ ni okay check ṣe team,negative
ṣẹlẹ̀. sorry urgent ọ̀sán. wa O deadline ohun eh tí call rí kò ní ita. ní ó,neutral
O wa ní call update o support lọ́la.,neutral
O jẹ deadline ti ko dara problem,negative
Ọkàn rẹ́rù ń mi gan-an.,negative
ọ̀sán. lọ́la. ní like A rí pade o ọ Mo,neutral
Ọjọ́ oni kì í yes tó gbóná. Mo n lọ sí yes itaja.,neutral
"thank you o pade lọ́la. N kò mọ ohun tí ó deadline Ẹ jọ̀ọ́, ṣe check ṣàlàyé?",neutral
call yii jẹ́ ọlọ́gbọ́n gan.,positive
Mo n lọ sí ile itaja.,neutral
office fẹ́ràn rẹ gan-an.,positive
A o pade call Ẹ̀rọ náà ń ṣiṣẹ́ báyìí. Ó sorry pé ó ń ṣeé ṣe.,neutral
urgent jẹ́ pé ó ń ṣeé ṣe. Ẹ̀rọ náà ń ṣiṣẹ́ báyìí.,neutral
O ni ẹ̀wà. Mo ti ní ìrírí okay,positive
Mo meeting ìbànújẹ loni.,negative
team meeting ọ ní ọ̀sán.,neutral
Kò pé rara.,negative
Ìfẹ́ rẹ̀ dá office later Mo fẹ́ràn rẹ gan-an.,positive
Mo later ọ ní ọ̀sán. O wa ní call,neutral
Mo ní inú didùn loni. Ọjọ́ support dara pupọ.,positive
Mi ò fẹ́ràn eyi.,negative
N kò team ohun tí sorry ṣẹlẹ̀. Ọjọ́ issue kì í ṣe tó gbóná. A o pade lọ́la.,neutral
O issue ní ita. Mo rí ọ ní ọ̀sán.,neutral
Ó jẹ́ pé ó please ṣeé ṣe. N thank you mọ ohun check ó ṣẹlẹ̀.,neutral
Mo rí ọ ní ọ̀sán.,neutral
Ẹ̀rọ náà kò ṣiṣẹ́ dáadáa. Ọkàn problem ń rẹ́rù gan-an.,negative
issue ò fẹ́ràn eyi.,negative
O urgent ẹ̀wà. call sorry inú didùn problem O ṣeun pupọ fun office rẹ.,positive
Inú mi dùn pé mo rí ọ. Ìfẹ́ eh rẹ̀ dá mi lórí.,positive
Mo rí ọ ní ọ̀sán.,neutral
Ìfẹ́ rẹ̀ dá mi lórí.,positive
N kò okay ohun tí ó ṣẹlẹ̀. Mo ti email,neutral
A o pade update Ẹ̀rọ náà ń ṣiṣẹ́ báyìí.,neutral
N kò mọ ohun tí ó ṣẹlẹ̀. Mo ti dé.,neutral
O wa email ita. Ẹ̀rọ náà call ṣiṣẹ́ báyìí.,neutral
báyìí. Ẹ̀rọ wa O thank you issue ita. náà ń,neutral
call tí office ṣẹlẹ̀ kùnà.,negative
Kò pé rara. Ohun tí ó ṣẹlẹ̀ kùnà. O jẹ eniyan ti ko dara rara.,negative
O ṣeun pupọ fun call rẹ. O ni ẹ̀wà.,positive
A o pade lọ́la.,neutral
Mo sorry ọ ní ọ̀sán. yes n call sí message itaja. A o pade lọ́la.,neutral
Mo ní ìrírí buburu.,negative
Mo ní inú didùn loni. Ìfẹ́ rẹ̀ dá mi lórí.,positive
check later ó ṣẹlẹ̀ kùnà.,negative
Mo ti dé. Ẹ̀rọ náà ń ṣiṣẹ́ báyìí.,neutral
Gbogbo meeting ń lọ dáadáa. problem ní inú didùn loni. Ọjọ́ no dara pupọ.,positive
ah Ìbànújẹ ni pé o meeting bẹ́ẹ̀.,negative
thank you support ṣe é check A o pade lọ́la.,neutral
A call pade lọ́la. issue jẹ́ pé ó ń email ṣe. Ọjọ́ oni issue í ṣe tó gbóná.,neutral
call náà ń ṣiṣẹ́ please problem ti dé.,neutral
Ọjọ́ hmm oni dara pupọ. Gbogbo nkan ń lọ sorry,positive
Mo n lọ update message itaja. Mo ti dé.,neutral
"check ṣe okay sorry yes o jọ̀ọ́, team A",neutral
"Ẹ jọ̀ọ́, ṣe team ṣàlàyé? O wa ní ita.",neutral
Mo n message thank you ile itaja. Mo rí ọ ní ọ̀sán.,neutral
Ẹ̀rọ náà sorry ṣiṣẹ́ dáadáa.,negative
Ọjọ́ oni kì í ṣe tó gbóná. Mo ti dé.,neutral
Ẹ̀rọ náà check ṣiṣẹ́ dáadáa.,negative
Ọjọ́ oni update í ṣe tó gbóná. O wa office support,neutral
Ẹ̀rọ náà kò ṣiṣẹ́ email,negative
A o pade lọ́la. N kò mọ ohun tí ó ṣẹlẹ̀.,neutral
sorry ní call buburu.,negative
Ẹ̀rọ okay kò ṣiṣẹ́ dáadáa.,negative
Mo fẹ́ràn rẹ gan-an. O ṣeun pupọ fun sorry rẹ.,positive
A o pade lọ́la. work email pé office ń ṣeé ṣe. Ẹ̀rọ náà email ṣiṣẹ́ urgent,neutral
"later jọ̀ọ́, ṣe ah é ṣàlàyé?",neutral
Eyi ko meeting rara.,negative
urgent tí ó ṣẹlẹ̀ kùnà.,negative
A o update yes,neutral
Gbogbo nkan ń lọ later,positive
"Ẹ jọ̀ọ́, ṣe support ṣàlàyé? Ẹ̀rọ náà ń ṣiṣẹ́ báyìí.",neutral
thank you you know ò fẹ́ràn eyi.,negative
thank you náà kò support dáadáa.,negative
Kò pé rara. Mo ní ìbànújẹ loni.,negative
"message náà ń work báyìí. please jọ̀ọ́, ṣe thank you ṣàlàyé?",neutral
Ẹ̀rọ náà ń ṣiṣẹ́ báyìí. Mo n lọ sí message itaja.,neutral
Mo thank you inú didùn loni. Ọmọde yii jẹ́ office no,positive
Mo dáadáa. email nkan lọ ti support ń Gbogbo ìrírí,positive
Mo ní ìrírí buburu. Kò eh pé meeting,negative
Mi ò fẹ́ràn eyi. Ẹ̀rọ náà thank you urgent yes,negative
N you know later mọ ohun tí call check Mo n lọ please ile itaja.,neutral
Ohun ó tí kùnà. ṣẹlẹ̀,negative
Ohun team ó ṣẹlẹ̀ kùnà. Ọkàn mi update rẹ́rù gan-an.,negative
Gbogbo nkan deadline lọ later,positive
Kò pé rara.,negative
Mi like ò yes eyi.,negative
urgent mi dùn pé mo no urgent,positive
Mo rí ọ ní ọ̀sán.,neutral
lọ update ile n dé. yes Mo Mo itaja.,neutral
Ọjọ́ oni dara pupọ. update urgent dùn deadline mo rí ọ. Ọmọde call jẹ́ ọlọ́gbọ́n update,positive
yes mi update rẹ́rù gan-an. Ẹ̀rọ náà kò ṣiṣẹ́ dáadáa. Ìbànújẹ ni pé o ṣe bẹ́ẹ̀.,negative
Mo ti ní ìrírí rere.,positive
O problem pupọ fun iranlọwọ work,positive
sorry fẹ́ràn rẹ gan-an. update ní inú didùn loni. ah,positive
Ìbànújẹ yes pé o ṣe bẹ́ẹ̀. no mi ń rẹ́rù gan-an.,negative
Ọkàn mi ń rẹ́rù gan-an.,negative
Mo ní ìbànújẹ loni. Eyi ko deadline rara.,negative
"Ẹ jọ̀ọ́, okay okay ṣàlàyé? check ti dé.",neutral
O jẹ eniyan ti ko yes rara. office pé rara.,negative
support update dara pupọ.,positive
thank you no kì í ṣe tó later,neutral
Ohun tí deadline ṣẹlẹ̀ kùnà.,negative
Ìbànújẹ ni pé o ṣe ah bẹ́ẹ̀. sorry jẹ eniyan ti problem dara rara.,negative
Mo later ní office rere.,positive
Ohun tí ó ṣẹlẹ̀ kùnà.,negative
Ọkàn email later rẹ́rù gan-an. Ohun tí urgent later kùnà.,negative
problem wa ní ita. N kò mọ ohun tí ó ṣẹlẹ̀. Mo n lọ email ile itaja.,neutral
thank you jẹ eniyan ti ko please rara. Mi ò fẹ́ràn eyi. work pé rara.,negative
Mo Ẹ̀rọ ṣiṣẹ́ pé náà dáadáa. kò ìbànújẹ Ìbànújẹ loni. o ní ṣe team problem,negative
Mo n lọ sí ile itaja. office oni kì í ṣe tó gbóná.,neutral
"Ẹ jọ̀ọ́, ṣe é ṣàlàyé? please meeting lọ sí check itaja.",neutral
Kò pé rara. Ohun call ó ṣẹlẹ̀ kùnà. please jẹ work ti ko dara rara.,negative
pade A lọ́la. náà issue urgent Ẹ̀rọ ṣiṣẹ́ deadline,neutral
O message email ita. Ọjọ́ oni kì í call sorry gbóná.,neutral
Ìfẹ́ no dá mi support,positive
Mo meeting ìrírí thank you Ohun tí ó ṣẹlẹ̀ kùnà.,negative
O message no fun support rẹ. Inú mi dùn yes mo rí ọ.,positive
N support yes ohun tí ó ṣẹlẹ̀. Mo ti team,neutral
Inú hmm mi dùn pé mo rí thank you Ìfẹ́ yes dá please lórí.,positive
Inú sorry yes pé mo rí ọ.,positive
O ṣeun pupọ fun iranlọwọ yes,positive
call urgent dara rara. Ẹ̀rọ náà kò ṣiṣẹ́ dáadáa. Ọkàn mi okay rẹ́rù gan-an.,negative
ìrírí ní pupọ ti rẹ. O rere. Mo iranlọwọ mi support fun Ìfẹ́ rẹ̀ lórí. no,positive
Inú mi dùn pé mo rí ọ.,positive
Inú support dùn sorry mo rí like please,positive
Mo rí ọ sorry ọ̀sán.,neutral
Ẹ̀rọ deadline kò ṣiṣẹ́ meeting Mo ní ìbànújẹ loni.,negative
N office mọ ohun tí ó ṣẹlẹ̀. ah work check ní ita.,neutral
Ẹ̀rọ meeting kò ṣiṣẹ́ dáadáa.,negative
O ṣeun update fun iranlọwọ rẹ. Inú mi dùn please mo rí ọ. meeting rẹ̀ dá mi lórí.,positive
Ọjọ́ email kì í ṣe tó gbóná. O wa ní ita.,neutral
Mo update support ìrírí rere. message deadline dá mi later,positive
Mo ti dé. N kò mọ ohun tí call support Mo n lọ sí meeting itaja.,neutral
yes ò fẹ́ràn eyi. Mo issue ìbànújẹ loni. Ọkàn mi ń update gan-an.,negative
call n lọ sí ile itaja.,neutral
Ọjọ́ oni kì í ṣe tó gbóná.,neutral
Ọjọ́ oni kì í ṣe tó gbóná. A o pade lọ́la.,neutral
Mo n lọ sí ile itaja. later message ṣe thank you ṣàlàyé?,neutral
Kò pé rara.,negative
Mo check ìbànújẹ loni. Ọkàn mi ń rẹ́rù gan-an.,negative
Mo no please loni. Ẹ̀rọ náà check ṣiṣẹ́ please Ọkàn mi work rẹ́rù thank you,negative
no oni check í ṣe tó gbóná.,neutral
Ó jẹ́ pé ó ń update okay A o pade lọ́la. N kò mọ ohun tí ó work,neutral
Gbogbo thank you ń lọ dáadáa. Mo ti ní ìrírí sorry,positive
A o pade lọ́la.,neutral
Mo check ita. wa O check dé.,neutral
Ọmọde yii jẹ́ ọlọ́gbọ́n gan.,positive
Ọjọ́ oni kì í ṣe tó gbóná.,neutral
Ẹ̀rọ náà ń ṣiṣẹ́ báyìí. N issue mọ ohun tí later ṣẹlẹ̀. A o pade lọ́la.,neutral
Mo problem rẹ gan-an. message problem inú okay loni.,positive
Mo ní team didùn loni. Mo fẹ́ràn rẹ gan-an. Ọjọ́ oni deadline pupọ.,positive
no ní inú work yes,positive
Ó meeting team ó ń ṣeé ṣe.,neutral
Ọkàn mi ń rẹ́rù gan-an.,negative
Mo ti ní ìrírí rere. office oni dara pupọ.,positive
Mo dé. office,neutral
Ìfẹ́ rẹ̀ hmm dá mi lórí. Ọmọde okay work ọlọ́gbọ́n okay,positive
Ọjọ́ oni kì í ṣe tó check A o pade lọ́la.,neutral
Mo nkan gan-an. dara dáadáa. lọ ń message thank you Ọjọ́ later fẹ́ràn pupọ.,positive
no ni pé o please urgent Ọkàn mi email rẹ́rù gan-an.,negative
Gbogbo ah nkan ń lọ dáadáa. Ìfẹ́ rẹ̀ work mi lórí.,positive
O ṣeun pupọ fun iranlọwọ deadline,positive
O support later ti ko dara rara. Mi support fẹ́ràn please Ohun tí ó ṣẹlẹ̀ kùnà.,negative
"Ẹ jọ̀ọ́, ṣe é ṣàlàyé? N kò mọ ohun tí ó ṣẹlẹ̀. O team ní ita.",neutral
Mo ti dé. A o pade lọ́la.,neutral
Ìbànújẹ ni pé office ṣe bẹ́ẹ̀. Ohun tí ó ṣẹlẹ̀ kùnà. deadline please rara.,negative
issue ti ní ìrírí rere. urgent ní inú later loni.,positive
"urgent jẹ́ pé support ń ṣeé ṣe. Mo problem no sí office itaja. Ẹ jọ̀ọ́, ṣe é ṣàlàyé?",neutral
Mo ní support message,negative
meeting office rara. Ohun tí ó ṣẹlẹ̀ kùnà.,negative
O eniyan rara. ti dara meeting ko,negative
Mi ò fẹ́ràn eyi. Eyi yes dara rara.,negative
Mo office ní ìrírí please Mo urgent inú didùn loni.,positive
issue check pupọ fun iranlọwọ rẹ.,positive
Ọjọ́ thank you support í ṣe tó gbóná.,neutral
Mo fẹ́ràn rẹ gan-an. Mo message inú like didùn loni. Ìfẹ́ email dá mi lórí.,positive
Mi ò fẹ́ràn eyi.,negative
Ọjọ́ oni dara pupọ. O ṣeun work fun iranlọwọ rẹ.,positive
Mo okay ní ìrírí rere. O sorry ẹ̀wà.,positive
Kò pé message Ẹ̀rọ náà sorry urgent dáadáa.,negative
okay rí deadline ní ọ̀sán. Ọjọ́ oni thank you í ṣe thank you sorry A o pade lọ́la.,neutral
thank you mi ń rẹ́rù gan-an.,negative
Mo ti ní ìrírí rere. O ni ẹ̀wà.,positive
office yes dá mi lórí. Mo ní inú didùn loni. Mo ti ní ìrírí rere.,positive
N kò mọ ohun support ó ṣẹlẹ̀. O wa work problem,neutral
Ẹ okay ṣe é ṣàlàyé? Mo rí ọ ní thank you,neutral
Ọkàn mi work rẹ́rù gan-an. Mo ní ìbànújẹ loni.,negative
team Inú dùn ọlọ́gbọ́n no email lórí. dá rẹ̀ jẹ́ ọ. yii call mi team urgent Ọmọde,positive
Mo later ìbànújẹ loni.,negative
"Ẹ jọ̀ọ́, ṣe deadline ṣàlàyé? email rí ọ ní okay",neutral
tó gbóná. kì í urgent oni Ọjọ́,neutral
Ọmọde rere. Mo ti please ọlọ́gbọ́n yes ní ìrírí jẹ́,positive
Mo ní inú didùn loni. Gbogbo nkan ń urgent dáadáa. Ìfẹ́ message dá mi lórí.,positive
Inú mi dùn problem mo rí ọ. Mo urgent rẹ yes,positive
Ọkàn mi ń issue gan-an. Ìbànújẹ thank you pé o ṣe bẹ́ẹ̀.,negative
yes ti ní ìrírí rere. Inú mi check pé mo ah rí ọ.,positive
okay tí ó okay kùnà.,negative
Ìbànújẹ ni pé o ṣe bẹ́ẹ̀. Mi ò fẹ́ràn eyi. Ọkàn mi ń rẹ́rù gan-an.,negative
Kò pé thank you,negative
O wa ní ita. meeting rí ọ ní ọ̀sán.,neutral
"Mo ti dé. Ẹ jọ̀ọ́, ṣe é ṣàlàyé?",neutral
deadline kò mọ call tí call ṣẹlẹ̀. Mo n lọ team ile itaja.,neutral
Mo rí ọ ní ọ̀sán. Mo office dé.,neutral
"Mo ti dé. Ẹ jọ̀ọ́, ṣe é ṣàlàyé? Ó message pé ó ń ṣeé urgent",neutral
Mi ò fẹ́ràn eyi. problem message pé o ṣe bẹ́ẹ̀.,negative
lọ sí itaja. Mo ile n,neutral
Mo ní call buburu.,negative
Mo ní ìbànújẹ office Mi ò fẹ́ràn eyi. O jẹ eniyan deadline problem dara rara.,negative
no ọlọ́gbọ́n Ọmọde jẹ́ yii,positive
"Ẹ jọ̀ọ́, ṣe team no",neutral
"check jọ̀ọ́, ṣe é ṣàlàyé? Ẹ̀rọ office ń ṣiṣẹ́ báyìí. O wa ní ita.",neutral
O issue issue Gbogbo nkan ń lọ thank you,positive
N kò mọ support tí ó ṣẹlẹ̀. Ọjọ́ oni office í call okay gbóná.,neutral
O wa ní ita.,neutral
"hmm Ẹ jọ̀ọ́, update é ṣàlàyé? A problem pade urgent",neutral
deadline email ìrírí buburu. Ọkàn mi ń rẹ́rù gan-an.,negative
A okay pade check later meeting ní ita.,neutral
Eyi ko dara rara.,negative
Mo ti ní ìrírí sorry Inú mi support pé mo rí sorry Gbogbo nkan ń thank you message,positive
Gbogbo nkan email lọ check Inú thank you dùn pé mo ah rí sorry,positive
rẹ. deadline update ọlọ́gbọ́n work ní inú jẹ́ ṣeun fun Mo yii iranlọwọ O didùn Ọmọde,positive
Gbogbo nkan ń lọ dáadáa. Mo fẹ́ràn rẹ gan-an.,positive
call yes ọ ní message problem oni meeting okay ṣe tó gbóná.,neutral
meeting o pade later,neutral
Ó jẹ́ no ó ń ṣeé ṣe. A o pade lọ́la. Ọjọ́ team kì í ṣe tó gbóná.,neutral
Mi ò call eyi.,negative
N message yes ohun tí ó ṣẹlẹ̀. Mo rí ọ message ọ̀sán.,neutral
ní inú yes Mo didùn,positive
Gbogbo nkan ń lọ dáadáa.,positive
meeting wa ní ita.,neutral
Ìfẹ́ message rẹ̀ lórí. dá urgent ẹ̀wà. mi,positive
ṣiṣẹ́ issue dáadáa. rara. Kò pé Ẹ̀rọ náà,negative
call ni ẹ̀wà. Mo fẹ́ràn rẹ urgent,positive
"Ọjọ́ oni kì í ṣe tó gbóná. Ẹ jọ̀ọ́, ṣe é ṣàlàyé?",neutral
Mo ti dé. message you know deadline yes ó issue issue okay,neutral
Eyi ko dara rara. Ìbànújẹ ni pé yes ṣe bẹ́ẹ̀.,negative
Ẹ̀rọ náà kò ṣiṣẹ́ update Kò pé rara. Eyi check deadline thank you,negative
sorry kò mọ ohun tí meeting ṣẹlẹ̀. Ọjọ́ oni kì í call tó gbóná.,neutral
O wa ní ita.,neutral
Mo ní ìbànújẹ meeting,negative
Ọmọde yii jẹ́ ọlọ́gbọ́n gan.,positive
urgent ṣeun pupọ fun deadline issue yes meeting ń lọ dáadáa.,positive
Mo later rẹ gan-an.,positive
Mo email ní ìrírí meeting O ni ẹ̀wà.,positive
O ṣeun pupọ fun ah iranlọwọ rẹ.,positive
no mi dùn pé mo rí ọ. no ṣeun message fun iranlọwọ yes Ìfẹ́ rẹ̀ dá mi lórí.,positive
Mo n call sí ile itaja.,neutral
like Mo ti update ìrírí rere. issue nkan no lọ dáadáa.,positive
Kò sorry rara. okay ní ìrírí buburu.,negative
O ṣeun pupọ fun sorry rẹ. Inú mi dùn message mo rí urgent Ọmọde yii jẹ́ ọlọ́gbọ́n gan.,positive
Ẹ̀rọ náà ń ṣiṣẹ́ báyìí. later oni kì í ṣe tó gbóná.,neutral
mi pé inú didùn rí Inú dùn ní mo Mo please ọ.,positive
"Mo team dé. Ẹ jọ̀ọ́, work é ṣàlàyé?",neutral
Mo rí ọ ní ọ̀sán.,neutral
check ní Mo meeting work kùnà. ìbànújẹ tí Ohun,negative
sorry náà kò ṣiṣẹ́ dáadáa. Mo ní ìbànújẹ loni. Mi update fẹ́ràn eyi.,negative
support Ẹ̀rọ ṣiṣẹ́ pé rara. Kò dáadáa. meeting,negative
Ọkàn yes ń problem gan-an.,negative
Kò pé rara. Ohun tí work ṣẹlẹ̀ yes,negative
kùnà. bẹ́ẹ̀. Ohun pé ṣẹlẹ̀ ó ni tí ṣe Ìbànújẹ o,negative
Mo ní ìbànújẹ loni. deadline pé rara. Ohun tí ó work kùnà.,negative
Inú mi check meeting mo problem ọ. yes rẹ̀ dá mi support,positive
Eyi rara. ko dara,negative
Ìbànújẹ ni pé team ṣe meeting Kò pé rara. Mo call ìrírí buburu.,negative
O ni ẹ̀wà. thank you fẹ́ràn rẹ gan-an.,positive
Ìbànújẹ ni pé o ṣe bẹ́ẹ̀.,negative
"Ó jẹ́ pé ó office ṣeé message email n lọ sí ile team meeting jọ̀ọ́, ṣe é ṣàlàyé?",neutral
Mo later ní ìrírí rere. Ọmọde yii jẹ́ team office,positive
Ẹ̀rọ náà call ṣiṣẹ́ dáadáa. Ìbànújẹ ni pé o email bẹ́ẹ̀. problem pé rara.,negative
ò ní ìrírí Mo eyi. eh buburu. Mi fẹ́ràn,negative
Ẹ urgent deadline é ṣàlàyé?,neutral
Ọmọde yii check ọlọ́gbọ́n email,positive
Mo ní inú didùn urgent later rẹ̀ dá mi lórí.,positive
O hmm wa ní ita. Mo ti dé.,neutral
Mo rí ọ email ọ̀sán.,neutral
Mo ní ìbànújẹ thank you thank you náà kò ṣiṣẹ́ dáadáa.,negative
Gbogbo nkan ń lọ dáadáa.,positive
call ní call loni. Ìbànújẹ ni pé o ṣe bẹ́ẹ̀.,negative
team ti ní ìrírí problem O ṣeun pupọ fun iranlọwọ rẹ.,positive
Ó problem pé ó ń ṣeé issue,neutral
Ọjọ́ oni later í urgent tó message Ẹ̀rọ náà ń ṣiṣẹ́ báyìí. Mo n lọ sí ile itaja.,neutral
meeting no náà Mo dáadáa. ìrírí kò buburu. ṣiṣẹ́,negative
Mo n lọ sí ile itaja. problem jẹ́ sorry urgent ń ṣeé ṣe.,neutral
Ìbànújẹ ni check o ṣe bẹ́ẹ̀.,negative
Inú mi dùn pé mo rí ọ. Ọjọ́ oni dara pupọ. O ni ẹ̀wà.,positive
Kò meeting sorry,negative
Ohun check ó ṣẹlẹ̀ kùnà. O jẹ eniyan ti ko dara rara.,negative
O ṣeun pupọ fun problem rẹ.,positive
call deadline ṣẹlẹ̀. N ohun later tí,neutral
Ohun tí ó ṣẹlẹ̀ kùnà.,negative
thank you pé rara. Mi team fẹ́ràn office Ìbànújẹ ni pé o ṣe meeting,negative
message yii jẹ́ ọlọ́gbọ́n issue,positive
Ó jẹ́ pé ó please ṣeé ṣe. A work pade lọ́la. thank you náà ń ṣiṣẹ́ báyìí.,neutral
itaja. lọ sí Mo support n,neutral
Mi ò fẹ́ràn problem,negative
work ní ìbànújẹ loni.,negative
N kò mọ ohun tí ó ṣẹlẹ̀. later o pade lọ́la.,neutral
Ó problem pé no team check ṣe.,neutral
O wa ní ita. N kò mọ ohun tí update ṣẹlẹ̀. Ọjọ́ oni kì í ṣe tó please,neutral
Ó later pé team sorry ṣeé ṣe.,neutral
update update mọ ohun tí message ṣẹlẹ̀. O update urgent ita. A o deadline lọ́la.,neutral
Mo ní ìbànújẹ loni. Ìbànújẹ okay pé o email bẹ́ẹ̀.,negative
Mo rí ọ later ọ̀sán. update ti dé. Ọjọ́ oni problem í ṣe tó team,neutral
Eyi ko dara rara. Kò pé rara. Mo ní ìrírí buburu.,negative
Ọmọde yii jẹ́ call later,positive
Mo fẹ́ràn no gan-an.,positive
pé rara. Kò,negative
Mo ti ní meeting rere. O ni ẹ̀wà.,positive
Mo ní ìbànújẹ loni. Mi ò fẹ́ràn eyi.,negative
Kò issue rara. Ẹ̀rọ náà kò ṣiṣẹ́ dáadáa.,negative
A office pade lọ́la.,neutral
Mo ní ìrírí buburu. Mi ò okay sorry Ẹ̀rọ náà kò ṣiṣẹ́ dáadáa.,negative
Mo ní support loni. Ìbànújẹ ni pé o ṣe bẹ́ẹ̀.,negative
Ìfẹ́ rẹ̀ message mi yes Gbogbo nkan ń lọ dáadáa.,positive
Mi message fẹ́ràn eyi.,negative
ní buburu. ìrírí Mo,negative
Inú okay dùn pé mo rí ọ. eh thank you ní meeting urgent loni.,positive
Kò pé deadline,negative
team ò urgent eyi. O jẹ deadline ti ko call hmm rara.,negative
Ìbànújẹ ni pé deadline ṣe bẹ́ẹ̀. Mi ò fẹ́ràn eyi. Ohun tí ó ṣẹlẹ̀ kùnà.,negative
Ìbànújẹ ni pé o ṣe call Eyi ko dara rara.,negative
Mo ti ní ìrírí rere.,positive
Ó jẹ́ pé ó ń ṣeé ṣe. N kò mọ urgent tí ó ṣẹlẹ̀.,neutral
Ó jẹ́ meeting ó ń ṣeé ṣe. Ẹ̀rọ náà ń ṣiṣẹ́ báyìí.,neutral
Kò pé deadline Ọkàn thank you ń rẹ́rù gan-an.,negative
Ẹ̀rọ later you know kò ṣiṣẹ́ dáadáa. Mi ò fẹ́ràn eyi.,negative
"jọ̀ọ́, ṣàlàyé? ṣe Ẹ é",neutral
office yes ìbànújẹ loni. Kò pé rara. Ọkàn mi ń message gan-an.,negative
Ẹ̀rọ náà ń ṣiṣẹ́ báyìí.,neutral
O ṣeun pupọ fun iranlọwọ rẹ. work thank you ẹ̀wà.,positive
Ohun tí ó ṣẹlẹ̀ kùnà. Ẹ̀rọ náà update ṣiṣẹ́ thank you,negative
call rí ọ ní ọ̀sán.,neutral
Ọjọ́ oni dara pupọ.,positive
o message pé later later Kò deadline bẹ́ẹ̀. Ìbànújẹ,negative
update support eniyan ti urgent dara rara. Ohun tí ó ṣẹlẹ̀ kùnà. Mi ò fẹ́ràn eyi.,negative
Ìbànújẹ ni pé o ṣe bẹ́ẹ̀.,negative
message fẹ́ràn rẹ gan-an. Gbogbo nkan ń lọ call Mo ní hmm thank you didùn loni.,positive
rẹ support Mo gan-an.,positive
Ẹ̀rọ náà ń ṣiṣẹ́ later,neutral
A o pade lọ́la. Mo rí ọ ní ọ̀sán. N please mọ ohun update ó ṣẹlẹ̀.,neutral
message jẹ problem ti ko dara team,negative
Ìfẹ́ iranlọwọ rẹ̀ no please mi rẹ. fun O dá sorry,positive
O jẹ eniyan support ko yes rara. Eyi ko message rara.,negative
Kò rara. pé,negative
no ní ìrírí buburu. Kò pé please later ni pé o ṣe bẹ́ẹ̀.,negative
Mi ò fẹ́ràn eyi. Kò pé later,negative
A o pade lọ́la. Mo rí check ní ọ̀sán.,neutral
Ó jẹ́ pé ó ń email ṣe. Ọjọ́ yes team í ṣe please no,neutral
Inú mi dùn support mo yes ọ.,positive
Ẹ̀rọ náà kò team dáadáa. Mo ní no message,negative
O ṣeun pupọ fun yes rẹ.,positive
Mo ní ìbànújẹ urgent,negative
O wa you know meeting ita. thank you ti dé.,neutral
Mo ní ìbànújẹ loni. O jẹ message ti ko dara rara. Mi ò issue eyi.,negative
Mo ti dé.,neutral
Mo ti dé.,neutral
please yii jẹ́ like message gan. Gbogbo nkan check lọ dáadáa.,positive
Mo ní ìbànújẹ loni.,negative
Ìbànújẹ ni problem o later bẹ́ẹ̀. O jẹ please ti ko deadline rara.,negative
Ọkàn later check rẹ́rù gan-an.,negative
Mo eh work ọ ní ọ̀sán.,neutral
Ọkàn mi ń rẹ́rù gan-an.,negative
O ni support,positive
Mi ò fẹ́ràn team Ọkàn support ń rẹ́rù gan-an. no ní ìbànújẹ update,negative
ti dé. Mo,neutral
please call dùn pé mo rí ọ. Gbogbo urgent ń lọ dáadáa.,positive
Inú mi support pé mo rí ọ.,positive
Mo ti dé. Ó jẹ́ pé ó ń ṣeé ṣe. please n lọ office ile itaja.,neutral
O update eniyan support sorry dara rara. thank you tí check team no Ìbànújẹ ni pé o ṣe no,negative
Ọkàn mi ń rẹ́rù gan-an.,negative
Mo ní ìbànújẹ loni. deadline ko dara rara.,negative
Mi ò fẹ́ràn eyi.,negative
Mo ti dé.,neutral
pé O ọ. thank you mi check iranlọwọ you know team update mo Inú fun check,positive
Ọjọ́ oni kì í ṣe tó gbóná. O wa ní ita.,neutral
Mo ti ní ìrírí no,positive
Ọkàn okay ń rẹ́rù gan-an. update tí ó ṣẹlẹ̀ please,negative
O ṣeun ah call fun iranlọwọ rẹ.,positive
O ni ẹ̀wà.,positive
Ẹ̀rọ náà team meeting báyìí. Mo rí ọ no ọ̀sán.,neutral
Mo ní ìbànújẹ loni. Ẹ̀rọ náà kò ṣiṣẹ́ dáadáa.,negative
Ọkàn mi ń rẹ́rù gan-an.,negative
O ni ẹ̀wà. Ìfẹ́ rẹ̀ dá mi lórí.,positive
Ó jẹ́ pé ó ń issue ṣe. Mo meeting lọ update ile itaja.,neutral
Mo ní inú didùn loni. O ṣeun pupọ fun iranlọwọ rẹ. Ọjọ́ oni please office,positive
Mi ò fẹ́ràn eyi. Mo ní update buburu.,negative
O ṣeun pupọ fun iranlọwọ rẹ.,positive
Ó jẹ́ pé ó ń ṣeé ṣe.,neutral
Ọjọ́ thank you dara pupọ. okay ni ẹ̀wà. Mo fẹ́ràn rẹ gan-an.,positive
Mo support ní ìrírí rere.,positive
office jẹ eniyan update ko dara rara. Mo ní you know ìrírí buburu.,negative
O jẹ eniyan ti ko dara rara. Mo ní ìbànújẹ loni. Mo ní ìrírí buburu.,negative
Mo fẹ́ràn rẹ gan-an. please team dara pupọ.,positive
urgent okay thank you,negative
Kò pé rara.,negative
Ó jẹ́ pé ó ń please ṣe. please náà message message update,neutral
O thank you ní ita.,neutral
Eyi ko dara rara. Ẹ̀rọ náà kò ṣiṣẹ́ dáadáa.,negative
A o pade lọ́la. Mo rí email office ọ̀sán.,neutral
ita. ọ̀sán. ní O rí message work deadline okay,neutral
Mo ti dé.,neutral
check pé rara.,negative
Mo fẹ́ràn rẹ gan-an. O ni ẹ̀wà.,positive
Ẹ̀rọ náà kò issue dáadáa.,negative
O ni ẹ̀wà.,positive
Mo fẹ́ràn email gan-an.,positive
Kò sorry rara. Mi ò fẹ́ràn eyi.,negative
Mi ò fẹ́ràn eyi. Kò pé rara.,negative
Ìfẹ́ rẹ̀ dá mi lórí. Mo meeting rẹ gan-an.,positive
O ni ẹ̀wà.,positive
Mo meeting dé. N thank you mọ ohun no ó ṣẹlẹ̀.,neutral
Ọjọ́ oni dara pupọ. Mo yes sorry team meeting,positive
Mo thank you inú didùn loni.,positive
team check ìrírí buburu. Mo ní ìbànújẹ loni. Ẹ̀rọ náà kò ṣiṣẹ́ dáadáa.,negative
Gbogbo nkan ń lọ yes Mo ti meeting support rere.,positive
O ṣeun pupọ fun iranlọwọ rẹ.,positive
office ti dé. Ó jẹ́ no thank you ń ṣeé ṣe.,neutral
Mo ti ní ìrírí rere.,positive
work náà ń ṣiṣẹ́ báyìí. meeting team dé.,neutral
Mo you know ti ní ìrírí rere.,positive
O ṣeun pupọ fun iranlọwọ rẹ.,positive
A o no lọ́la. Ọjọ́ oni kì team ṣe tó gbóná. Mo okay ọ ní please,neutral
Mo ti ní ìrírí rere. Ọmọde yii please ọlọ́gbọ́n deadline,positive
update office pupọ issue iranlọwọ rẹ.,positive
Mi ò fẹ́ràn eyi. O jẹ eniyan update ko dara rara.,negative
Ẹ̀rọ náà kò ṣiṣẹ́ dáadáa. Kò hmm problem rara.,negative
Gbogbo nkan ń lọ dáadáa. like,positive
sorry yes ìrírí buburu.,negative
O jẹ eniyan no meeting problem rara. thank you mi ń rẹ́rù check,negative
work ní later buburu. Ẹ̀rọ náà kò ṣiṣẹ́ dáadáa. Eyi ko problem rara.,negative
Kò pé rara. O okay eniyan ti ko dara rara.,negative
ṣẹlẹ̀ email okay Kò ó later Ohun tí,negative
Mo no ìbànújẹ loni.,negative
Mo email ìrírí deadline Ohun tí ó ṣẹlẹ̀ kùnà. Ìbànújẹ ni pé meeting ṣe bẹ́ẹ̀.,negative
Ẹ problem ṣe é ṣàlàyé? N kò mọ ohun tí ó ṣẹlẹ̀.,neutral
Gbogbo okay no lọ dáadáa. O ṣeun pupọ sorry deadline rẹ.,positive
Ìfẹ́ rẹ̀ dá mi okay,positive
Ọjọ́ oni dara pupọ. Inú mi dùn pé mo yes ọ. Mo message rẹ gan-an.,positive
Mo fẹ́ràn rẹ issue O later ẹ̀wà.,positive
Eyi problem okay rara. Ẹ̀rọ náà kò ṣiṣẹ́ dáadáa.,negative
Mo no update ní ọ̀sán. Ẹ̀rọ yes ń ṣiṣẹ́ báyìí.,neutral
"Ẹ̀rọ náà email deadline báyìí. Ẹ jọ̀ọ́, ṣe é ṣàlàyé?",neutral
thank you rara. pé rara. ko sorry dara,negative
Gbogbo nkan urgent sorry dáadáa.,positive
Mo ti work ìrírí rere. urgent please thank you pupọ.,positive
Ọmọde deadline jẹ́ ọlọ́gbọ́n update Gbogbo nkan ń lọ dáadáa.,positive
Ẹ̀rọ deadline no hmm ṣiṣẹ́ dáadáa.,negative
call office ṣe hmm é ṣàlàyé?,neutral
meeting n eh lọ sí team itaja.,neutral
Ẹ̀rọ náà kò later dáadáa.,negative
Mo ní inú didùn loni.,positive
Mi hmm ò fẹ́ràn eyi.,negative
sorry oni no í ṣe you know tó gbóná.,neutral
O ṣeun pupọ okay iranlọwọ work Ìfẹ́ you know meeting work mi lórí. Ọjọ́ oni dara work,positive
Ọkàn mi ń rẹ́rù gan-an. Mo ní ìrírí buburu.,negative
"Ẹ jọ̀ọ́, ṣe check work",neutral
no ní inú didùn issue Ìfẹ́ rẹ̀ dá yes sorry no ṣeun office fun iranlọwọ rẹ.,positive
Gbogbo team ń lọ dáadáa. Inú mi later pé mo rí office,positive
Mo ní ìbànújẹ loni. Kò no rara.,negative
Ìbànújẹ ni call o urgent call Eyi ko dara rara.,negative
"Mo rí check ní ọ̀sán. Ẹ jọ̀ọ́, ṣe office ṣàlàyé? N kò like mọ ohun tí ó ṣẹlẹ̀.",neutral
Mo ti dé.,neutral
Kò pé rara. O jẹ eniyan call ko dara rara. Ọkàn mi ń problem gan-an.,negative
Mo ní ìbànújẹ like loni. Kò pé rara.,negative
O meeting deadline please N kò mọ ohun tí problem ṣẹlẹ̀. Ọjọ́ issue office í ṣe okay gbóná.,neutral
gan. Ọmọde ọlọ́gbọ́n okay jẹ́,positive
Ọjọ́ oni kì í you know ṣe tó gbóná.,neutral
issue ti please A o pade lọ́la.,neutral
Mo fẹ́ràn rẹ deadline Ìfẹ́ rẹ̀ dá mi lórí.,positive
Ọkàn mi ń rẹ́rù urgent message ní ìrírí buburu.,negative
Mo call call buburu. Ọkàn mi ń rẹ́rù gan-an.,negative
O ni ẹ̀wà. Ọmọde yii jẹ́ thank you gan.,positive
yes rí hmm ọ ní ọ̀sán.,neutral
Ìbànújẹ ni pé o ṣe thank you check ní ìbànújẹ loni.,negative
Ẹ issue ṣe é ṣàlàyé? urgent jẹ́ pé ah ó team update yes,neutral
team jẹ́ pé problem ń ṣeé thank you call o pade lọ́la. Ẹ̀rọ náà urgent ṣiṣẹ́ báyìí.,neutral
O ṣeun pupọ fun iranlọwọ rẹ. urgent mi dùn pé mo rí ọ.,positive
Ọkàn mi ń rẹ́rù problem,negative
Ọmọde yii jẹ́ okay gan. Mo ti ní ìrírí rere.,positive
Mo ti ní ìrírí rere.,positive
Ẹ office ṣe é ṣàlàyé?,neutral
Inú update dùn pé mo rí ọ. Mo ní inú message loni. Gbogbo deadline ń lọ dáadáa.,positive
Ó jẹ́ pé ó call ṣeé ṣe.,neutral
sorry kò mọ ohun tí ó office,neutral
Ọjọ́ oni kì í ṣe thank you gbóná. Mo sorry dé.,neutral
Mo ní inú didùn loni. Ọmọde yii jẹ́ later gan. O ni meeting,positive
message tí ó ṣẹlẹ̀ kùnà.,negative
deadline náà kò ṣiṣẹ́ dáadáa. deadline deadline pé o ṣe bẹ́ẹ̀. Kò pé rara.,negative
Mo ní ìrírí meeting O call eniyan ti ko hmm deadline rara.,negative
"Mo okay okay work ile itaja. Ẹ jọ̀ọ́, ṣe urgent yes",neutral
Ọjọ́ oni kì í ṣe tó gbóná. Ó check pé ó ń ṣeé problem,neutral
O work eniyan ti ko dara rara. Ìbànújẹ ni pé o ṣe bẹ́ẹ̀.,negative
Mo rí ọ call deadline N kò mọ ohun ah tí ó ṣẹlẹ̀.,neutral
náà update kùnà. kò ṣiṣẹ́ ṣẹlẹ̀ ní dáadáa. loni. Ẹ̀rọ Mo tí ó ìbànújẹ,negative
Mo rí ọ ní ọ̀sán. thank you o pade lọ́la.,neutral
Ọjọ́ gbóná. meeting kì Mo dé. ti ṣe tó oni,neutral
Mo ní ìbànújẹ loni.,negative
A thank you pade lọ́la.,neutral
O jẹ eniyan ti thank you dara hmm rara.,negative
later update deadline fun email sorry Inú mi dùn team mo later ọ. office fẹ́ràn rẹ gan-an.,positive
"Ẹ jọ̀ọ́, ṣe é ṣàlàyé? Mo n like lọ sí ile itaja. Ó jẹ́ pé ó sorry ṣeé problem",neutral
Ìfẹ́ rẹ̀ email mi lórí.,positive
"Ọjọ́ eh support kì okay ṣe problem gbóná. Mo no dé. Ẹ jọ̀ọ́, ṣe é ṣàlàyé?",neutral
A o pade lọ́la.,neutral
Ẹ̀rọ náà kò ṣiṣẹ́ dáadáa. Ìbànújẹ ni pé o ṣe yes Mi ò fẹ́ràn eyi.,negative
like meeting ní ìbànújẹ office,negative
Ọkàn mi email rẹ́rù gan-an.,negative
Eyi ko dara rara.,negative
O ni ẹ̀wà. Gbogbo nkan ń lọ dáadáa. Mo ní check didùn loni.,positive
Gbogbo nkan ń lọ dáadáa.,positive
meeting jẹ́ pé ó ń ṣeé ṣe. check kò mọ ohun thank you ó ṣẹlẹ̀. O wa ní ita.,neutral
work eh rí ọ ní ọ̀sán.,neutral
email mi dùn pé mo like work ọ.,positive
Mo ti ní ìrírí rere. Inú mi dùn pé support rí ọ.,positive
Ọjọ́ support okay í no tó gbóná. A o pade lọ́la.,neutral
ti ìrírí ní issue rere.,positive
Ọmọde yii jẹ́ ọlọ́gbọ́n gan. Mo ti ní ìrírí later,positive
gan-an. fẹ́ràn Mo rẹ,positive
N mọ ohun Mo support kò tí ó ti dé.,neutral
Ẹ̀rọ náà kò ṣiṣẹ́ dáadáa.,negative
email didùn ní ń lọ work dáadáa. message meeting no,positive
Ó jẹ́ pé ó ń later email,neutral
A o pade urgent,neutral
Ẹ̀rọ call kò ṣiṣẹ́ dáadáa. Eyi ko dara rara.,negative
you know Mo fẹ́ràn rẹ gan-an.,positive
Ohun sorry later team kùnà.,negative
Mo fẹ́ràn rẹ gan-an. Inú please dùn pé mo rí ọ.,positive
update gan-an. fẹ́ràn rẹ,positive
support wa ní meeting,neutral
Ọjọ́ oni dara later,positive
Ó jẹ́ pé ó ń ṣeé ṣe.,neutral
ah Kò pé sorry,negative
Mo ní ìrírí buburu. Ọkàn mi ń rẹ́rù gan-an. Kò pé rara.,negative
rara. ko pé jẹ dara eniyan Kò O rara. ti,negative
okay mi dùn pé mo rí ọ. Mo fẹ́ràn urgent gan-an.,positive
Eyi ko dara rara.,negative
Ẹ̀rọ náà thank you ṣiṣẹ́ báyìí. ah,neutral
work team office support,neutral
Gbogbo nkan ń lọ dáadáa.,positive
Ọjọ́ issue dara issue Mo ti ní ìrírí rere. Mo ní office didùn loni.,positive
Ìbànújẹ sorry pé o ṣe email call ní ìrírí buburu.,negative
Gbogbo nkan ń lọ dáadáa. sorry ṣeun pupọ yes iranlọwọ rẹ.,positive
N kò mọ ohun tí ó ṣẹlẹ̀. Mo n lọ sí ile itaja.,neutral
Ẹ̀rọ náà you know kò ṣiṣẹ́ team Eyi ko problem rara. Ohun tí ó ṣẹlẹ̀ kùnà.,negative
update ti ní ìrírí message,positive
Mo ní ìrírí buburu. update náà kò ṣiṣẹ́ dáadáa.,negative
Kò pé rara.,negative
Ọjọ́ oni kì í ṣe tó sorry O wa ní check,neutral
N later mọ ohun tí office ṣẹlẹ̀.,neutral
Ọjọ́ oni dara pupọ. no yes meeting didùn work,positive
eh Mo ní thank you loni. Ìbànújẹ ni pé o office bẹ́ẹ̀.,negative
O jẹ eniyan ti ko dara rara.,negative
email nkan ń lọ dáadáa. Ọmọde yii jẹ́ ọlọ́gbọ́n gan. Mo ti ní ìrírí issue,positive
dáadáa. email Gbogbo sorry rere. no Mo ń lọ ní,positive
O ni urgent,positive
okay yii jẹ́ problem okay Ọjọ́ oni dara pupọ.,positive
okay mi message rẹ́rù gan-an. urgent call ìrírí email,negative
O ṣeun pupọ fun iranlọwọ rẹ.,positive
Mi ò fẹ́ràn eyi.,negative
Mi ò fẹ́ràn eyi.,negative
"O wa ní ita. hmm meeting kò mọ ohun support ó ṣẹlẹ̀. check jọ̀ọ́, ṣe é ṣàlàyé?",neutral
Ìbànújẹ ni pé o ṣe bẹ́ẹ̀.,negative
Gbogbo nkan thank you lọ dáadáa. Mo ti ní ìrírí rere.,positive
ṣẹlẹ̀ tí kùnà. Ohun ó,negative
Ohun tí ó ṣẹlẹ̀ kùnà. Mo ní ìbànújẹ loni.,negative
Ìbànújẹ ni pé o ṣe thank you,negative
Ọkàn mi ń rẹ́rù gan-an. O jẹ eniyan yes ko dara rara. team ni pé o please bẹ́ẹ̀.,negative
Mo fẹ́ràn rẹ gan-an. email rẹ̀ dá mi lórí. Ọmọde yii jẹ́ ọlọ́gbọ́n gan.,positive
dùn mo ni O ọ. Inú rí mi yes team,positive
O wa ní ita. Mo ti dé.,neutral
Mo n lọ sorry ile problem,neutral
pupọ ṣeun fẹ́ràn fun O rẹ iranlọwọ Mo gan-an. rẹ.,positive
Ọjọ́ oni dara pupọ. Ọmọde yii please ọlọ́gbọ́n gan.,positive
Ó jẹ́ pé ó email ṣeé ṣe.,neutral
O jẹ eniyan problem ko dara rara. Mo ní ìrírí buburu.,negative
Mi like problem fẹ́ràn email,negative
Mo yes inú didùn loni.,positive
Ohun tí ó ṣẹlẹ̀ problem,negative
Ọmọde yii issue urgent okay,positive
O ṣeun urgent fun iranlọwọ rẹ.,positive
N no please ohun tí you know ó ṣẹlẹ̀.,neutral
Mo ní ìbànújẹ hmm loni. Ìbànújẹ ni pé o ṣe bẹ́ẹ̀.,negative
Ọjọ́ meeting dara pupọ.,positive
Mo ti meeting O wa okay ita.,neutral
N yes mọ yes please ó ṣẹlẹ̀.,neutral
okay ko dara rara.,negative
Ẹ̀rọ náà kò ṣiṣẹ́ dáadáa. no tí ó sorry kùnà. Mi ò fẹ́ràn eyi.,negative
Mo n lọ sí ile itaja.,neutral
thank you ò fẹ́ràn eyi. Kò pé rara. Ẹ̀rọ náà kò ṣiṣẹ́ dáadáa.,negative
Mo ní ìbànújẹ loni.,negative
Ìbànújẹ yes pé yes ṣe bẹ́ẹ̀. hmm,negative
"Ẹ jọ̀ọ́, ṣe é ṣàlàyé?",neutral
A meeting pade team,neutral
office O sorry,positive
Eyi ko dara rara.,negative
Mo ní inú didùn issue,positive
Eyi ko dara rara. Mo ní ìbànújẹ urgent,negative
Ìbànújẹ ni pé o problem bẹ́ẹ̀. Ọkàn mi ń check gan-an.,negative
O message pupọ fun team rẹ. Mo ní inú no loni.,positive
Gbogbo nkan yes lọ meeting,positive
Ẹ̀rọ náà sorry issue báyìí. Ó update pé ó ń ṣeé ṣe.,neutral
O jẹ eniyan ti ko dara rara.,negative
rẹ Mo gan-an. fẹ́ràn,positive
no pé check,negative
O ṣeun pupọ support thank you later,positive
Mo ní inú didùn loni.,positive
Mo meeting eh message,neutral
Mo n lọ sí ile itaja. Mo ti dé. Ẹ update ṣe work ṣàlàyé?,neutral
Mi ò fẹ́ràn eyi. O jẹ eniyan ti ko thank you rara.,negative
team ko yes like email Ẹ̀rọ náà kò ṣiṣẹ́ dáadáa.,negative
Mi message fẹ́ràn eyi.,negative
O sorry eniyan ti ko dara rara. Mo meeting ìrírí buburu.,negative
ko Eyi rara. thank you,negative
no rí please issue ọ̀sán. Mo ti dé. no wa ní ita.,neutral
Ìbànújẹ ni pé sorry ṣe bẹ́ẹ̀. Mi ò no eyi.,negative
Gbogbo nkan ń like lọ work Ìfẹ́ rẹ̀ work mi lórí.,positive
Mo thank you ìrírí buburu. O jẹ eniyan ti thank you dara rara.,negative
Ẹ̀rọ náà issue ṣiṣẹ́ dáadáa. email pé rara.,negative
Kò pé rara. team problem ìrírí buburu. Ìbànújẹ ni problem o ṣe bẹ́ẹ̀.,negative
Eyi ko dara rara. Ohun tí update eh ṣẹlẹ̀ kùnà.,negative
meeting kò mọ ohun tí ó ṣẹlẹ̀.,neutral
O wa ní ita.,neutral
please nkan ń lọ dáadáa. Ìfẹ́ office dá mi please,positive
Ọjọ́ oni update í ṣe tó gbóná. email o pade problem,neutral
no ko dara rara. Mi ò fẹ́ràn message,negative
Mo ti dé. Ọjọ́ message sorry í ṣe tó gbóná.,neutral
Ìbànújẹ ni pé o ṣe bẹ́ẹ̀. Mo ní ìbànújẹ loni. Ohun tí ó ṣẹlẹ̀ work,negative
Ó jẹ́ meeting ó please ṣeé ṣe.,neutral
eh Mo rí ọ ní ọ̀sán. yes wa ní ita.,neutral
Eyi ko work rara. Mi message fẹ́ràn eyi.,negative
Ọkàn sorry later ah rẹ́rù please Kò pé rara.,negative
Ó jẹ́ message ó ń okay ṣe.,neutral
"Ẹ jọ̀ọ́, ṣe é check please ti dé. Mo problem lọ sí ile itaja.",neutral
support jẹ eniyan ti ko dara rara. Ọkàn mi ń rẹ́rù gan-an. Ohun tí ó ṣẹlẹ̀ kùnà.,negative
Ẹ̀rọ check ń ṣiṣẹ́ please Ó work pé ó ń ṣeé ṣe. update problem kì í ṣe tó gbóná.,neutral
eh Mo ti okay,neutral
Mi yes fẹ́ràn meeting Mo ní ìrírí buburu.,negative
Ọkàn support ń rẹ́rù urgent,negative
Ọjọ́ oni yes í ṣe tó gbóná.,neutral
Ọjọ́ oni kì í ṣe deadline gbóná. Ẹ̀rọ náà support ṣiṣẹ́ báyìí.,neutral
O ṣeun pupọ sorry problem no Mo fẹ́ràn thank you gan-an.,positive
Mo n lọ no ile itaja. Mo ti dé.,neutral
Ìbànújẹ ni pé o ṣe bẹ́ẹ̀.,negative
Ọmọde no meeting ọlọ́gbọ́n gan. Mo deadline inú didùn loni.,positive
N kò mọ issue please ó ṣẹlẹ̀. Ó jẹ́ pé ó thank you ṣeé ṣe. call rí ọ ní ọ̀sán.,neutral
Mo ní inú didùn loni. Ọjọ́ oni dara pupọ.,positive
Mo fẹ́ràn rẹ update Ìfẹ́ rẹ̀ dá mi office Mo ti ní ìrírí rere.,positive
Eyi ko dara rara. Ọkàn deadline ń rẹ́rù gan-an.,negative
check fẹ́ràn rẹ yes message no urgent pé mo rí ọ. Mo ti urgent ìrírí rere.,positive
Mo check ní ìrírí rere. Ọmọde yii yes later gan.,positive
Ọkàn mi later office issue Ohun tí ó urgent kùnà.,negative
update nkan ń lọ dáadáa. Ìfẹ́ rẹ̀ dá mi lórí.,positive
Mo ní inú didùn please,positive
Mo ní inú didùn loni. Ọmọde yii jẹ́ ọlọ́gbọ́n sorry Gbogbo please ń lọ dáadáa.,positive
ṣe kì í update tó support oni Ọjọ́ ní Mo gbóná. check,neutral
"message ti dé. Ẹ jọ̀ọ́, ṣe é ṣàlàyé? N kò mọ later tí problem office",neutral
Inú mi dùn pé mo rí ọ. Mo message rẹ gan-an.,positive
Ìbànújẹ ni call o ṣe you know bẹ́ẹ̀.,negative
Mo n team sí ile itaja. Mo ti dé. urgent náà ń issue báyìí.,neutral
Ọmọde yii jẹ́ urgent team,positive
Ẹ̀rọ náà kò ṣiṣẹ́ dáadáa.,negative
Ọjọ́ oni dara pupọ.,positive
A check pade lọ́la.,neutral
O urgent eniyan yes check meeting rara. Mi ò fẹ́ràn eyi.,negative
Ẹ̀rọ issue kò ṣiṣẹ́ dáadáa.,negative
thank you o please lọ́la. Ọjọ́ oni kì í ṣe tó gbóná.,neutral
Ẹ̀rọ náà kò ṣiṣẹ́ please support jẹ meeting ti ko message call Eyi ko dara check,negative
Gbogbo nkan ah meeting lọ dáadáa.,positive
O please pupọ okay iranlọwọ rẹ.,positive
Mo call ìbànújẹ loni. please ní ìrírí buburu.,negative
Mo urgent inú update loni. Ọjọ́ oni dara office,positive
Mo n lọ sí ile itaja. Ọjọ́ oni kì í ṣe update gbóná.,neutral
please deadline ó ṣẹlẹ̀ work Kò pé update,negative
deadline ṣeun pupọ update iranlọwọ rẹ. okay ni ẹ̀wà. Mo message ní ìrírí deadline,positive
meeting problem ń lọ dáadáa.,positive
Mo ní inú didùn loni. Inú mi dùn pé mo rí ọ.,positive
O ni ẹ̀wà.,positive
O ni ẹ̀wà.,positive
thank you pé rara.,negative
Ọjọ́ oni dara pupọ. O meeting pupọ fun iranlọwọ rẹ. please yii jẹ́ ọlọ́gbọ́n gan.,positive
update n lọ sí ile office Mo ti dé. Ó jẹ́ update like ó ń deadline ṣe.,neutral
Mo n lọ sí ile update O wa ní ita.,neutral
O ṣeun check work iranlọwọ rẹ.,positive
Ọjọ́ oni dara pupọ. O ni ẹ̀wà.,positive
O jẹ eniyan ti ko dara rara. Mi please fẹ́ràn eyi.,negative
ti lọ okay rere. ìrírí Ọjọ́ oni nkan Gbogbo dara dáadáa. pupọ. ní Mo,positive
"Mo rí ọ ní ọ̀sán. Ẹ jọ̀ọ́, ṣe é ṣàlàyé?",neutral
ni okay o bẹ́ẹ̀. Ìbànújẹ later,negative
Mo fẹ́ràn rẹ gan-an. O ṣeun pupọ fun iranlọwọ rẹ.,positive
Ẹ̀rọ deadline issue ṣiṣẹ́ thank you Ọjọ́ oni kì í ṣe urgent gbóná.,neutral
problem náà ń issue báyìí. hmm Ẹ update message é update,neutral
ti okay Mo inú loni. rere. Mo didùn ìrírí thank you,positive
sorry ti later email rere. Gbogbo nkan work lọ dáadáa.,positive
Ọmọde yii jẹ́ ọlọ́gbọ́n gan.,positive
urgent ko dara rara. Ohun tí ó problem kùnà.,negative
lọ jẹ́ dáadáa. ọlọ́gbọ́n ń Ọmọde nkan yii gan. Gbogbo,positive
please jẹ́ pé ó ń ṣeé sorry Ọjọ́ oni kì í ṣe tó gbóná.,neutral
O wa ní ita. Mo rí ọ ní problem,neutral
Ẹ̀rọ náà thank you deadline dáadáa. Ọkàn email ń rẹ́rù gan-an.,negative
Ẹ̀rọ náà ń ṣiṣẹ́ team Mo n lọ sí ile itaja.,neutral
Ọkàn mi ń rẹ́rù issue,negative
yes ni pé o ṣe bẹ́ẹ̀.,negative
O later ní ita. Ẹ office ṣe later ṣàlàyé? A urgent pade lọ́la.,neutral
O lọ dáadáa. iranlọwọ pupọ ń nkan ṣeun fun rẹ. Gbogbo,positive
Ọjọ́ oni team later office rẹ̀ dá mi update,positive
O ṣeun pupọ fun iranlọwọ rẹ.,positive
Mo ní ìbànújẹ loni. Ohun check ó ṣẹlẹ̀ kùnà.,negative
"ṣàlàyé? dé. jọ̀ọ́, é ti issue Ẹ ṣe",neutral
O wa ní ita.,neutral
Ìfẹ́ sorry dá mi lórí. Inú mi dùn pé mo meeting ọ.,positive
Mo fẹ́ràn rẹ work email yii jẹ́ ọlọ́gbọ́n gan. Inú mi dùn pé mo rí ọ.,positive
Ọkàn mi urgent rẹ́rù gan-an. Ìbànújẹ ni problem o ṣe bẹ́ẹ̀. no tí ó update kùnà.,negative
tí loni. Kò pé Ohun ìbànújẹ ó Mo ṣẹlẹ̀ kùnà. later ní,negative
O ni ẹ̀wà.,positive
Ọmọde yii jẹ́ ọlọ́gbọ́n gan. urgent oni dara pupọ.,positive
Mo n deadline sí ile itaja.,neutral
Ọjọ́ oni kì í ṣe tó gbóná.,neutral
thank you ṣeun pupọ fun iranlọwọ issue,positive
Mi later check eyi.,negative
fẹ́ràn ò Mi message,negative
Ọjọ́ oni kì í ṣe tó gbóná. O office ní ita.,neutral
email work kò ṣiṣẹ́ dáadáa. office ko support rara.,negative
O ni ẹ̀wà. later rẹ̀ dá mi lórí.,positive
O ṣeun pupọ fun iranlọwọ rẹ. Inú thank you dùn pé mo work ọ.,positive
Mo ti meeting,neutral
Mo ní inú didùn loni.,positive
O ṣeun pupọ fun iranlọwọ rẹ. Inú office dùn pé mo rí meeting,positive
Gbogbo nkan ń lọ dáadáa.,positive
Ohun tí ó problem kùnà. Eyi ko dara rara.,negative
issue issue ní ìrírí rere.,positive
Inú mi thank you pé mo rí ọ. Ìfẹ́ office dá mi lórí.,positive
"Ẹ jọ̀ọ́, sorry é ṣàlàyé? Ẹ̀rọ náà ń ṣiṣẹ́ báyìí.",neutral
Ìbànújẹ ni pé o ṣe bẹ́ẹ̀. meeting later ìrírí buburu.,negative
Mi ò problem eyi. Ohun update office sorry sorry,negative
Mo office rẹ gan-an.,positive
Ọjọ́ oni kì í ṣe okay gbóná. O wa ní ita.,neutral
Mo ní ìrírí later Eyi ko dara rara.,negative
Ẹ̀rọ náà kò okay dáadáa.,negative
O ṣeun pupọ fun iranlọwọ rẹ. meeting ni ẹ̀wà.,positive
deadline please inú didùn later Gbogbo nkan ń lọ later Ọmọde yes jẹ́ team okay,positive
kì sí no itaja. báyìí. urgent oni gbóná. í ile n deadline ṣiṣẹ́ ṣe Ẹ̀rọ lọ call Ọjọ́,neutral
Inú message dùn pé mo work ọ. message email inú didùn loni. Mo fẹ́ràn rẹ team,positive
náà ń báyìí. ṣiṣẹ́ Ẹ̀rọ,neutral
you know Gbogbo nkan ń lọ dáadáa. O ni message,positive
sorry ti please Mo n lọ sí ile itaja. N kò okay ohun sorry ó support,neutral
Mo ní inú didùn loni. eh Ọmọde yii jẹ́ ọlọ́gbọ́n call,positive
please you know deadline ń rẹ́rù gan-an.,negative
dá ọ. mi ti ní mo rẹ̀ work lórí. Ìfẹ́ Inú dùn rí mi okay Mo pé,positive
thank you ti ní ìrírí rere.,positive
thank you jẹ́ pé ó ń ṣeé call,neutral
O ṣeun call fun iranlọwọ rẹ. Gbogbo nkan ń lọ dáadáa.,positive
check náà kò ṣiṣẹ́ dáadáa.,negative
O wa ní later A update later lọ́la.,neutral
Mo ti dé. Ó call pé ó ń email ṣe.,neutral
Ohun tí ó ṣẹlẹ̀ later Ẹ̀rọ náà email ṣiṣẹ́ please,negative
Ó team pé ó ń support ṣe. Mo ti dé. A update pade lọ́la.,neutral
gan. ọlọ́gbọ́n gan-an. office message Mo problem yii fẹ́ràn,positive
thank you kò urgent ohun tí please ṣẹlẹ̀. A deadline pade lọ́la. Ọjọ́ message issue í deadline tó later,neutral
O ni ẹ̀wà. support office dá mi lórí. Ọmọde yii jẹ́ ọlọ́gbọ́n gan.,positive
N team mọ ohun tí thank you ṣẹlẹ̀. Ọjọ́ team kì í ṣe tó gbóná. Mo ti team,neutral
O message deadline fun yes rẹ. message nkan ń meeting dáadáa.,positive
Mo ní ìbànújẹ loni.,negative
Mo ní ìrírí buburu. O jẹ eniyan ti ko dara rara. Ohun tí urgent ṣẹlẹ̀ kùnà.,negative
work kò mọ ohun yes ó ṣẹlẹ̀. work sorry ń ṣiṣẹ́ báyìí.,neutral
Mo fẹ́ràn rẹ gan-an. Mo ní inú didùn loni. Mo please ní ìrírí deadline,positive
office ní inú didùn loni. O ṣeun pupọ fun iranlọwọ rẹ.,positive
Ọjọ́ pupọ ṣeun pupọ. dara later no oni iranlọwọ O,positive
Ẹ̀rọ náà kò like no dáadáa.,negative
Gbogbo nkan ń lọ check email mi dùn pé mo rí ọ.,positive
kùnà. rara. tí work check Kò pé ó,negative
Mo rí ọ later ọ̀sán.,neutral
O ṣeun pupọ work iranlọwọ update Mo ní inú didùn loni. Ìfẹ́ urgent dá mi lórí.,positive
Mo n lọ meeting ile itaja.,neutral
support okay email ti ko issue rara.,negative
Eyi ko dara rara. Ohun tí ó ṣẹlẹ̀ deadline Mo ní ìrírí later,negative
Kò pé work,negative
Mo later rẹ gan-an. Mo ní inú didùn loni.,positive
O jẹ eniyan email ko dara rara. Ẹ̀rọ okay kò ṣiṣẹ́ meeting,negative
Eyi email dara rara. Ẹ̀rọ náà kò team dáadáa.,negative
Kò support rara. Mo issue ìbànújẹ please no tí ó ṣẹlẹ̀ kùnà.,negative
Mo ní inú meeting loni.,positive
Mo ní ìbànújẹ hmm loni.,negative
Mo ní ìbànújẹ loni. Mo meeting ìrírí buburu.,negative
Mo n later sí ile itaja. Ẹ̀rọ náà ń ṣiṣẹ́ báyìí.,neutral
Mi ò like yes eyi. Kò pé rara.,negative
Ẹ̀rọ náà ń ṣiṣẹ́ báyìí.,neutral
Gbogbo nkan ń lọ support okay yii jẹ́ ọlọ́gbọ́n gan.,positive
you know work n lọ sí ile itaja. thank you rí ọ ní thank you,neutral
A o yes lọ́la.,neutral
Mo like ti ní ìrírí rere. Ọmọde yii jẹ́ ọlọ́gbọ́n urgent,positive
Inú update dùn pé mo no ọ. Mo office ní deadline rere.,positive
Eyi ko dara deadline,negative
N kò mọ issue tí ó ṣẹlẹ̀.,neutral
Mo ah ní inú didùn email,positive
"Ẹ jọ̀ọ́, ṣe issue ṣàlàyé?",neutral
Ọjọ́ oni thank you í ṣe thank you gbóná. Mo rí ọ ní ọ̀sán.,neutral
Mi ò fẹ́ràn eyi.,negative
Mo ti ní yes rere.,positive
Ohun tí urgent ṣẹlẹ̀ kùnà. Mi ò fẹ́ràn eyi.,negative
Kò pé call,negative
"office Ẹ jọ̀ọ́, ṣe é hmm",neutral
Ìbànújẹ ni pé o ṣe bẹ́ẹ̀. O later eniyan ti ko dara rara.,negative
Mo n lọ sí ile itaja.,neutral
okay tí yes ṣẹlẹ̀ kùnà. Eyi ko dara message ah,negative
O ti jẹ eniyan ko rara. dara,negative
Ohun tí ó ṣẹlẹ̀ problem Mo ní ìrírí buburu. Mi ò fẹ́ràn issue,negative
O ni ẹ̀wà. Gbogbo nkan check urgent dáadáa. call message dá mi lórí.,positive
deadline ni pé o ṣe bẹ́ẹ̀. Kò pé rara.,negative
check nkan thank you lọ dáadáa. Mo office sorry sorry loni. urgent work urgent pé mo rí ọ.,positive
yes ti jẹ́ ọ̀sán. Ó ṣeé check ọ dé. update ṣe. Mo rí ó pé,neutral
N no problem team tí email ṣẹlẹ̀. Mo n support sí ile itaja.,neutral
Ìfẹ́ rẹ̀ dá mi lórí.,positive
Mo rí ọ check ọ̀sán.,neutral
Ọjọ́ message kì í ṣe check gbóná. O wa later no,neutral
ọ. dùn mo mi pé Inú check,positive
A team pade sorry,neutral
Ọjọ́ oni kì no ṣe tó gbóná.,neutral
O jẹ eniyan ti call dara rara. Mi ò fẹ́ràn eyi.,negative
Mo ní ìbànújẹ call,negative
"Ẹ jọ̀ọ́, ṣe é ṣàlàyé? Mo ti dé. Mo n message sí ile itaja.",neutral
ní ọ Mo office rí,neutral
A thank you pade lọ́la. Mo n work sí office itaja. please náà ń ṣiṣẹ́ no,neutral
email ní inú didùn loni. Inú mi deadline pé mo rí ọ. Mo ti you know ní meeting message,positive
O jẹ eniyan ti ko dara work,negative
kì pé ṣe Mo Ó message gbóná. ṣeé oni tó ń ó office office jẹ́ ní ọ í Ọjọ́,neutral
Ọjọ́ later yes you know í ṣe tó gbóná. A o pade lọ́la.,neutral
Mo team ìbànújẹ loni. Ìbànújẹ ni pé o no bẹ́ẹ̀.,negative
Mo ti dé. please o pade please Ó jẹ́ pé ó please ṣeé ṣe.,neutral
O wa like sorry ita.,neutral
Ọjọ́ oni dara pupọ.,positive
Mo ní inú work no email nkan ń lọ dáadáa.,positive
okay oni kì later deadline tó gbóná.,neutral
Kò pé rara. Mo ní email call,negative
support mi ń rẹ́rù gan-an.,negative
N kò mọ ohun tí ó ṣẹlẹ̀.,neutral
O urgent pupọ please iranlọwọ rẹ.,positive
Ìfẹ́ rẹ̀ urgent call lórí. O ṣeun pupọ fun iranlọwọ rẹ.,positive
message jẹ́ pé ó ń issue ṣe.,neutral
work jẹ́ pé ó ń ṣeé ṣe. O wa ní ita. Mo ti dé.,neutral
lọ́la. Ọjọ́ tó dé. support A ṣe o Mo gbóná. work í kì check,neutral
problem o pade lọ́la. Mo rí ọ ní message,neutral
ti office sorry,neutral
Ọkàn later ń rẹ́rù gan-an. no ní ìbànújẹ loni.,negative
Mo sorry problem problem,negative
Mo team dé. Ẹ check issue é ṣàlàyé?,neutral
call ni ẹ̀wà.,positive
Gbogbo dáadáa. issue lọ nkan,positive
Gbogbo nkan meeting lọ thank you problem yii jẹ́ ọlọ́gbọ́n gan.,positive
work náà ń ṣiṣẹ́ báyìí. Ọjọ́ deadline kì work ṣe tó gbóná.,neutral
Mo ní ìbànújẹ loni. Kò pé rara.,negative
Mo rí ọ ní ọ̀sán.,neutral
A o pade lọ́la.,neutral
Mo ti dé. message no ní deadline,neutral
ṣe email bẹ́ẹ̀. ti o dara ni support eniyan O message pé call,negative
O ni ẹ̀wà.,positive
O deadline ẹ̀wà. Ọjọ́ oni dara pupọ.,positive
urgent issue ń rẹ́rù gan-an.,negative
Eyi ko dara rara.,negative
"Ẹ jọ̀ọ́, ṣe é ṣàlàyé? O meeting ní ita.",neutral
rẹ́rù team ń Ọkàn mi,negative
ní pé ni work ṣe buburu. o Ìbànújẹ bẹ́ẹ̀. ìrírí,negative
N kò thank you ohun tí ó update Mo deadline lọ later yes itaja. ah,neutral
Mo n lọ sí ile itaja.,neutral
"Ọjọ́ oni kì í ṣe tó gbóná. Mo n lọ sorry team itaja. Ẹ jọ̀ọ́, ṣe é ṣàlàyé?",neutral
Ó jẹ́ pé ó thank you message ṣe. Mo rí team ní ọ̀sán.,neutral
Inú mi okay pé mo rí ọ.,positive
Ẹ̀rọ náà kò ṣiṣẹ́ dáadáa. message ní ìrírí buburu. Ohun later ó ṣẹlẹ̀ kùnà.,negative
jẹ́ ń check call Ó work pé,neutral
Mo ti ní ìrírí rere.,positive
Ó jẹ́ pé ó ń deadline update,neutral
Mo ti ní ìrírí rere. thank you you know ní inú didùn loni. Gbogbo nkan thank you message dáadáa.,positive
O wa ní ita.,neutral
Ọjọ́ oni dara pupọ. Mo fẹ́ràn rẹ gan-an.,positive
email náà ń ṣiṣẹ́ báyìí. urgent oni kì í ṣe tó gbóná. N later mọ ohun team message ṣẹlẹ̀.,neutral
O ṣeun pupọ fun iranlọwọ rẹ. O ni ẹ̀wà.,positive
Ẹ̀rọ náà team ṣiṣẹ́ dáadáa.,negative
Inú mi dùn pé mo rí ọ.,positive
tí kò ṣẹlẹ̀. N ó mọ ohun,neutral
Ẹ̀rọ náà no ṣiṣẹ́ issue,negative
urgent oni office pupọ.,positive
Gbogbo nkan ń update dáadáa.,positive
Mo no ìbànújẹ email,negative
Ó jẹ́ pé ó ń message ṣe.,neutral
Mo ní ìbànújẹ loni. Ọkàn mi ń yes support,negative
dara oni O okay Ọjọ́ ni pupọ.,positive
Eyi ko dara rara. Ẹ̀rọ náà kò please dáadáa.,negative
Inú later dùn thank you mo rí ọ. O ṣeun pupọ fun iranlọwọ rẹ. Mo ti ní problem rere.,positive
N kò mọ ohun tí ó ṣẹlẹ̀.,neutral
"Ẹ jọ̀ọ́, ṣe é ṣàlàyé?",neutral
O wa no ita. call email ṣe support ṣàlàyé?,neutral
Ó jẹ́ message meeting ń ṣeé ṣe. Mo rí ọ ní ọ̀sán.,neutral
Ìfẹ́ support dá mi lórí. Mo fẹ́ràn rẹ gan-an.,positive
check ní ìbànújẹ loni. Ọkàn mi ń check gan-an.,negative
"Ẹ jọ̀ọ́, ṣe é ṣàlàyé?",neutral
"Mo n lọ sí urgent itaja. Ẹ jọ̀ọ́, ṣe é ṣàlàyé?",neutral
Ìfẹ́ rẹ̀ dá office lórí. Mo yes inú didùn check Ọjọ́ yes dara thank you,positive
Mi ò fẹ́ràn eyi.,negative
Mo n lọ work ile itaja. Ọjọ́ ah oni kì í ṣe tó gbóná.,neutral
urgent check support fun iranlọwọ rẹ.,positive
O issue meeting ti ko dara rara.,negative
Ẹ̀rọ náà sorry ṣiṣẹ́ eh dáadáa.,negative
urgent oni dara pupọ. Ọmọde yii issue ọlọ́gbọ́n gan. Gbogbo nkan ń lọ dáadáa.,positive
office mi ń rẹ́rù gan-an. Mi yes you know fẹ́ràn eyi. Mo deadline later team,negative
Ọkàn mi ń rẹ́rù yes Mi later fẹ́ràn eyi. office jẹ eniyan ti problem dara rara.,negative
Mo fẹ́ràn check gan-an.,positive
Mo fẹ́ràn rẹ gan-an. call sorry work email iranlọwọ rẹ.,positive
update oni kì í ṣe tó yes,neutral
Mo message dé.,neutral
Mo ti ní update rere.,positive
Gbogbo nkan ń lọ dáadáa. issue oni dara pupọ.,positive
Eyi office dara rara.,negative
O ṣeun pupọ fun iranlọwọ rẹ.,positive
meeting tí ó ṣẹlẹ̀ kùnà.,negative
no ní yes loni. Ìbànújẹ yes yes o ṣe bẹ́ẹ̀.,negative
team ìrírí ti ọlọ́gbọ́n please rere. Mo Ọmọde call jẹ́,positive
no náà kò ṣiṣẹ́ dáadáa. please yes ìrírí buburu. like Mo call ìbànújẹ work,negative
Mo fẹ́ràn email gan-an.,positive
Mo ti ní ìrírí rere. Mo ní inú eh didùn please,positive
Mo please inú didùn sorry O ni ẹ̀wà.,positive
Ìfẹ́ rẹ̀ no mi lórí.,positive
Ohun tí ó ṣẹlẹ̀ you know kùnà.,negative
thank you no issue you know didùn loni.,positive
ṣiṣẹ́ Ẹ̀rọ Mo náà later meeting dé. báyìí.,neutral
Mo n thank you sí ile itaja.,neutral
update yii jẹ́ ọlọ́gbọ́n gan. Mo ní inú didùn loni. thank you mi dùn pé call yes ọ.,positive
Ẹ̀rọ like náà later ṣiṣẹ́ báyìí. O meeting team ita.,neutral
Mo fẹ́ràn rẹ thank you office yii jẹ́ ọlọ́gbọ́n gan. O ṣeun pupọ fun okay rẹ.,positive
Mo fẹ́ràn rẹ gan-an.,positive
Inú mi sorry pé mo rí ọ.,positive
later nkan ń deadline dáadáa.,positive
no nkan ń lọ problem,positive
Mo rí ọ ní ọ̀sán. Ẹ̀rọ náà thank you ṣiṣẹ́ báyìí. Ó later pé ó ń ṣeé ṣe.,neutral
Ọkàn mi ń rẹ́rù gan-an.,negative
O jẹ eniyan ti no dara urgent,negative
later mi sorry pé mo rí ọ.,positive
Ọmọde yii jẹ́ ọlọ́gbọ́n gan. Mo ní office didùn you know loni.,positive
problem ní yes meeting Ẹ̀rọ náà issue ṣiṣẹ́ please Ohun tí ó ṣẹlẹ̀ thank you,negative
Ohun tí ó ṣẹlẹ̀ kùnà. Ọkàn mi ń rẹ́rù gan-an.,negative
Gbogbo nkan message lọ dáadáa. Mo fẹ́ràn rẹ gan-an. support yii jẹ́ email gan.,positive
support ní gan-an. ìrírí ti rere. message rẹ fẹ́ràn,positive
Mo rí ọ ní ọ̀sán. Ẹ̀rọ náà no ṣiṣẹ́ later N kò okay ohun okay urgent ṣẹlẹ̀.,neutral
team tí ó ṣẹlẹ̀ kùnà. Ẹ̀rọ problem sorry message dáadáa.,negative
Ẹ̀rọ náà kò ṣiṣẹ́ dáadáa. deadline pé rara.,negative
lọ́la. Mo message A sí lọ o pade itaja. ile,neutral
message kò mọ later tí ó ṣẹlẹ̀.,neutral
okay inú lórí. rẹ gan-an. loni. Mo didùn dá rẹ̀ fẹ́ràn sorry Ìfẹ́ Mo,positive
Mo ti ní ìrírí rere.,positive
Mo urgent lọ sí sorry itaja. please thank you yes lọ́la. issue jẹ́ pé ó ń ṣeé ṣe.,neutral
later sorry fẹ́ràn team,negative
Mo n lọ sí ile itaja. Ẹ̀rọ náà ń ṣiṣẹ́ báyìí.,neutral
Ìfẹ́ rẹ̀ dá mi urgent issue yii jẹ́ ọlọ́gbọ́n gan. Mo no like thank you ìrírí rere.,positive
Ọmọde yii jẹ́ update message Gbogbo nkan ń lọ dáadáa.,positive
O ṣeun pupọ fun iranlọwọ rẹ.,positive
Mo ní ìbànújẹ loni. Mi ò fẹ́ràn eyi.,negative
Ọkàn mi ń rẹ́rù gan-an. O jẹ eniyan ti ko dara team Ẹ̀rọ náà kò ṣiṣẹ́ work,negative
urgent ṣeun pupọ message iranlọwọ no,positive
jẹ́ Ọmọde email ọlọ́gbọ́n urgent,positive
Mo ní inú didùn loni. work nkan ń meeting later,positive
Kò pé rara.,negative
thank you pé rara. Mo ní ìrírí buburu.,negative
Inú mi dùn pé team rí ọ.,positive
"Mo rí sorry ní ọ̀sán. Ẹ jọ̀ọ́, ṣe é ṣàlàyé? Ọjọ́ oni kì í ṣe work gbóná.",neutral
"Ó jẹ́ pé ó ń ṣeé ṣe. Ẹ jọ̀ọ́, ṣe é ṣàlàyé?",neutral
N kò mọ ohun team ó ṣẹlẹ̀. A o pade lọ́la.,neutral
okay sorry ń ṣiṣẹ́ deadline N support mọ ohun call ó deadline,neutral
check ò team eyi.,negative
okay jẹ eniyan ti ko dara rara.,negative
Ó jẹ́ check please ń ṣeé later office kò mọ ohun tí ó ṣẹlẹ̀.,neutral
Ìfẹ́ rẹ̀ dá mi lórí.,positive
Mo thank you ìrírí buburu. Ohun issue ó ṣẹlẹ̀ kùnà. team jẹ call ti ko dara meeting,negative
Ọkàn gan-an. mi rẹ́rù ń,negative
N kò mọ ohun please ó meeting,neutral
update ní eh ìrírí buburu.,negative
Ohun tí sorry ṣẹlẹ̀ kùnà.,negative
call náà okay ṣiṣẹ́ dáadáa.,negative
yes ń thank you ṣe. Ó pé jẹ́,neutral
A o team meeting,neutral
"Ẹ eh jọ̀ọ́, ṣe é ṣàlàyé? Ẹ̀rọ náà ń ṣiṣẹ́ báyìí.",neutral
Ìfẹ́ rẹ̀ problem deadline lórí. Mo ti ní issue thank you Ọmọde yii jẹ́ ọlọ́gbọ́n gan.,positive
later ní inú didùn okay,positive
Ó please issue yes ń ṣeé issue yes support pade lọ́la.,neutral
message oni check pupọ.,positive
Ohun check ó okay kùnà.,negative
Ìbànújẹ ni pé o ṣe yes,negative
Ẹ̀rọ work ń ṣiṣẹ́ báyìí.,neutral
N kò mọ ohun tí meeting call sorry oni kì í ṣe deadline gbóná. yes ti dé.,neutral
Mo ti okay problem later pé ó ń ṣeé later,neutral
Ọkàn mi team rẹ́rù gan-an. Ohun work ó ṣẹlẹ̀ kùnà. Kò pé rara.,negative
urgent please rẹ yes O ni later Mo deadline ní ìrírí rere.,positive
O ṣeun issue fun iranlọwọ thank you,positive
Ó jẹ́ pé ó ń update yes team n lọ sí ile itaja.,neutral
Gbogbo update ń lọ dáadáa. Mo ní inú didùn loni.,positive
O wa ní ita.,neutral
Ìfẹ́ rẹ̀ no mi lórí.,positive
hmm Ọkàn deadline ń meeting gan-an. Mo yes ìbànújẹ no,negative
Ìfẹ́ rẹ̀ dá mi lórí. issue ni ẹ̀wà.,positive
"Ẹ jọ̀ọ́, team thank you ṣàlàyé? N kò problem email problem ó ṣẹlẹ̀.",neutral
Mo office email,neutral
O ṣeun pupọ fun iranlọwọ rẹ. work urgent jẹ́ ọlọ́gbọ́n deadline Mo ní inú didùn loni.,positive
eh Mo ní ìbànújẹ work,negative
Ọjọ́ work kì í ṣe tó gbóná.,neutral
N kò please ohun tí ó ṣẹlẹ̀.,neutral
Inú mi dùn pé mo support ọ. Mo fẹ́ràn no gan-an. O ṣeun pupọ fun iranlọwọ rẹ.,positive
Mo ní inú support sorry,positive
Kò pé please,negative
hmm okay ṣeun pupọ fun iranlọwọ rẹ.,positive
ń gan-an. Ọkàn mi rẹ́rù,negative
A okay pade lọ́la. office work ń ṣiṣẹ́ support,neutral
office ni ẹ̀wà. you know,positive
Ó jẹ́ pé ó ń thank you ṣe. check okay ní ita.,neutral
hmm Mo ní ìbànújẹ loni.,negative
Ọkàn mi ń rẹ́rù check,negative
Ọkàn mi ń please gan-an. Ohun tí ó ṣẹlẹ̀ kùnà.,negative
hmm Eyi ko dara rara.,negative
Mo fẹ́ràn rẹ problem Gbogbo issue ń lọ team,positive
Ẹ̀rọ thank you ń ṣiṣẹ́ báyìí.,neutral
hmm Mo ní ìbànújẹ sorry check mi ń rẹ́rù gan-an.,negative
Mo n lọ sí later itaja.,neutral
thank you oni dara pupọ.,positive
Ọjọ́ oni dara thank you Ọmọde okay issue ọlọ́gbọ́n gan.,positive
lórí. mi ọ. update pé Gbogbo rí dá deadline mi rẹ̀ lọ dùn dáadáa. Ìfẹ́ thank you mo,positive
A o pade lọ́la. N kò mọ please problem ó ṣẹlẹ̀. Mo rí office ní ọ̀sán.,neutral
ṣeé Ó Mo pé meeting ó ṣe. email jẹ́ dé.,neutral
Mo ní ìrírí team,negative
ó tí ṣẹlẹ̀ okay kùnà.,negative
Mo ní email issue loni. ń no Ọkàn gan-an.,negative
Ọkàn mi okay rẹ́rù gan-an.,negative
Ọmọde yii jẹ́ ọlọ́gbọ́n gan. Inú mi dùn pé mo rí ọ.,positive
Inú mi dùn pé mo rí message Mo ní inú didùn update,positive
message náà kò issue dáadáa.,negative
Ìbànújẹ ni pé o ṣe bẹ́ẹ̀. Ohun tí ó ṣẹlẹ̀ kùnà.,negative
O ni ẹ̀wà.,positive
Mo ti dé.,neutral
"A thank you pade message thank you jọ̀ọ́, ṣe é ṣàlàyé?",neutral
Mo ní inú didùn loni. Mo fẹ́ràn rẹ gan-an.,positive
Ọjọ́ oni kì í yes office gbóná.,neutral
Mo ní ìrírí buburu.,negative
Mo ní ìrírí buburu. Ìbànújẹ ni pé o team bẹ́ẹ̀. Ohun support ó ṣẹlẹ̀ kùnà.,negative
Eyi ko dara rara. Mi ò fẹ́ràn work,negative
A o pade lọ́la. Mo thank you ah ọ ní ọ̀sán. Mo ti problem,neutral
problem rí ọ ní ọ̀sán.,neutral
update ni ẹ̀wà. Ọmọde deadline jẹ́ ọlọ́gbọ́n message Ìfẹ́ rẹ̀ dá issue issue,positive
ẹ̀wà. ni deadline,positive
Ọjọ́ support dara pupọ. Mo ti ní ìrírí rere.,positive
Ó jẹ́ pé ó ń ṣeé ṣe.,neutral
Ọkàn deadline ń rẹ́rù gan-an. sorry náà kò ṣiṣẹ́ dáadáa.,negative
báyìí. Ẹ̀rọ ń ṣiṣẹ́ náà,neutral
dara oni pupọ. Ọjọ́,positive
email pé rara. Eyi ko dara rara.,negative
O wa ní ita. Mo n lọ sí ile itaja. Ẹ̀rọ náà ń ṣiṣẹ́ báyìí.,neutral
Mo sorry ìbànújẹ loni. update ò office eyi.,negative
Ohun tí ó ṣẹlẹ̀ kùnà.,negative
Ọjọ́ oni email problem O team pupọ thank you iranlọwọ rẹ.,positive
Kò deadline rara. Ìbànújẹ ni pé yes ṣe bẹ́ẹ̀.,negative
Mo ti ní ìrírí rere.,positive
call pé rara. Ohun tí ó ṣẹlẹ̀ call Ẹ̀rọ náà please ṣiṣẹ́ dáadáa.,negative
sorry ko dara rara. O jẹ issue ti ko deadline rara. Mo ní ìrírí please,negative
Ohun tí ó ṣẹlẹ̀ kùnà. Mo ní ìrírí buburu. Ìbànújẹ ni pé o ṣe bẹ́ẹ̀.,negative
Mo fẹ́ràn rẹ you know gan-an. Ọmọde yii jẹ́ urgent email,positive
Mo fẹ́ràn rẹ gan-an. O ṣeun pupọ fun iranlọwọ rẹ.,positive
Mo ní ìrírí buburu. team pé check,negative
O wa ní please Mo n lọ meeting ile itaja. Mo no ọ ní message,neutral
O ni ẹ̀wà. Ọmọde no update okay gan.,positive
Ìbànújẹ ni problem o ṣe message,negative
Ohun tí meeting ṣẹlẹ̀ kùnà. Kò meeting rara. Mo ní ìbànújẹ loni.,negative
N kò mọ deadline tí ó email Mo rí ọ ní ọ̀sán.,neutral
later ń Ọjọ́ dá sorry lọ oni Ìfẹ́ check pupọ. call lórí. rẹ̀ dara,positive
Ẹ̀rọ náà kò ṣiṣẹ́ urgent,negative
Gbogbo work team lọ dáadáa. Mo ní inú didùn loni.,positive
please rí ọ ní ọ̀sán. A o pade lọ́la.,neutral
Ẹ message office later meeting hmm,neutral
Mi ò fẹ́ràn eyi. Mo ní ìrírí buburu.,negative
yes o support lọ́la. N support mọ ohun tí ó ṣẹlẹ̀.,neutral
O ṣeun pupọ fun iranlọwọ rẹ.,positive
"Ẹ jọ̀ọ́, ṣe é ṣàlàyé? N email mọ deadline tí ó check",neutral
"Mo ti later N okay problem yes please ó ṣẹlẹ̀. Ẹ jọ̀ọ́, ṣe é ṣàlàyé?",neutral
Ẹ̀rọ náà kò ṣiṣẹ́ dáadáa. Mo ní later loni.,negative
Ọjọ́ problem dara pupọ.,positive
ṣiṣẹ́ báyìí. ń Mo ti náà Ẹ̀rọ dé.,neutral
Ọmọde yii jẹ́ ọlọ́gbọ́n gan.,positive
please jẹ́ office ó ń ṣeé ṣe. Mo rí update ní ọ̀sán.,neutral
Ọmọde yii work ọlọ́gbọ́n gan. Gbogbo nkan ń lọ dáadáa.,positive
"N kò mọ email urgent ó ṣẹlẹ̀. Ọjọ́ oni kì í ṣe no gbóná. Ẹ jọ̀ọ́, ṣe é ṣàlàyé?",neutral
message mi ń rẹ́rù gan-an. Mi ò work eyi.,negative
sorry yes okay í ṣe tó gbóná. Ó jẹ́ team ó ń support ṣe.,neutral
problem check ìbànújẹ loni.,negative
Mo ti issue,neutral
Mo ti work Mo n update support ile itaja.,neutral
Gbogbo please ń lọ dáadáa. thank you ti ní ìrírí rere.,positive
support mi dùn work mo rí email,positive
Mi ò fẹ́ràn eyi.,negative
O jẹ eniyan ti ko dara rara.,negative
dara pupọ. O oni ẹ̀wà. Ọjọ́ ni,positive
O jẹ eniyan ti call dara rara. yes ní ìbànújẹ loni.,negative
Mo n support sí ile itaja. deadline kò please ohun tí ó ṣẹlẹ̀. A support pade lọ́la.,neutral
Mo ní ìrírí buburu.,negative
O wa ní ita. Mo rí later issue ọ̀sán.,neutral
Ohun tí ó ṣẹlẹ̀ kùnà. Mo ní like ìbànújẹ message,negative
Mo ní ìbànújẹ loni. Eyi ko meeting rara.,negative
N update mọ call yes yes ṣẹlẹ̀. Mo rí ọ ní ọ̀sán.,neutral
Ohun tí ó ṣẹlẹ̀ kùnà. Mo ní ìrírí thank you Ẹ̀rọ no kò ṣiṣẹ́ issue,negative
email no ń ṣiṣẹ́ báyìí. Mo ti dé. Mo rí ọ ní ọ̀sán.,neutral
Kò pé rara.,negative
Ẹ̀rọ náà urgent sorry dáadáa. Mo ní deadline buburu.,negative
dùn rí mi yii pé ọlọ́gbọ́n Inú Ọmọde jẹ́ office ọ. yes,positive
Eyi team dara rara. Ẹ̀rọ náà kò ṣiṣẹ́ dáadáa.,negative
rí ní Mo ọ ọ̀sán.,neutral
office jẹ́ pé ó ń ṣeé ṣe. A o work lọ́la.,neutral
ah N kò mọ ohun tí email ṣẹlẹ̀.,neutral
support ṣe ni Ẹ̀rọ message kò Ìbànújẹ o email message ṣiṣẹ́,negative
A o pade lọ́la. Mo rí ọ ní team Ó jẹ́ pé ó ń ṣeé ṣe.,neutral
Mo support dé. A o pade lọ́la.,neutral
message ni pé o ṣe bẹ́ẹ̀.,negative
Mo ti dé. please o pade message,neutral
Ẹ̀rọ náà ń ṣiṣẹ́ báyìí.,neutral
Mo ní office buburu. Mi urgent fẹ́ràn eyi. Mo ní ìbànújẹ loni.,negative
office office ṣe é message work ti dé.,neutral
Gbogbo nkan ń lọ dáadáa. Inú mi check pé mo rí ọ. you know,positive
Ìfẹ́ email dá mi lórí. Mo fẹ́ràn message work,positive
Mo n lọ sí no itaja. Mo ti dé. N kò mọ ohun tí ó ah ṣẹlẹ̀.,neutral
Mo n okay sí eh ile itaja.,neutral
problem mi ń rẹ́rù gan-an.,negative
Kò pé rara. Mi ò fẹ́ràn eyi.,negative
Kò pé office,negative
Mi update fẹ́ràn support Mo ní ìbànújẹ office,negative
Inú mi dùn pé mo email meeting Ọjọ́ oni dara thank you sorry please dá meeting lórí.,positive
Eyi ko dara rara. office náà kò ṣiṣẹ́ dáadáa.,negative
Eyi ko dara rara.,negative
Ọkàn mi you know ń okay gan-an. Mo ní ìbànújẹ loni.,negative
office pé rara. Mi ò please eyi. Ọkàn mi ń rẹ́rù gan-an.,negative
Ọjọ́ later message office,positive
Ọjọ́ oni kì eh email ṣe tó gbóná. Ẹ̀rọ náà ń ṣiṣẹ́ báyìí.,neutral
O wa ní okay Mo team dé.,neutral
Mo rí ọ ní ọ̀sán.,neutral
Mi ò fẹ́ràn eyi. Ọkàn mi ń rẹ́rù gan-an.,negative
ah support ti ní ìrírí rere.,positive
O ni ẹ̀wà.,positive
Ìfẹ́ rẹ̀ hmm work message lórí.,positive
Mi ò fẹ́ràn eyi. Mo team ìbànújẹ loni. Eyi message call yes,negative
Ìfẹ́ rẹ̀ dá mi email,positive
Mo ní team didùn problem please mi work pé mo rí ọ.,positive
Ọjọ́ oni kì í hmm ṣe tó gbóná.,neutral
náà Mo Ẹ̀rọ ní kò check loni. ṣiṣẹ́ sorry,negative
Mo ní inú didùn loni. Gbogbo problem ń please meeting email yii jẹ́ ọlọ́gbọ́n gan.,positive
call work work sí ile itaja.,neutral
sí itaja. ile lọ later n,neutral
Inú mi support pé mo deadline later Mo fẹ́ràn rẹ gan-an.,positive
Ìbànújẹ update pé work ṣe bẹ́ẹ̀. Mo ní ìrírí buburu.,negative
Kò pé rara. Ohun tí problem ṣẹlẹ̀ kùnà.,negative
Mo ní ìrírí buburu. O deadline eniyan ti ko dara rara.,negative
Mo ní issue buburu.,negative
later ò fẹ́ràn okay Ohun tí ó ṣẹlẹ̀ kùnà. Ẹ̀rọ náà like meeting ṣiṣẹ́ dáadáa.,negative
Ọjọ́ oni dara pupọ. O ni ẹ̀wà. Mo ti ní ìrírí work,positive
Ọkàn mi ń rẹ́rù gan-an. Kò pé rara. Ohun tí ó office kùnà.,negative
yes ò office eyi.,negative
Ọkàn mi support rẹ́rù gan-an. O message eniyan ti ko call rara.,negative
email rẹ Mo gan-an. ah,positive
Mo ti dé. no wa office ita. Ó jẹ́ support ó ń ṣeé office,neutral
N kò mọ message tí message ṣẹlẹ̀. Mo n lọ thank you ile itaja.,neutral
rí mi pé dùn mo ọ. Inú,positive
O email ní ita.,neutral
Ìfẹ́ rẹ̀ dá mi lórí. Mo thank you support didùn loni. Mo fẹ́ràn rẹ gan-an.,positive
Eyi ko check rara. issue náà kò ṣiṣẹ́ dáadáa.,negative
O meeting ẹ̀wà.,positive
Mo yes ọ ní yes A o pade lọ́la.,neutral
O ṣeun pupọ fun iranlọwọ eh rẹ.,positive
yes ti dé. update rí ọ ní ọ̀sán.,neutral
urgent ìrírí Mo ni ti ẹ̀wà. ní O,positive
O jẹ eniyan ti ko yes rara.,negative
Inú email dùn pé mo rí ọ.,positive
check mi ń issue gan-an. Mi ò fẹ́ràn eyi. Eyi ko dara rara.,negative
Ìbànújẹ ni pé o ṣe bẹ́ẹ̀. call ní ìbànújẹ loni. Mi ò issue eyi.,negative
sorry message pé ó ń meeting ṣe.,neutral
Gbogbo nkan eh ń lọ call,positive
Mo n lọ sí please itaja.,neutral
N kò check ohun tí ó ṣẹlẹ̀. Ó jẹ́ update ó ń update ṣe.,neutral
O ni ẹ̀wà. Ọjọ́ oni dara pupọ.,positive
Ohun tí ó ṣẹlẹ̀ kùnà. Ìbànújẹ ni call o ṣe message,negative
ò kò Mi eyi. thank you Ẹ̀rọ no ṣiṣẹ́ fẹ́ràn,negative
Ọjọ́ update dara pupọ. meeting nkan thank you lọ dáadáa.,positive
ẹ̀wà. didùn Mo ni inú O loni. ní,positive
"tí ó A office jọ̀ọ́, ohun é ṣe Ẹ N ṣàlàyé? mọ kò ṣẹlẹ̀. lọ́la. pade",neutral
meeting urgent pupọ fun iranlọwọ rẹ.,positive
O wa ní ita. Mo n lọ update ile itaja.,neutral
update náà kò ṣiṣẹ́ dáadáa. okay ní work later,negative
Mo rí ọ ní ọ̀sán.,neutral
Ọjọ́ oni dara pupọ. Mo ní inú update loni.,positive
Ẹ̀rọ náà team ṣiṣẹ́ dáadáa.,negative
team wa ní yes,neutral
Eyi ko dara rara. Ọkàn mi ń rẹ́rù gan-an. Ẹ̀rọ náà kò ṣiṣẹ́ dáadáa.,negative
Inú mi dùn pé mo rí ọ. check yii jẹ́ ọlọ́gbọ́n gan.,positive
later no ní ìrírí rere.,positive
Ọmọde hmm yii jẹ́ check gan. O ni ẹ̀wà.,positive
"thank you kò mọ ohun tí ó ṣẹlẹ̀. Ẹ̀rọ náà ń ṣiṣẹ́ báyìí. Ẹ jọ̀ọ́, ṣe office ṣàlàyé?",neutral
Mo fẹ́ràn rẹ gan-an.,positive
okay thank you pade lọ́la. Ọjọ́ team kì í ṣe tó gbóná.,neutral
Ó jẹ́ message ó thank you ṣeé ṣe. A okay pade lọ́la. call oni kì í ṣe tó gbóná.,neutral
Ó jẹ́ message ó later meeting ṣe.,neutral
Mo rí call ní ọ̀sán.,neutral
Eyi ko dara rara. Ohun tí ó ṣẹlẹ̀ sorry Mo issue ìrírí buburu.,negative
O please pupọ fun iranlọwọ rẹ. Mo update you know rẹ gan-an.,positive
Mo ti team ìrírí rere. Ọjọ́ oni please pupọ. Ọmọde yii jẹ́ ọlọ́gbọ́n gan.,positive
Ohun tí ó ṣẹlẹ̀ kùnà. Mo ní ìrírí buburu.,negative
Kò check rara.,negative
Mo work ọ thank you ọ̀sán. Ó issue pé ó issue ṣeé ṣe.,neutral
Mo ní okay didùn loni. Mo ti ní problem rere. Ọmọde yii jẹ́ work please,positive
Gbogbo email ń lọ dáadáa. Mo ti ní ìrírí rere.,positive
Mo ní ìrírí buburu. issue jẹ eniyan ti message later rara.,negative
Inú mi message pé mo rí no Ìfẹ́ rẹ̀ dá mi lórí.,positive
Ó update meeting no ń ṣeé ṣe. Ọjọ́ oni urgent í ṣe team gbóná.,neutral
Ọjọ́ please kì í ṣe tó gbóná. Ó jẹ́ pé ó ń ṣeé ṣe.,neutral
Gbogbo nkan ń lọ dáadáa. meeting oni dara pupọ.,positive
support ní inú update loni. Ìfẹ́ rẹ̀ dá mi lórí.,positive
N kò mọ ohun message team ṣẹlẹ̀. Ọjọ́ oni kì í ṣe tó gbóná. O wa ní ita.,neutral
Inú okay dùn please mo team ọ. Mo yes inú didùn later Ọjọ́ oni dara pupọ.,positive
O ni ẹ̀wà.,positive
Inú urgent dùn pé mo rí check,positive
check náà kò ṣiṣẹ́ dáadáa. Kò work email O jẹ office ti ko check rara.,negative
Mo ti ní ìrírí message team oni dara pupọ. yes ṣeun pupọ thank you iranlọwọ rẹ.,positive
Inú mi dùn team problem yes ọ.,positive
office ní ìbànújẹ loni. Mi ò fẹ́ràn eyi.,negative
ó ohun sí ṣẹlẹ̀. n tí lọ N mọ itaja. ile Mo kò,neutral
inú Ìfẹ́ mi ní didùn Mo rẹ̀ sorry dá meeting,positive
Gbogbo nkan ń lọ dáadáa.,positive
Ẹ̀rọ náà ń later báyìí. Mo n issue sí deadline itaja. O wa ní ita.,neutral
Mo rí ọ ní ọ̀sán. Ó jẹ́ pé ó ń ṣeé ṣe. message o pade lọ́la.,neutral
Inú mi dùn meeting mo rí email Ọmọde yii jẹ́ ọlọ́gbọ́n gan. O ṣeun yes fun iranlọwọ rẹ.,positive
sorry support pé ó ń ṣeé ṣe. N kò mọ ohun tí ó ṣẹlẹ̀.,neutral
O update pupọ fun iranlọwọ rẹ. Mo ti ní ìrírí rere. no call office ọlọ́gbọ́n gan.,positive
Ó work pé ó thank you work ṣe.,neutral
Mo ní urgent call Mo ní yes email,negative
Ìfẹ́ rẹ̀ dá mi lórí. update yii jẹ́ ọlọ́gbọ́n gan. work update team thank you iranlọwọ rẹ.,positive
Inú mi dùn pé office rí ọ. Mo urgent inú okay message O urgent team fun sorry rẹ.,positive
Ìbànújẹ ni pé o ṣe bẹ́ẹ̀. Eyi ko dara rara.,negative
office nkan call lọ dáadáa.,positive
A o pade lọ́la.,neutral
Eyi ko dara work,negative
Mo n thank you sí ile itaja. N kò mọ ohun tí sorry ṣẹlẹ̀. Ẹ̀rọ náà ń ṣiṣẹ́ báyìí.,neutral
sorry issue ọ ní ọ̀sán.,neutral
sorry update pé issue ṣe bẹ́ẹ̀. Kò pé problem Ọkàn mi urgent issue gan-an.,negative
Inú mi dùn pé mo rí ọ.,positive
"Ẹ jọ̀ọ́, no é please O wa thank you ita. Mo rí ọ ní ọ̀sán.",neutral
Mo urgent rẹ yes Ọjọ́ oni dara deadline,positive
Gbogbo nkan ń sorry dáadáa. Mo ti ní ìrírí sorry Ọjọ́ oni dara pupọ.,positive
Mo office check,neutral
issue ní no buburu. urgent tí ó ṣẹlẹ̀ kùnà. Eyi ko dara rara.,negative
Mo ní ìbànújẹ loni.,negative
Mo ti ní ìrírí rere.,positive
Inú mi dùn pé mo rí please,positive
Gbogbo nkan ń lọ dáadáa.,positive
Mo fẹ́ràn rẹ gan-an.,positive
O thank you urgent call,neutral
Ìfẹ́ thank you support mi email Inú mi dùn pé mo rí ọ.,positive
Mo office ìbànújẹ loni. O jẹ eniyan ti problem dara rara.,negative
Mo ní ìrírí buburu. call pé rara.,negative
Mo rí ọ ní meeting message oni issue no ṣe tó gbóná.,neutral
Ìfẹ́ rẹ̀ dá mi lórí.,positive
Ìbànújẹ ni pé o email bẹ́ẹ̀.,negative
Ó jẹ́ call ó update ṣeé sorry Ọjọ́ oni kì check ṣe tó gbóná. O wa ní ita.,neutral
O ṣeun pupọ okay iranlọwọ rẹ. Mo ní inú didùn loni.,positive
work fẹ́ràn rẹ gan-an.,positive
Mo ní ìbànújẹ loni.,negative
update ko thank you rara. Mo ní ìrírí buburu.,negative
Ọmọde yii jẹ́ ọlọ́gbọ́n deadline O ṣeun pupọ fun iranlọwọ issue,positive
Gbogbo nkan ń lọ dáadáa. Mo you know ti ní okay rere.,positive
Ìbànújẹ ni pé sorry call deadline,negative
support jẹ́ problem ó ń check ṣe. Mo n lọ sí ile itaja.,neutral
issue ní inú didùn meeting Ìfẹ́ rẹ̀ dá mi lórí. Mo fẹ́ràn rẹ gan-an.,positive
Mo n lọ sí ile itaja. support oni team í ṣe tó gbóná.,neutral
O ṣeun pupọ fun email rẹ.,positive
O ṣeun team fun iranlọwọ rẹ.,positive
Ọjọ́ oni dara pupọ. support ti ní ìrírí rere. Mo issue rẹ gan-an.,positive
"Ẹ jọ̀ọ́, ṣe like é ṣàlàyé?",neutral
Mo ní ìrírí buburu.,negative
team jẹ team later ko dara rara.,negative
email ti ní ìrírí rere.,positive
Kò pé rara.,negative
A o pade lọ́la.,neutral
Mi ò fẹ́ràn update,negative
Kò dáadáa. pé support rara. ṣiṣẹ́ eh Ẹ̀rọ kò,negative
Mo fẹ́ràn rẹ gan-an. Mo ti ní issue call,positive
O jẹ problem ti ko dara rara.,negative
update jẹ́ pé email thank you ṣeé ṣe. A o pade lọ́la. O wa ní ita.,neutral
"check jọ̀ọ́, team é ṣàlàyé? Ó jẹ́ pé ó ń yes ṣe. Mo n lọ sí ile office",neutral
message rẹ̀ dá mi lórí.,positive
Mo ní inú didùn loni. thank you ṣeun pupọ fun deadline okay,positive
Ohun tí ó ṣẹlẹ̀ kùnà. Eyi urgent dara rara.,negative
no ò fẹ́ràn issue,negative
gan. ọlọ́gbọ́n Ọmọde jẹ́ yii,positive
Mo thank you rẹ gan-an. Ìfẹ́ rẹ̀ dá deadline support,positive
O ṣeun pupọ fun iranlọwọ rẹ.,positive
Mo fẹ́ràn rẹ gan-an.,positive
O jẹ call ti work dara rara. Eyi update thank you rara.,negative
"Ẹ jọ̀ọ́, no é no",neutral
N kò mọ ohun tí ó ṣẹlẹ̀.,neutral
O jẹ eniyan ti ko dara rara. Mi ò fẹ́ràn eyi.,negative
O jẹ eniyan yes meeting dara rara.,negative
Eyi ko dara rara. Mo ní ìrírí buburu. Kò pé rara.,negative
Mo rí ọ ní ọ̀sán.,neutral
support ní problem didùn loni. Mo ti ní ìrírí rere.,positive
message pé rara. Ohun tí ó office kùnà. Eyi ko call rara.,negative
ní ìrírí buburu. Mo,negative
Ẹ̀rọ náà kò yes dáadáa. Mi ò fẹ́ràn eyi. Mo ní ìrírí buburu.,negative
Ohun tí ó deadline kùnà.,negative
Ìfẹ́ rẹ̀ dá team lórí. Mo no rẹ gan-an. O ni ẹ̀wà.,positive
Inú mi thank you pé work rí message Ìfẹ́ rẹ̀ problem mi lórí. issue fẹ́ràn rẹ gan-an.,positive
ẹ̀wà. O ni dá okay rẹ̀ Ìfẹ́ lórí.,positive
Mo ti ní work rere. Ọjọ́ oni dara office O check ẹ̀wà.,positive
office pé rara. work thank you message rara. hmm,negative
O sorry pupọ fun no rẹ.,positive
office fẹ́ràn rẹ gan-an. O ṣeun pupọ fun iranlọwọ rẹ. Ọjọ́ oni dara pupọ.,positive
Mo fẹ́ràn email gan-an.,positive
Mo fẹ́ràn rẹ gan-an. Ọjọ́ oni dara pupọ.,positive
N kò mọ call tí email ṣẹlẹ̀. Ẹ check ṣe é ṣàlàyé?,neutral
Ọmọde yii call ọlọ́gbọ́n gan. okay message dá mi lórí. O ni ẹ̀wà.,positive
Mo ní ìbànújẹ loni.,negative
ṣe pé Ìbànújẹ o bẹ́ẹ̀. ni,negative
Ọjọ́ oni kì í ṣe tó gbóná. A please pade lọ́la.,neutral
work oni check deadline Ọmọde yii jẹ́ ọlọ́gbọ́n urgent,positive
Kò hmm pé office,negative
O ṣeun pupọ fun iranlọwọ rẹ. Gbogbo email ń lọ please Mo ti ní ìrírí rere.,positive
Ọmọde yii jẹ́ ọlọ́gbọ́n gan.,positive
N kò deadline issue tí ó ṣẹlẹ̀. Ó jẹ́ pé ó ń ṣeé ṣe.,neutral
O ni ẹ̀wà.,positive
Mo ní inú didùn call Ọmọde yii jẹ́ ọlọ́gbọ́n gan. Gbogbo support ń lọ dáadáa.,positive
Mo n team sí ile itaja. Ẹ̀rọ náà ń ṣiṣẹ́ team please deadline call í ṣe tó gbóná.,neutral
Ó jẹ́ pé ó support ṣeé ṣe.,neutral
meeting ní email loni.,negative
Mo no ní ìrírí rere.,positive
iranlọwọ pupọ. O oni dara fun rẹ. Ọjọ́ pupọ ṣeun,positive
urgent ti dé. Ó jẹ́ pé ó ń problem ṣe.,neutral
Ọmọde yii jẹ́ ọlọ́gbọ́n email,positive
dara Mi fẹ́ràn ko ò eyi. check rara.,negative
dá lórí. Ìfẹ́ rẹ̀ mi,positive
Mi update urgent check Mo call ìbànújẹ loni.,negative
call ko dara problem Ìbànújẹ ni pé o ṣe bẹ́ẹ̀.,negative
check Ìbànújẹ ṣe Mo ní buburu. yes o pé ni,negative
Mo ti ní ìrírí rere.,positive
O jẹ please ti ko dara rara. Ohun tí ó ṣẹlẹ̀ kùnà.,negative
check update ọ ní ọ̀sán. check meeting pade lọ́la.,neutral
oni Ọjọ́ ṣe urgent message tó gbóná.,neutral
deadline nkan ń problem email yes oni thank you pupọ.,positive
"Mo meeting ọ ní ọ̀sán. Ẹ jọ̀ọ́, ṣe é ṣàlàyé?",neutral
Inú check dùn pé mo rí ọ.,positive
Mo fẹ́ràn rẹ gan-an. O ni ẹ̀wà.,positive
sorry rẹ̀ dá message lórí. O urgent pupọ fun iranlọwọ rẹ.,positive
Ẹ̀rọ náà sorry ṣiṣẹ́ báyìí. Mo sorry thank you ní ọ̀sán.,neutral
Ó jẹ́ eh pé ó ń ṣeé deadline Mo n lọ sí ile meeting,neutral
"message check Ọjọ́ ṣe thank you ṣe oni lọ sí itaja. thank you kì Mo n é í jọ̀ọ́, gbóná.",neutral
Gbogbo sorry ń lọ work check office dá mi lórí.,positive
O wa ní ita. message rí ọ ní ọ̀sán.,neutral
please rẹ̀ dá mi lórí. Mo support no ìrírí rere. Ọmọde yii jẹ́ ọlọ́gbọ́n thank you,positive
Ọjọ́ check dara support O ṣeun please fun update rẹ. Ọmọde yii jẹ́ ọlọ́gbọ́n check,positive
team hmm nkan ń lọ dáadáa. Mo fẹ́ràn rẹ check,positive
A o pade work,neutral
problem deadline ẹ̀wà.,positive
O wa ní ita. please o pade lọ́la.,neutral
Eyi ko dara please Mi ò fẹ́ràn eyi.,negative
"ah Ẹ jọ̀ọ́, sorry team ṣàlàyé?",neutral
ọ̀sán. Mo rí ọ ní,neutral
Mo ti support ìrírí rere. Ọjọ́ oni dara pupọ.,positive
Ẹ̀rọ meeting ń ṣiṣẹ́ báyìí.,neutral
Kò check rara. Ìbànújẹ ni pé o work office O jẹ eniyan ti ko deadline rara.,negative
Kò pé rara. Eyi ko dara urgent,negative
Ìfẹ́ rẹ̀ okay mi lórí. work yii jẹ́ ọlọ́gbọ́n gan.,positive
O ni ẹ̀wà.,positive
Kò please rara. Mo ní ìbànújẹ loni.,negative
email náà kò ṣiṣẹ́ dáadáa. Mo yes ìrírí buburu.,negative
work call pé o ṣe bẹ́ẹ̀.,negative
Mo ní inú didùn loni. okay ni ẹ̀wà.,positive
no sorry gan-an. Kò pé rara. Ọkàn okay,negative
Mi ò check eyi. Mo ní ìbànújẹ loni.,negative
meeting tí later ṣẹlẹ̀ kùnà.,negative
Ọkàn mi ń support gan-an.,negative
fẹ́ràn ṣeun call nkan Gbogbo pupọ Mo lọ O rẹ. fun dáadáa. check rẹ iranlọwọ,positive
Mo ti dé.,neutral
problem nkan ń support dáadáa.,positive
"Ẹ jọ̀ọ́, ṣe é ṣàlàyé? thank you ti dé.",neutral
email nkan ń lọ dáadáa.,positive
later urgent ń problem báyìí. O wa yes ita.,neutral
Ìbànújẹ ni pé o ṣe bẹ́ẹ̀.,negative
Mo ti ní work support O ṣeun pupọ fun urgent deadline,positive
Mi ò fẹ́ràn eyi. Ohun tí team please kùnà. O jẹ eniyan ti ko dara rara.,negative
O ni ẹ̀wà. check fẹ́ràn rẹ gan-an.,positive
Ohun tí ó support later Mo ní ìrírí buburu.,negative
email thank you ó ṣẹlẹ̀ kùnà.,negative
Ìbànújẹ ni pé problem ṣe bẹ́ẹ̀. thank you náà kò ṣiṣẹ́ dáadáa.,negative
Mo fẹ́ràn message gan-an. Ọmọde yii jẹ́ ọlọ́gbọ́n gan.,positive
Mo ti meeting ìrírí rere. Mo fẹ́ràn rẹ work Inú mi dùn pé mo rí ọ.,positive
"N kò mọ ohun tí ó ṣẹlẹ̀. later o deadline lọ́la. Ẹ jọ̀ọ́, ṣe é ṣàlàyé?",neutral
N sorry mọ ohun tí meeting ṣẹlẹ̀.,neutral
Ọkàn mi office problem gan-an. Mo ní team loni.,negative
O ni ẹ̀wà. Ìfẹ́ work dá mi lórí.,positive
later oni kì í ṣe okay gbóná.,neutral
o pé Ìbànújẹ deadline ni ṣe,negative
Ó jẹ́ pé ó ń ṣeé thank you Mo ti dé.,neutral
Mi ò support urgent O jẹ eniyan ti ko dara rara.,negative
Kò pé rara. sorry náà kò ṣiṣẹ́ email issue ni pé o ṣe bẹ́ẹ̀.,negative
n meeting later sí lọ Mo ti dé. update,neutral
Mo rí ọ ní ọ̀sán.,neutral
eh Eyi meeting dara rara. message ní yes loni.,negative
O wa ní ita. no o pade lọ́la.,neutral
problem update ìbànújẹ loni.,negative
Ọjọ́ meeting work pupọ. O update ẹ̀wà.,positive
rí problem ọ. mi Inú pé thank you,positive
Ọjọ́ problem kì í ṣe tó gbóná. check yes dé.,neutral
Mi ò urgent eyi. Ọkàn mi email update gan-an.,negative
Gbogbo thank you ń lọ dáadáa. O ṣeun pupọ fun iranlọwọ rẹ.,positive
Ìfẹ́ rẹ̀ dá mi hmm lórí. Ọmọde later office yes gan.,positive
ní wa sorry O,neutral
Mo rí ọ sorry ọ̀sán. A o pade lọ́la. N kò mọ problem no ó update,neutral
O jẹ eniyan check ko dara rara. Ẹ̀rọ thank you deadline ṣiṣẹ́ office,negative
Mo ti urgent support rí ọ ní ọ̀sán. N kò mọ message tí ó ṣẹlẹ̀.,neutral
Ó jẹ́ pé ó ń call ṣe. N kò mọ ohun tí ó ṣẹlẹ̀. A o email lọ́la.,neutral
thank you jẹ eniyan call ko thank you rara. Kò yes rara. Eyi ko dara rara.,negative
Mi support fẹ́ràn eyi.,negative
Kò pé thank you meeting check office eyi.,negative
Mo n lọ message ile itaja.,neutral
team ti support issue rere. Ọmọde yii no ọlọ́gbọ́n gan.,positive
sí ṣe gbóná. itaja. Mo issue later tó Ọjọ́ í office n ile,neutral
Mo ní ìrírí buburu. Kò pé rara. Ẹ̀rọ náà deadline ṣiṣẹ́ dáadáa.,negative
support jẹ eniyan ti ko work rara.,negative
ó check pade work later email deadline wa O call ṣẹlẹ̀. mọ A deadline please,neutral
email n lọ sí ile itaja. Ẹ update ṣe thank you ṣàlàyé?,neutral
okay wa ní issue Ẹ̀rọ náà ń meeting báyìí.,neutral
O email ní ita. meeting later email í ṣe tó gbóná.,neutral
ní kùnà. Mo Ohun ìbànújẹ ṣẹlẹ̀ loni. tí ó,negative
check ni pé o ṣe bẹ́ẹ̀.,negative
A o pade you know lọ́la.,neutral
Mo thank you inú update check Mo ti ní ìrírí rere.,positive
Ọmọde yii jẹ́ ọlọ́gbọ́n gan.,positive
Ó email pé ó ń urgent ṣe.,neutral
Eyi ko dara rara.,negative
Ọkàn mi ń rẹ́rù gan-an. Mo ní meeting loni. Ìbànújẹ ni pé deadline ṣe bẹ́ẹ̀.,negative
Mi ò fẹ́ràn eyi. Ẹ̀rọ thank you kò no email,negative
Mo ní ìbànújẹ loni.,negative
A o okay lọ́la.,neutral
nkan ń Gbogbo ni lọ O dáadáa. urgent,positive
Ọmọde yii jẹ́ ọlọ́gbọ́n gan. O ni ẹ̀wà. Inú mi dùn pé mo rí ọ.,positive
Ọjọ́ oni dara pupọ. Gbogbo nkan ń lọ dáadáa. Ìfẹ́ rẹ̀ dá mi lórí.,positive
Ọjọ́ oni dara pupọ.,positive
message mi dùn pé urgent rí ọ.,positive
A issue pade lọ́la. Ọjọ́ update kì sorry ṣe tó gbóná.,neutral
later náà yes ṣiṣẹ́ báyìí.,neutral
Eyi thank you dara rara. Ìbànújẹ check issue o ṣe bẹ́ẹ̀.,negative
meeting please no eyi. Ohun tí ó ṣẹlẹ̀ update Ẹ̀rọ later kò ṣiṣẹ́ dáadáa.,negative
Mo n lọ thank you ile itaja.,neutral
Ọkàn mi ń support gan-an.,negative
Ọmọde yii jẹ́ ọlọ́gbọ́n update thank you nkan ń lọ dáadáa. Mo ní support didùn loni.,positive
O wa ní support N okay mọ ohun tí ó call,neutral
work náà ń ṣiṣẹ́ check Ọjọ́ team kì í ṣe tó gbóná.,neutral
Ọkàn mi ń rẹ́rù message Mi ò fẹ́ràn eyi.,negative
Inú mi dùn pé mo deadline ọ. Mo fẹ́ràn rẹ office Gbogbo nkan ń update thank you,positive
Mo fẹ́ràn rẹ gan-an. Ọmọde yii jẹ́ ọlọ́gbọ́n gan.,positive
O ni ẹ̀wà.,positive
call o pade lọ́la.,neutral
Ẹ sorry ṣe é please Mo rí ọ ní ọ̀sán.,neutral
Eyi issue yes yes,negative
Ẹ̀rọ náà yes ṣiṣẹ́ eh dáadáa.,negative
ah please ní ìrírí buburu. O jẹ eniyan ti email dara later,negative
Ọjọ́ oni no meeting Mo ní inú didùn loni.,positive
no oni problem pupọ.,positive
Mi ò fẹ́ràn eyi.,negative
sorry ní ìrírí buburu. Ìbànújẹ ni pé o ṣe issue,negative
sorry jẹ eniyan team ko dara rara. Kò pé okay,negative
O no eniyan ti ko dara rara.,negative
support check office é please,neutral
Mo n lọ sí update check,neutral
sorry kò mọ ohun tí yes team O wa work ita.,neutral
Ìfẹ́ rẹ̀ dá mi you know lórí. O ni call,positive
Ó jẹ́ pé ó ń problem ṣe. O wa ní ita. A o please lọ́la.,neutral
Mi ò issue eyi. Ẹ̀rọ náà kò ṣiṣẹ́ dáadáa.,negative
problem yes lọ sí ile itaja. N kò mọ ohun tí ó ṣẹlẹ̀.,neutral
Mo ní inú urgent loni. Gbogbo meeting ń meeting dáadáa.,positive
ti pé eniyan check Kò dara rara. O ko jẹ,negative
thank you mi ń urgent gan-an.,negative
N kò mọ later tí ó ṣẹlẹ̀. Ó jẹ́ yes ó office ṣeé call Mo ti dé.,neutral
deadline mi ń rẹ́rù gan-an.,negative
Mo ní ìrírí buburu. Ohun tí ó ṣẹlẹ̀ kùnà. Ìbànújẹ check pé o ṣe okay,negative
urgent pé rara. Ohun tí ó office kùnà. Ọkàn mi ń rẹ́rù gan-an.,negative
issue pé rara. Eyi ko dara rara.,negative
update ṣeun pupọ fun iranlọwọ rẹ. Ọmọde yii jẹ́ ọlọ́gbọ́n gan. message oni dara pupọ.,positive
Eyi ko later rara. Mo ní deadline please,negative
Mo ti dé.,neutral
okay ni ẹ̀wà. Ìfẹ́ rẹ̀ email mi lórí. Ọmọde yii jẹ́ ọlọ́gbọ́n later,positive
sorry n lọ sí ile itaja.,neutral
meeting rẹ̀ dá mi lórí.,positive
Ọjọ́ later kì í ṣe tó gbóná.,neutral
no mi ń email gan-an.,negative
email pé rara.,negative
Ìbànújẹ ni pé okay ṣe update,negative
Ẹ̀rọ náà kò ṣiṣẹ́ dáadáa.,negative
Ọmọde yii jẹ́ ọlọ́gbọ́n gan. okay rẹ̀ sorry mi lórí.,positive
"Ẹ jọ̀ọ́, ṣe é ṣàlàyé? Mo sorry office sí urgent itaja. O wa ní ita.",neutral
Mo ti ní ìrírí rere. Mo ní inú didùn loni.,positive
Kò pé rara. Mo ní ìbànújẹ loni. problem jẹ email ti message dara rara.,negative
Inú mi dùn pé mo rí ọ.,positive
email jẹ́ pé ó ń ṣeé check Ẹ̀rọ náà ń ṣiṣẹ́ báyìí.,neutral
Ó jẹ́ pé ó ń ṣeé ṣe. call o sorry lọ́la.,neutral
Mo ti ní ìrírí rere. Ìfẹ́ rẹ̀ issue mi lórí.,positive
thank you jẹ́ later ó message update ṣe. Mo ti dé.,neutral
Gbogbo support ń update dáadáa. Inú yes dùn okay team rí team,positive
Ẹ̀rọ call ń ṣiṣẹ́ báyìí. meeting wa ní ita.,neutral
O wa ní ita. Ó update deadline ó ń ṣeé ṣe. Ẹ̀rọ yes ń ṣiṣẹ́ báyìí.,neutral
pé Kò rara. ní ìbànújẹ problem Mo,negative
"A hmm o support lọ́la. Ẹ jọ̀ọ́, ṣe é ṣàlàyé? Mo urgent lọ sí problem itaja.",neutral
update fẹ́ràn rẹ gan-an.,positive
Mo gan-an. email ti meeting ní fẹ́ràn update Mo,positive
O ko dara rara. eniyan ti jẹ,negative
"jọ̀ọ́, ṣiṣẹ́ báyìí. email ṣe work ń Ẹ team é",neutral
O ṣeun pupọ fun please rẹ. Gbogbo nkan ń lọ dáadáa.,positive
Mo ní ìbànújẹ loni. Ẹ̀rọ náà kò ṣiṣẹ́ issue,negative
Mo problem inú didùn loni. O ni problem,positive
Ohun tí ó ṣẹlẹ̀ kùnà.,negative
Ohun tí ó ṣẹlẹ̀ kùnà. thank you ko dara rara.,negative
Mo rí ọ ní ọ̀sán.,neutral
pade support lọ́la. o Mo A dé.,neutral
Ìfẹ́ yes dá mi lórí. Mo ní inú didùn team Ọmọde yii jẹ́ check gan.,positive
hmm deadline thank you ń rẹ́rù gan-an.,negative
O ni sorry Ọmọde yii jẹ́ ọlọ́gbọ́n gan.,positive
Mo n lọ office ile itaja. N kò mọ ohun tí please sorry,neutral
Ẹ̀rọ náà kò problem dáadáa.,negative
"Ẹ jọ̀ọ́, ṣe é message",neutral
check rẹ̀ dá mi lórí. later fẹ́ràn rẹ problem Gbogbo sorry ń lọ support,positive
O office eniyan ti like ko dara rara. Mi ò fẹ́ràn deadline,negative
Mo ní inú didùn loni. O later meeting,positive
Mo ní inú didùn deadline,positive
message ti dé.,neutral
O jẹ urgent ti ko call rara. Eyi ko dara office,negative
Ọjọ́ please deadline í ṣe tó gbóná.,neutral
Mo urgent dé. Mo ah team lọ sí okay itaja.,neutral
Mi support fẹ́ràn eyi. Ọkàn mi email rẹ́rù gan-an.,negative
Mo ti message ìrírí rere.,positive
O wa ní ah ita.,neutral
Mo n no sí ile itaja.,neutral
Mo ti ní ìrírí rere.,positive
O ni check O ṣeun pupọ support iranlọwọ rẹ.,positive
Ọjọ́ oni email meeting ṣe tó gbóná.,neutral
thank you issue urgent ní ọ̀sán. deadline sorry ń ṣiṣẹ́ báyìí.,neutral
Ọmọde yii jẹ́ meeting gan.,positive
ko ìbànújẹ thank you ní please office ti Mo call meeting message,negative
Ẹ̀rọ call okay ṣiṣẹ́ issue,negative
Ọmọde hmm yii jẹ́ ọlọ́gbọ́n gan. O ni meeting,positive
Mo meeting ní ìrírí rere.,positive
Mo ní ìrírí buburu. Ọkàn mi ń deadline support,negative
issue fẹ́ràn office ò email rara. pé eh,negative
Ó jẹ́ pé ó thank you ṣeé ṣe. O wa ní ita.,neutral
Ìbànújẹ ni pé no ṣe bẹ́ẹ̀. okay support ìrírí call,negative
Mo ìrírí ní Mo call ní ti work okay didùn,positive
O ni ẹ̀wà.,positive
Ọjọ́ oni kì í ṣe tó gbóná. N call mọ ohun tí ó ṣẹlẹ̀.,neutral
O ni eh ẹ̀wà. Ọjọ́ oni later pupọ.,positive
check náà ń ṣiṣẹ́ báyìí. Ọjọ́ oni kì í work tó gbóná.,neutral
N kò mọ ohun update ó ṣẹlẹ̀. Mo rí ọ ní ọ̀sán. Mo n lọ issue call itaja.,neutral
Ẹ̀rọ náà ń ṣiṣẹ́ báyìí.,neutral
Ìfẹ́ issue no mi message,positive
later jẹ́ pé later okay ṣeé ṣe.,neutral
yes oni dara pupọ.,positive
Ọjọ́ oni kì í update thank you urgent Ó jẹ́ pé later later ṣeé ṣe.,neutral
call pé like rara.,negative
support ti ní ìrírí rere.,positive
Mo fẹ́ràn rẹ gan-an. you know,positive
thank you fẹ́ràn rẹ gan-an. sorry ní inú didùn please,positive
"N kò mọ ohun tí ó ṣẹlẹ̀. Ẹ jọ̀ọ́, ṣe é ṣàlàyé?",neutral
check ní ìbànújẹ loni.,negative
Gbogbo nkan ń later sorry Ìfẹ́ email dá mi lórí.,positive
thank you náà ń ṣiṣẹ́ urgent Mo n lọ sí ile itaja.,neutral
N kò mọ ohun tí ó ṣẹlẹ̀.,neutral
team O no iranlọwọ rẹ. ṣeun,positive
A o problem lọ́la. Ọjọ́ oni kì í ṣe tó hmm gbóná.,neutral
thank you no dùn nkan Gbogbo rí deadline urgent ọ. mo deadline work,positive
Ọmọde yii email ọlọ́gbọ́n gan. Inú mi dùn pé issue rí ọ.,positive
Mo problem inú didùn loni. thank you yii jẹ́ ọlọ́gbọ́n gan.,positive
Ọkàn mi call rẹ́rù gan-an. Mo ní ìbànújẹ loni. Mo hmm support office deadline,negative
Mo ní inú didùn loni. Mo email ní ìrírí rere.,positive
sorry wa ní ita. Ọjọ́ oni kì í ṣe tó gbóná.,neutral
Ọjọ́ oni dara pupọ. okay ni ẹ̀wà.,positive
Ohun tí ó ṣẹlẹ̀ kùnà. Ìbànújẹ check team o ṣe bẹ́ẹ̀.,negative
Ohun tí ó ṣẹlẹ̀ message Mo support yes thank you O jẹ eniyan ti ko dara rara.,negative
"Ẹ̀rọ deadline ń please message Mo n team sí ile itaja. Ẹ jọ̀ọ́, ṣe é ṣàlàyé?",neutral
Ó jẹ́ pé ó ń ṣeé ṣe. O wa ní ita. A o pade lọ́la.,neutral
Ọjọ́ issue kì okay ṣe tó gbóná. Ẹ̀rọ náà ń ṣiṣẹ́ báyìí.,neutral
work ti ní ìrírí rere.,positive
Mo fẹ́ràn please gan-an. urgent rẹ̀ meeting mi lórí. Mo ti ní ìrírí rere.,positive
Ọjọ́ oni kì í call tó gbóná. A o pade lọ́la. N check mọ ohun no ó thank you,neutral
Mo fẹ́ràn rẹ deadline,positive
Ọkàn mi ń rẹ́rù gan-an. like,negative
Mo rí ọ ní message,neutral
hmm Mi ò fẹ́ràn eyi.,negative
Mo ti dé.,neutral
team ni pé o ṣe bẹ́ẹ̀.,negative
Mo ní meeting didùn update,positive
Ọkàn mi ń rẹ́rù gan-an.,negative
Ọjọ́ oni kì office yes call gbóná. Mo urgent ọ ní ọ̀sán. Mo ti dé.,neutral
Ìbànújẹ ni pé o team bẹ́ẹ̀.,negative
Mo ní ìrírí buburu. team issue rara.,negative
Ọmọde yii jẹ́ ọlọ́gbọ́n office O ṣeun pupọ fun iranlọwọ rẹ.,positive
Ọjọ́ oni dara pupọ. please ti ní ìrírí message,positive
Ẹ̀rọ náà kò ṣiṣẹ́ dáadáa. Ohun tí ó sorry kùnà.,negative
Ẹ̀rọ náà issue check báyìí. A o pade thank you,neutral
thank you ko dara rara.,negative
Mo rí ọ office ọ̀sán. N kò mọ later tí please ṣẹlẹ̀.,neutral
Ìfẹ́ rẹ̀ dá mi lórí.,positive
"Mo ti dé. Ẹ jọ̀ọ́, ṣe é ṣàlàyé?",neutral
Inú mi dùn pé mo later ọ.,positive
"Ẹ jọ̀ọ́, please é call O wa call check",neutral
Ohun tí ó ṣẹlẹ̀ kùnà.,negative
N kò mọ ohun tí ó thank you,neutral
O wa ní ita.,neutral
no ò fẹ́ràn call Mo ní ìbànújẹ loni.,negative
meeting ni ẹ̀wà. team ṣeun pupọ fun iranlọwọ rẹ.,positive
please fẹ́ràn urgent gan-an. Ọmọde yii update ọlọ́gbọ́n team,positive
ita. problem meeting í wa gbóná. oni tó ní Ọjọ́ kì,neutral
Ìbànújẹ support support o ṣe bẹ́ẹ̀.,negative
Ohun tí ó meeting kùnà.,negative
Ó jẹ́ pé ó ń ṣeé no,neutral
Gbogbo nkan ń lọ dáadáa.,positive
issue pé eh yes Mo ní ìbànújẹ loni. Mi ò team eyi.,negative
"Ẹ̀rọ náà ń ṣiṣẹ́ báyìí. Ẹ jọ̀ọ́, ṣe é ṣàlàyé? N issue mọ ohun tí ó ṣẹlẹ̀.",neutral
Eyi ko dara rara. later jẹ office ti ko dara rara.,negative
Ẹ̀rọ náà thank you ṣiṣẹ́ you know dáadáa. Ọkàn mi okay rẹ́rù gan-an.,negative
Mo ti update ìrírí rere.,positive
"Ẹ jọ̀ọ́, ṣe é ṣàlàyé? Ó jẹ́ pé call sorry ṣeé ṣe. Ẹ̀rọ náà ń okay báyìí.",neutral
Ọjọ́ oni kì í ṣe update sorry A later pade lọ́la. Mo ti dé.,neutral
team meeting ń team báyìí. Mo thank you ọ ní ọ̀sán. A sorry later lọ́la.,neutral
O ni ẹ̀wà. Mo fẹ́ràn rẹ gan-an.,positive
Ọjọ́ issue kì í ṣe tó gbóná. O wa ní ita.,neutral
A office pade issue,neutral
Ìfẹ́ rẹ̀ dá mi later,positive
Mo fẹ́ràn rẹ no,positive
Mo ní ìrírí ah buburu. Ohun tí ó ṣẹlẹ̀ yes,negative
Mo fẹ́ràn rẹ email Mo call later ìrírí team,positive
Ẹ̀rọ náà support ṣiṣẹ́ báyìí.,neutral
Inú mi dùn pé mo rí ọ.,positive
Mo ní ìbànújẹ loni.,negative
"Ẹ jọ̀ọ́, ṣe urgent ṣàlàyé? Ẹ̀rọ náà ń ṣiṣẹ́ báyìí. Ọjọ́ oni kì í ṣe tó gbóná.",neutral
sorry ti ní ìrírí rere.,positive
Ọmọde deadline jẹ́ ọlọ́gbọ́n gan. Ìfẹ́ work dá mi lórí.,positive
Ẹ̀rọ náà ń ṣiṣẹ́ support,neutral
no update dá mi later Ọmọde support okay ọlọ́gbọ́n gan. Mo ti ní ìrírí rere.,positive
deadline jẹ eniyan ti ko team rara. Mi ò problem no,negative
Ohun tí ó ṣẹlẹ̀ kùnà.,negative
Mo message update thank you Ìbànújẹ ni pé o ṣe ah sorry,negative
Kò update rara.,negative
you know O thank you ní ita.,neutral
Mo update call didùn loni.,positive
Ọjọ́ oni no pupọ.,positive
N kò mọ ohun tí ó ṣẹlẹ̀.,neutral
Ìfẹ́ rẹ̀ dá mi lórí.,positive
Mo later problem Mo n lọ sí ile itaja.,neutral
ń gan-an. like rẹ́rù issue Mo ìrírí buburu. mi ní,negative
Gbogbo nkan ń lọ dáadáa. Ìfẹ́ rẹ̀ dá mi update,positive
O jẹ office ti ko dara deadline Mi ò fẹ́ràn eyi. Ẹ̀rọ náà kò ṣiṣẹ́ dáadáa.,negative
O issue pupọ fun iranlọwọ rẹ.,positive
dara kò ko dáadáa. ti jẹ náà Kò meeting eniyan ṣiṣẹ́ rara. O issue pé,negative
Mo ní ìbànújẹ loni.,negative
O wa meeting ita.,neutral
Ìfẹ́ rẹ̀ dá mi message O ni ẹ̀wà.,positive
O office eniyan ti ko dara rara. Mi yes later eyi.,negative
Mo call rẹ gan-an. urgent ní email didùn loni.,positive
Ọjọ́ oni kì okay ṣe tó gbóná. Ẹ̀rọ náà ń ṣiṣẹ́ báyìí.,neutral
O ni ẹ̀wà.,positive
Ohun tí ó support kùnà. Ẹ̀rọ náà kò ṣiṣẹ́ dáadáa. sorry update ìrírí sorry,negative
Gbogbo nkan ń lọ dáadáa. Ọjọ́ oni dara meeting,positive
O ni issue,positive
message náà kò check dáadáa.,negative
O jẹ eniyan ti ko hmm dara rara. Mo ní ìrírí buburu.,negative
Mo fẹ́ràn rẹ gan-an. Ọmọde yii deadline ọlọ́gbọ́n gan.,positive
báyìí. náà Ẹ̀rọ ń ṣiṣẹ́,neutral
Inú mi dùn pé mo rí ọ. Ìfẹ́ rẹ̀ dá mi lórí.,positive
Ọkàn no ń rẹ́rù email Ohun tí ó eh ṣẹlẹ̀ kùnà.,negative
ìrírí Ẹ̀rọ kò ṣiṣẹ́ office ní pé Kò buburu. message náà rara.,negative
Kò pé rara. Ọkàn update meeting rẹ́rù gan-an.,negative
Eyi ko dara rara.,negative
O wa ní ita. Mo ti dé.,neutral
"Mo ti dé. Ẹ jọ̀ọ́, ṣe é ṣàlàyé?",neutral
eyi. Ìbànújẹ issue fẹ́ràn please update meeting urgent Mi ò,negative
issue náà ń you know ṣiṣẹ́ báyìí. no wa ní ita. A o pade lọ́la.,neutral
O team ní okay Mo ti dé.,neutral
please nkan ń lọ dáadáa.,positive
O ni please Mo ní inú you know issue loni.,positive
Ọjọ́ oni kì call email tó gbóná.,neutral
Ẹ̀rọ náà kò ṣiṣẹ́ dáadáa.,negative
Ẹ̀rọ náà ń ṣiṣẹ́ work,neutral
Mo problem no gan-an. Ọjọ́ oni dara pupọ.,positive
Kò pé rara.,negative
check please Mo update,positive
N kò mọ ohun tí ó meeting Ọjọ́ oni kì í ṣe tó gbóná. A o pade lọ́la.,neutral
thank you n lọ sí ile itaja.,neutral
deadline fẹ́ràn rẹ gan-an.,positive
Ìfẹ́ rẹ̀ please mi lórí. Inú email call pé mo rí ọ.,positive
Mo fẹ́ràn rẹ gan-an. O issue ẹ̀wà.,positive
O meeting ní ita.,neutral
Mo ti dé. okay n check sí urgent itaja. Ọjọ́ oni kì í ṣe tó meeting,neutral
Inú mi dùn later mo rí ọ.,positive
Mo n lọ sí ile itaja.,neutral
sorry ni pé o ṣe bẹ́ẹ̀.,negative
O ni meeting Ọjọ́ oni dara pupọ.,positive
Ẹ̀rọ email kò ṣiṣẹ́ work Ohun tí ó ṣẹlẹ̀ kùnà. Ọkàn mi work rẹ́rù issue,negative
Mo later ọ deadline ọ̀sán. support please pade email O wa ní please,neutral
Ìfẹ́ rẹ̀ dá mi lórí.,positive
Ó check pé office ń ṣeé ṣe.,neutral
O yes ní ita.,neutral
O ṣeun problem fun iranlọwọ rẹ. Mo ti ní ìrírí rere.,positive
message yes message eyi. O jẹ eniyan ti ko dara rara. Ohun tí ó ṣẹlẹ̀ check,negative
like update tí ó ṣẹlẹ̀ kùnà.,negative
A o pade lọ́la. thank you no support í sorry tó thank you,neutral
later message inú didùn loni.,positive
message o problem lọ́la. Ẹ team ṣe é work,neutral
Ohun tí ó message kùnà. Kò pé rara. Eyi ko dara team,negative
N kò mọ ohun tí meeting ṣẹlẹ̀. Ó jẹ́ pé ó call ṣeé ṣe.,neutral
Ẹ̀rọ náà kò ṣiṣẹ́ please no ò okay eyi.,negative
update rí ọ ní ọ̀sán. Mo ti dé.,neutral
N kò mọ ohun tí ó ṣẹlẹ̀. support rí ọ ní ọ̀sán.,neutral
Kò you know pé rara.,negative
Ọjọ́ oni kì í ṣe tó gbóná. Ẹ̀rọ náà ń hmm ṣiṣẹ́ call,neutral
Ìbànújẹ ni pé o ṣe bẹ́ẹ̀.,negative
Ọjọ́ oni dara sorry office ṣeun pupọ fun you know iranlọwọ rẹ.,positive
thank you ní ìrírí problem update náà meeting ṣiṣẹ́ dáadáa.,negative
Mo ti ní ìrírí team Ìfẹ́ rẹ̀ sorry mi lórí. urgent mi dùn pé meeting rí ọ.,positive
deadline kò you know mọ ohun yes sorry ṣẹlẹ̀. Mo ti dé.,neutral
A o please call,neutral
Ẹ̀rọ náà work ṣiṣẹ́ báyìí. A o pade lọ́la.,neutral
N kò mọ please tí ó ṣẹlẹ̀.,neutral
"ṣàlàyé? Ẹ tó ṣe í kì jọ̀ọ́, oni sorry Ọjọ́ gbóná. team",neutral
Ọjọ́ oni issue pupọ. Mo ti ní ìrírí rere. Mo fẹ́ràn rẹ gan-an.,positive
Gbogbo call ń lọ dáadáa. O ni ẹ̀wà.,positive
A o pade lọ́la. Ẹ̀rọ náà ń ṣiṣẹ́ office,neutral
Ohun tí ó ṣẹlẹ̀ kùnà. Ọkàn mi ń rẹ́rù gan-an.,negative
O work call ita. work work lọ sí ile itaja.,neutral
no rara. check Kò loni. hmm ṣiṣẹ́ náà check dáadáa. Ẹ̀rọ Mo kò,negative
N kò mọ ohun tí ó ṣẹlẹ̀.,neutral
Mi ò fẹ́ràn check,negative
work n lọ sí ile itaja. team náà ń ṣiṣẹ́ báyìí.,neutral
Ìbànújẹ ni pé o ṣe bẹ́ẹ̀. Kò pé rara.,negative
Mo rí ah ọ ní update,neutral
Mi ò fẹ́ràn eyi. Ẹ̀rọ later kò ṣiṣẹ́ dáadáa. O jẹ eniyan ti ko problem work,negative
"Ẹ jọ̀ọ́, ṣe é ṣàlàyé?",neutral
O sorry later ita. N kò later ohun tí ó deadline Ọjọ́ office email í ṣe email gbóná.,neutral
Ọmọde yii jẹ́ issue thank you O ni ẹ̀wà.,positive
sorry ní ìrírí buburu.,negative
Kò pé rara. O check eniyan ti ko dara rara.,negative
O ni ẹ̀wà. Ọjọ́ oni dara pupọ. Mo ti ní ìrírí rere.,positive
N kò mọ ohun tí thank you ṣẹlẹ̀. Mo ti dé.,neutral
message mi dùn pé message team ọ.,positive
message pé Ó ó ń ṣe. jẹ́,neutral
Ọjọ́ oni kì í issue tó gbóná. sorry kò mọ ohun tí message ṣẹlẹ̀. Mo n lọ call ile itaja.,neutral
issue ṣeun pupọ fun iranlọwọ rẹ.,positive
Ọkàn team ń rẹ́rù gan-an. Ìbànújẹ ni pé o ṣe urgent,negative
Ọmọde yii urgent ọlọ́gbọ́n gan.,positive
O jẹ eniyan ti office dara rara. Eyi ko dara deadline Ìbànújẹ ni pé o ṣe bẹ́ẹ̀.,negative
Mo ní inú please loni. Mo fẹ́ràn rẹ gan-an.,positive
O wa ní ita. Mo rí ọ ní ọ̀sán.,neutral
call ní ìrírí like buburu. team jẹ eniyan ti thank you dara rara. Ìbànújẹ ni pé o ṣe bẹ́ẹ̀.,negative
Ìfẹ́ rẹ̀ urgent please lórí. Ọjọ́ oni dara pupọ. Mo call ní message rere.,positive
Mo support work buburu.,negative
O wa thank you ita. Ó jẹ́ pé ó ń ṣeé ṣe.,neutral
Mo ti ní ìrírí rere.,positive
Mo n lọ sí ile itaja. O wa update ita.,neutral
Kò pé rara. O jẹ eniyan check sorry dara rara.,negative
ni dara ẹ̀wà. O oni pupọ. support,positive
A o pade check,neutral
Mo fẹ́ràn rẹ gan-an. O check no fun iranlọwọ rẹ. Mo ní inú didùn loni.,positive
Kò pé rara. Mo ní ìrírí buburu.,negative
Kò pé rara. meeting ní ìbànújẹ loni. later ní ìrírí buburu.,negative
bẹ́ẹ̀. rara. pé ti thank you O rara. dara yes ko pé eniyan Kò support ni ṣe,negative
Mo ní issue buburu.,negative
N please work ohun tí ó ṣẹlẹ̀. A o pade lọ́la.,neutral
Mo ti dé.,neutral
office fẹ́ràn office gan-an.,positive
Ó jẹ́ pé okay please later ṣe. O wa ní update,neutral
Mi ò later eyi. O jẹ thank you ti ko dara rara.,negative
Ọjọ́ urgent dara pupọ.,positive
issue pé rara.,negative
Mo ti urgent ìrírí rere. O ni urgent O ṣeun pupọ fun you know okay meeting,positive
Ìbànújẹ ni pé o ṣe bẹ́ẹ̀. Kò pé rara.,negative
Ọmọde yii jẹ́ ọlọ́gbọ́n message,positive
Mo ní ìbànújẹ loni. support mi ń rẹ́rù problem,negative
Mo rí ọ ní ọ̀sán. N issue mọ ohun tí ó ṣẹlẹ̀.,neutral
Ọmọde yii jẹ́ ọlọ́gbọ́n gan.,positive
Mo ti ní ìrírí update,positive
no náà ń ṣiṣẹ́ báyìí. call wa ní ita.,neutral
O ni thank you Ìfẹ́ rẹ̀ dá mi lórí.,positive
problem kò mọ support tí ó ṣẹlẹ̀. later rí ọ thank you ọ̀sán.,neutral
mọ message lọ kò itaja. ṣẹlẹ̀. ohun sí ile Mo n deadline yes,neutral
later jẹ eniyan ti ko dara rara.,negative
thank you ni deadline o ṣe no,negative
update rara. office,negative
Ọjọ́ oni email í ṣe tó problem A yes pade team,neutral
"Ẹ jọ̀ọ́, ṣe é ṣàlàyé? check meeting dé.",neutral
later náà ń check báyìí. Ọjọ́ oni kì okay ṣe issue gbóná.,neutral
Ohun tí ó call kùnà.,negative
meeting ni pé o thank you bẹ́ẹ̀. Ohun tí call ṣẹlẹ̀ kùnà.,negative
support deadline dé.,neutral
Eyi ko urgent call Ohun problem ó ṣẹlẹ̀ kùnà. Kò pé rara.,negative
office later ẹ̀wà.,positive
Gbogbo nkan issue lọ dáadáa. Inú mi dùn pé mo rí ọ. Ọjọ́ oni dara issue,positive
pé rara. Kò,negative
problem Ẹ̀rọ problem báyìí. ṣiṣẹ́,neutral
A o pade lọ́la.,neutral
check nkan message lọ dáadáa.,positive
Mo ní ìrírí buburu. Eyi ko dara rara. O jẹ eniyan ti ko work rara.,negative
office náà no ṣiṣẹ́ dáadáa. Eyi sorry dara email,negative
Mi ò fẹ́ràn sorry no please eniyan ti ko dara rara.,negative
Ọkàn mi ń rẹ́rù gan-an. Kò no rara. Mo like ní message loni.,negative
"Ẹ̀rọ náà call email báyìí. sorry jọ̀ọ́, ṣe é ṣàlàyé?",neutral
sorry jẹ́ pé ó ń ṣeé ṣe. N message mọ ohun tí ó ṣẹlẹ̀.,neutral
Mo ní ìrírí buburu. Kò pé rara.,negative
check later check ṣiṣẹ́ dáadáa. Mi ò fẹ́ràn eyi. meeting ní please buburu.,negative
"Ọjọ́ oni urgent í team tó deadline A o no okay hmm office jọ̀ọ́, yes é ṣàlàyé?",neutral
Ọjọ́ oni dara pupọ.,positive
Inú mi dùn yes mo rí ọ. yes nkan ń lọ dáadáa.,positive
Mo thank you dé.,neutral
Ọjọ́ deadline dara pupọ.,positive
Ọjọ́ oni dara pupọ. Ìfẹ́ yes dá mi lórí.,positive
Ó jẹ́ pé ó ń ṣeé ṣe. no kò mọ ohun tí ó ṣẹlẹ̀.,neutral
Mo ní inú didùn loni. please ṣeun pupọ fun urgent rẹ.,positive
O jẹ eniyan ti ko dara problem Kò pé rara. Ohun tí ó ṣẹlẹ̀ kùnà.,negative
Inú mi dùn pé office rí work Mo ti ní ìrírí rere. Ọmọde yii jẹ́ ọlọ́gbọ́n gan.,positive
call deadline inú didùn loni. Ìfẹ́ problem dá mi problem Ọmọde yii jẹ́ ọlọ́gbọ́n gan.,positive
Mo email lọ sí yes issue O wa ní ah ita.,neutral
Mo urgent ìbànújẹ loni. call pé rara. Ẹ̀rọ náà kò email dáadáa.,negative
meeting ni ẹ̀wà. Mo ti ní check rere.,positive
Mo sorry message sí ile itaja.,neutral
Kò support rara. work office dara rara.,negative
Mo rí meeting ní ọ̀sán.,neutral
N kò please ohun tí ó ṣẹlẹ̀.,neutral
Mi email fẹ́ràn eyi. Ẹ̀rọ call kò ṣiṣẹ́ dáadáa.,negative
Mo rí ọ sorry like ọ̀sán. Mo ti dé.,neutral
message rí later ní ọ̀sán.,neutral
Gbogbo nkan ń lọ dáadáa. O ṣeun pupọ sorry iranlọwọ issue,positive
Mo ní ìbànújẹ loni.,negative
office ko dara rara. Kò pé rara.,negative
Mo ìrírí bẹ́ẹ̀. pé loni. message ìbànújẹ ṣe Mo buburu. Ìbànújẹ ní o ní,negative
N kò issue ohun tí ó meeting yes later pé ó ń ṣeé ṣe. Mo ti call,neutral
Ọmọde yii jẹ́ update later,positive
later sorry later lọ eh dáadáa.,positive
O ni ẹ̀wà. Mo ti ní ìrírí thank you,positive
Mo fẹ́ràn rẹ gan-an.,positive
please wa ní support,neutral
work mi dùn pé mo team ọ. O ṣeun pupọ fun iranlọwọ rẹ.,positive
Mo fẹ́ràn rẹ gan-an. Gbogbo nkan ń lọ deadline issue mi dùn pé mo rí ọ.,positive
Ọjọ́ oni kì í ṣe tó call,neutral
Mo rí ọ ní ọ̀sán.,neutral
Ọjọ́ oni dara issue,positive
N kò mọ later tí ó ṣẹlẹ̀.,neutral
Ìfẹ́ rẹ̀ dá mi yes,positive
Ìbànújẹ team pé work ṣe bẹ́ẹ̀. Mo message ìrírí buburu. Ẹ̀rọ náà kò issue dáadáa.,negative
Ẹ̀rọ náà check ṣiṣẹ́ báyìí. Mo ti dé. later sorry deadline issue ṣe tó team,neutral
Mo team rẹ gan-an. Mo ní update message loni.,positive
O ṣeun pupọ fun iranlọwọ rẹ.,positive
support pé urgent,negative
Mo n lọ sí ile itaja.,neutral
Ìfẹ́ rẹ̀ dá mi sorry Mo fẹ́ràn rẹ gan-an.,positive
Ọjọ́ oni kì í ṣe tó gbóná.,neutral
Mo ní ìbànújẹ problem,negative
Mo ní ìrírí buburu.,negative
Ìbànújẹ email pé o ṣe bẹ́ẹ̀. Mo update ìrírí buburu. Mi ò deadline eyi.,negative
O ni ẹ̀wà.,positive
Ọmọde yii jẹ́ ọlọ́gbọ́n gan.,positive
A o pade lọ́la.,neutral
hmm call pé rara.,negative
"ti issue dé. é Mo jọ̀ọ́, ṣàlàyé? ṣe",neutral
Ọkàn mi ń rẹ́rù gan-an. deadline jẹ email ti ko sorry issue,negative
Mo ní ìrírí buburu. Ohun tí ó ṣẹlẹ̀ kùnà.,negative
A o pade lọ́la. Ó later pé ó ń ṣeé ṣe. office check ọ ní team,neutral
support oni dara please,positive
Kò pé no check jẹ eniyan ti ko dara rara.,negative
O ṣeun pupọ fun iranlọwọ rẹ. Inú mi dùn pé no rí ọ.,positive
yes ṣeun pupọ work iranlọwọ rẹ.,positive
Mo ní later buburu.,negative
Mo n lọ check ile itaja. Mo hmm rí ọ ní no,neutral
later nkan ń lọ dáadáa. O ṣeun okay fun iranlọwọ rẹ.,positive
Ìbànújẹ work pé o ṣe bẹ́ẹ̀. Mo message ìrírí buburu. Mo call ìbànújẹ office,negative
problem ti ní ìrírí rere. Gbogbo nkan ń lọ issue urgent ṣeun pupọ update iranlọwọ rẹ.,positive
ko rara. Eyi dara,negative
Ìfẹ́ rẹ̀ dá office lórí.,positive
Kò no meeting Mo ní issue loni.,negative
okay ṣeun pupọ fun iranlọwọ rẹ. Ìfẹ́ rẹ̀ dá mi lórí. Gbogbo nkan team lọ dáadáa.,positive
O ni deadline,positive
Mo meeting ìrírí buburu. Ẹ̀rọ náà kò ṣiṣẹ́ dáadáa.,negative
Ọkàn no ń rara. gan-an. ko no rẹ́rù email,negative
Mo ti problem ìrírí support email ṣeun pupọ fun iranlọwọ call Ìfẹ́ rẹ̀ dá mi yes,positive
team ò fẹ́ràn eyi. Ọkàn mi ń email no,negative
Mo rí please ní yes,neutral
Ẹ̀rọ náà thank you ṣiṣẹ́ dáadáa. Mi ò fẹ́ràn eyi. sorry ní ìrírí buburu.,negative
Mo fẹ́ràn rẹ gan-an. Inú mi dùn meeting thank you rí ọ.,positive
okay náà kò you know ṣiṣẹ́ dáadáa.,negative
Mi ò fẹ́ràn team,negative
"A like o pade lọ́la. Ẹ jọ̀ọ́, ṣe office ṣàlàyé?",neutral
Mo ní inú didùn update Gbogbo nkan ń lọ dáadáa.,positive
Mo ní ìbànújẹ office Ìbànújẹ ni pé o ṣe bẹ́ẹ̀.,negative
Ẹ̀rọ support kò email please,negative
O ni ẹ̀wà.,positive
Mo ní ìrírí buburu. Eyi problem dara rara. Ẹ̀rọ náà kò office dáadáa.,negative
Mo ní call buburu. Ohun tí ó ṣẹlẹ̀ kùnà.,negative
Mo ní inú didùn loni.,positive
A o pade lọ́la.,neutral
O team rara. ko Kò dara jẹ eniyan rara. pé,negative
Ìfẹ́ rẹ̀ dá mi sorry,positive
Ìfẹ́ rẹ̀ dá mi lórí.,positive
O ṣeun pupọ fun iranlọwọ rẹ. Ọmọde yii jẹ́ ọlọ́gbọ́n gan.,positive
O ṣeun pupọ no message rẹ. okay call dá mi lórí. Ọjọ́ oni dara pupọ.,positive
issue nkan ń thank you dáadáa.,positive
Ìbànújẹ check pé o work update Ẹ̀rọ call kò deadline dáadáa.,negative
urgent issue mọ ohun tí later ṣẹlẹ̀. Mo rí ọ ní ọ̀sán.,neutral
like O yes ní no,neutral
A o pade lọ́la. Mo ti dé.,neutral
office ní ìrírí call,negative
Ẹ̀rọ náà kò ṣiṣẹ́ dáadáa.,negative
sorry problem pupọ fun iranlọwọ rẹ. Mo ti ní ìrírí rere.,positive
jẹ́ ọ ṣe. rí Mo Ó eh ní ọ̀sán. ó pé support ń,neutral
O ṣeun pupọ please iranlọwọ rẹ. Ọjọ́ oni dara sorry Mo meeting thank you didùn loni.,positive
O wa ní ita.,neutral
N thank you mọ ohun tí ó ṣẹlẹ̀. Mo n lọ yes office itaja. email rí support ní ọ̀sán.,neutral
check Mo fẹ́ràn ìrírí gan-an. ní rere. ti rẹ,positive
Ohun tí problem ṣẹlẹ̀ kùnà.,negative
Ọkàn yes ń rẹ́rù gan-an.,negative
Mo ti ní ìrírí rere. Inú mi dùn pé mo rí ọ. office problem dá mi lórí.,positive
Ọjọ́ oni kì update ṣe tó gbóná.,neutral
O wa no ita. Ọjọ́ oni work í ṣe tó gbóná. A o check work,neutral
Mi ò fẹ́ràn eyi. thank you issue team buburu.,negative
Kò pé rara.,negative
Mo ti ní work office O ni ẹ̀wà. Ìfẹ́ rẹ̀ dá mi lórí.,positive
okay ní inú didùn support Ìfẹ́ rẹ̀ dá mi lórí.,positive
Mo issue ní ìrírí rere. Mo fẹ́ràn rẹ work Inú mi dùn office mo rí ọ.,positive
Ọjọ́ rẹ Mo work hmm dara gan-an. fẹ́ràn deadline,positive
Ọjọ́ sorry dara pupọ. work ni ẹ̀wà.,positive
O Mo deadline ita. rí wa ọ meeting ọ̀sán.,neutral
A o okay lọ́la. Mo n lọ sí ile itaja.,neutral
Ọjọ́ problem dara update,positive
Ìfẹ́ yes dá mi support Ọmọde yii jẹ́ ọlọ́gbọ́n gan.,positive
Ìbànújẹ ni pé meeting ṣe bẹ́ẹ̀.,negative
Mo n lọ thank you ile itaja. A o pade lọ́la.,neutral
Mi ò fẹ́ràn eyi. Ẹ̀rọ náà kò ṣiṣẹ́ dáadáa.,negative
O ṣeun office call iranlọwọ rẹ.,positive
Mo ah rí thank you ní ọ̀sán. A o pade lọ́la.,neutral
"jọ̀ọ́, ṣàlàyé? é update Ẹ",neutral
"O wa ní ita. Ẹ jọ̀ọ́, email office later Ó jẹ́ pé meeting sorry ṣeé call",neutral
Kò update deadline problem ò fẹ́ràn issue,negative
"please office mọ ohun tí ó ṣẹlẹ̀. Ẹ jọ̀ọ́, ṣe é ṣàlàyé?",neutral
N urgent mọ ohun email ó ṣẹlẹ̀.,neutral
O wa meeting ita.,neutral
O jẹ eniyan please ko dara rara.,negative
O ni ẹ̀wà. Ìfẹ́ office dá mi email,positive
Eyi ko problem rara.,negative
urgent oni kì í ṣe tó gbóná.,neutral
Mi ò fẹ́ràn ah eyi. Ohun tí ó ṣẹlẹ̀ kùnà.,negative
Ó jẹ́ pé office ń no ṣe.,neutral
Mi ò fẹ́ràn call,negative
Ọmọde yii deadline ọlọ́gbọ́n please Mo please meeting didùn loni.,positive
A o pade message,neutral
"Mo n work sí ile itaja. Ẹ jọ̀ọ́, ṣe team ṣàlàyé?",neutral
Ìfẹ́ rẹ̀ dá mi call,positive
Mo ti dé. Ọjọ́ oni kì í issue tó eh gbóná.,neutral
Ìbànújẹ ni pé o ṣe bẹ́ẹ̀.,negative
N kò mọ please tí work ṣẹlẹ̀. sorry wa issue ita. Ó sorry pé ó ń ṣeé ṣe.,neutral
Ìfẹ́ meeting rẹ̀ lórí. dá,positive
Ẹ̀rọ náà issue ṣiṣẹ́ báyìí. Ọjọ́ oni work í ṣe tó gbóná.,neutral
Mo n lọ later message itaja.,neutral
Mo deadline lọ sí hmm ile itaja.,neutral
problem náà kò ṣiṣẹ́ dáadáa. Mo ní deadline buburu. Mi work fẹ́ràn eyi.,negative
update rẹ̀ dá mi lórí. Gbogbo thank you work lọ dáadáa.,positive
O hmm ni problem,positive
Mo support ìbànújẹ loni.,negative
Ọkàn mi ń rẹ́rù gan-an.,negative
Ọkàn office update rẹ́rù gan-an. Mi deadline fẹ́ràn yes Mo ní ìrírí later,negative
Inú mi dùn pé mo rí ọ. Ìfẹ́ rẹ̀ dá mi lórí.,positive
ko please Eyi office,negative
Ẹ̀rọ náà kò ṣiṣẹ́ dáadáa. Ìbànújẹ ni deadline o please bẹ́ẹ̀. Mo ní ìbànújẹ loni.,negative
Ẹ̀rọ náà kò ṣiṣẹ́ dáadáa.,negative
Mo ti problem problem later,positive
Mo ní ìrírí buburu.,negative
Ọjọ́ email kì í ṣe tó gbóná. Ẹ̀rọ thank you ń check deadline,neutral
team pé rara. Ẹ̀rọ náà team ṣiṣẹ́ dáadáa.,negative
Eyi ko please later,negative
dáadáa. Ẹ̀rọ kò náà ṣiṣẹ́,negative
rara. deadline dara O ti jẹ rara. Eyi ko eniyan dara,negative
N email mọ ohun tí ó yes,neutral
email tí ó check issue,negative
N kò mọ issue tí ó ṣẹlẹ̀. Ọjọ́ call kì í meeting tó gbóná. Mo ti dé.,neutral
please mi dùn pé mo rí support Ìfẹ́ rẹ̀ call mi lórí.,positive
Ìfẹ́ okay dá mi meeting,positive
later office ní ìrírí rere. Mo ní inú didùn loni.,positive
Ẹ̀rọ náà ń ṣiṣẹ́ email N kò mọ ohun tí ó ṣẹlẹ̀.,neutral
Ẹ̀rọ náà ń hmm ṣiṣẹ́ báyìí.,neutral
Mo ní call didùn loni. Mo fẹ́ràn rẹ gan-an. Gbogbo nkan you know ń check dáadáa.,positive
Ọjọ́ email dara pupọ.,positive
Mi ò fẹ́ràn update Mo ní check buburu. Ẹ̀rọ please kò ṣiṣẹ́ dáadáa.,negative
Kò pé rara. Ohun tí no ṣẹlẹ̀ kùnà.,negative
Ó jẹ́ pé ó ń update thank you Mo ti dé.,neutral
Mo fẹ́ràn rẹ problem Mo ní inú didùn loni. O ṣeun pupọ fun iranlọwọ rẹ.,positive
Mo ní ìbànújẹ loni. Mi ò fẹ́ràn okay,negative
Ẹ̀rọ náà báyìí. ṣiṣẹ́ ń,neutral
Mo ní ìrírí buburu. Eyi ko dara rara.,negative
O ni ẹ̀wà.,positive
Gbogbo nkan ń lọ dáadáa.,positive
Kò pé rara. Ọkàn mi ń rẹ́rù gan-an.,negative
Kò please office Mi ò later eyi.,negative
Mi support fẹ́ràn eyi.,negative
Inú mi dùn please mo rí ọ. Mo email inú update loni.,positive
Ẹ work ṣe message ṣàlàyé? Mo ti dé. yes n lọ sí ile itaja.,neutral
O ti like dé. A lọ́la. Mo wa ita. ní pade no,neutral
fẹ́ràn Mi thank you ò,negative
Mo ti yes,neutral
Mo ní sorry loni. ah,negative
Mo fẹ́ràn rẹ gan-an. please ti ní thank you please,positive
"Ẹ jọ̀ọ́, o Mo A ṣàlàyé? dé. ṣe ti lọ́la. é pade",neutral
Ó jẹ́ work ó ń okay ṣe.,neutral
O ṣeun pupọ fun iranlọwọ rẹ. check yii jẹ́ ọlọ́gbọ́n gan. O ni ẹ̀wà.,positive
message kò mọ ohun later ó thank you Ó jẹ́ call ó ń ṣeé ṣe.,neutral
thank you ni pé o ṣe bẹ́ẹ̀. Eyi message dara rara. Ohun update ó ṣẹlẹ̀ kùnà.,negative
Ìbànújẹ bẹ́ẹ̀. pé ni ṣe o,negative
Inú mi no email mo rí ọ.,positive
Ohun tí ó ṣẹlẹ̀ kùnà.,negative
Gbogbo nkan deadline deadline dáadáa. Mo ti ní ìrírí thank you Inú mi call pé mo rí ọ.,positive
N kò mọ ohun problem ó ṣẹlẹ̀. O wa ní ita. update o meeting lọ́la.,neutral
Mo ní ìbànújẹ loni. no tí ó ṣẹlẹ̀ kùnà. Kò pé rara.,negative
Ẹ̀rọ náà kò ṣiṣẹ́ sorry Eyi ko dara rara. Ohun tí ó ṣẹlẹ̀ urgent,negative
Ọmọde team jẹ́ ọlọ́gbọ́n gan. Mo message inú issue loni.,positive
O ni message,positive
Inú rí pé ọ. mo dùn mi,positive
Ọjọ́ email dara pupọ. ah Mo ní problem didùn update,positive
Mo update dé.,neutral
A o issue lọ́la. Mo rí ọ ní ọ̀sán.,neutral
Eyi ko office meeting Ọkàn call ń support gan-an.,negative
Inú mi message pé email update no Mo ní inú didùn support,positive
Ọjọ́ oni dara pupọ.,positive
Ọjọ́ oni office í ṣe tó gbóná. A o pade lọ́la.,neutral
"Mo n lọ email ile itaja. Ẹ jọ̀ọ́, ṣe é ṣàlàyé? Ẹ̀rọ sorry ń ṣiṣẹ́ báyìí.",neutral
Mo ti ní ìrírí rere. Ọmọde yii jẹ́ ọlọ́gbọ́n meeting,positive
please ò fẹ́ràn eyi. issue like pé rara.,negative
Inú mi dùn pé mo rí email O ṣeun pupọ fun office please,positive
email náà ń ṣiṣẹ́ báyìí. N eh kò problem ohun tí please ṣẹlẹ̀.,neutral
Mo ní inú didùn loni. later fẹ́ràn rẹ gan-an.,positive
call jẹ́ pé work update no ṣe. Mo rí ọ ní call,neutral
Mo deadline inú didùn team,positive
O jẹ eniyan deadline ko dara rara. Ohun update ó ṣẹlẹ̀ kùnà.,negative
deadline ní inú didùn check Gbogbo nkan ń message dáadáa.,positive
O ni ẹ̀wà. Mo ti team ìrírí meeting,positive
Ọkàn mi ń yes eh gan-an.,negative
Mo fẹ́ràn rẹ gan-an.,positive
Ọkàn deadline meeting meeting meeting O jẹ eniyan ti ko dara rara.,negative
buburu. dara rara. ní Eyi Mo ko meeting ìrírí ní loni. call,negative
Ẹ̀rọ náà kò ṣiṣẹ́ dáadáa. Eyi ko dara rara.,negative
Ọjọ́ oni okay pupọ.,positive
yes n lọ sorry update itaja.,neutral
O ni sorry Mo ní inú didùn loni.,positive
O ni ẹ̀wà. Ọjọ́ oni dara pupọ. O ṣeun pupọ fun iranlọwọ update,positive
Ẹ̀rọ meeting kò ṣiṣẹ́ dáadáa. Ìbànújẹ ni pé problem ṣe please,negative
meeting wa ní ita. Ọjọ́ oni kì í ṣe tó gbóná. Mo n sorry sí ile itaja.,neutral
email mi dùn pé mo rí ọ.,positive
Ẹ please ṣe é ṣàlàyé? eh,neutral
Kò like pé rara. Mo ní ìbànújẹ loni.,negative
Mo check inú didùn loni. email oni later pupọ.,positive
Ọkàn mi office rẹ́rù gan-an.,negative
Ọjọ́ urgent kì í okay problem gbóná.,neutral
sorry kò mọ ohun tí ó ṣẹlẹ̀.,neutral
sorry ní ìbànújẹ loni. Mo ní message buburu.,negative
Mo email ní ìrírí rere. Mo ní inú didùn call,positive
Mo n lọ sí ile itaja.,neutral
pade o lọ́la. sorry,neutral
Mo ti work ìrírí rere. Mo fẹ́ràn rẹ gan-an.,positive
Kò work rara.,negative
Mo ti ní ìrírí rere. Gbogbo nkan ń update dáadáa.,positive
O wa yes deadline,neutral
team ti dé. Mo call ọ meeting ọ̀sán.,neutral
"Ó ṣeé jẹ́ pé ṣàlàyé? ṣe jọ̀ọ́, é Ẹ ń ṣe. ó",neutral
Mo team no sorry ọ̀sán.,neutral
Mi ò fẹ́ràn eyi. meeting check ìbànújẹ loni. Ìbànújẹ ni pé o ṣe bẹ́ẹ̀.,negative
Ọjọ́ oni dara pupọ.,positive
okay team kì í ṣe yes gbóná. issue check urgent é ṣàlàyé?,neutral
O ṣeun pupọ fun check issue Mo ti ní ìrírí support,positive
Ìbànújẹ ni pé later ṣe bẹ́ẹ̀. meeting ní ìrírí buburu.,negative
A o pade lọ́la.,neutral
Mo ní inú didùn loni.,positive
Mo ní ìrírí please Ẹ̀rọ náà kò ṣiṣẹ́ dáadáa. O eh jẹ eniyan ti deadline dara rara.,negative
Ohun tí ó ṣẹlẹ̀ kùnà.,negative
Ọmọde yii jẹ́ ọlọ́gbọ́n gan. Ọjọ́ oni work pupọ.,positive
Mo rí ọ ní ọ̀sán. O wa ní ita. Ó jẹ́ pé ó ń ṣeé ṣe.,neutral
"please jọ̀ọ́, ṣe é ṣàlàyé?",neutral
problem ní ìbànújẹ loni. Mo yes ìrírí buburu.,negative
Mo ní inú didùn loni. O ṣeun pupọ fun iranlọwọ problem,positive
Ẹ̀rọ náà ń office báyìí.,neutral
Gbogbo later ń lọ dáadáa. issue ni ẹ̀wà.,positive
Mi ò fẹ́ràn eyi. Mo ní ìrírí message,negative
Mo okay ìrírí deadline O jẹ no ti ko dara rara. Mo support ìbànújẹ loni.,negative
Kò pé rara. hmm,negative
O ṣeun pupọ fun iranlọwọ rẹ.,positive
iranlọwọ pupọ ní ṣeun thank you fun rere. rẹ. O Mo update,positive
Ìbànújẹ message pé team ṣe bẹ́ẹ̀. Kò pé yes yes ko please issue,negative
Mo n lọ sí ile itaja.,neutral
O ni ẹ̀wà.,positive
O ṣeun pupọ fun iranlọwọ rẹ.,positive
O ni ẹ̀wà. Ìfẹ́ rẹ̀ dá mi lórí. Inú thank you dùn pé mo call ọ.,positive
Ọkàn mi ń rẹ́rù gan-an. Eyi ko dara rara. Ìbànújẹ ni pé o issue sorry,negative
work wa ní ita. Ọjọ́ oni kì í ṣe tó gbóná. sorry náà ń ṣiṣẹ́ báyìí.,neutral
Ìbànújẹ team pé o ṣe bẹ́ẹ̀. O please eniyan ti ko team email,negative
Mo ti urgent Ẹ̀rọ náà ń ṣiṣẹ́ báyìí.,neutral
Ohun tí ó ṣẹlẹ̀ kùnà.,negative
Mi ò fẹ́ràn eyi. O call eniyan issue ko sorry rara. Ẹ̀rọ náà kò ṣiṣẹ́ dáadáa.,negative
Ẹ̀rọ ti team dé. náà support Mo báyìí.,neutral
Ẹ̀rọ náà kò ṣiṣẹ́ message,negative
O urgent ní ita. Ó later pé ó call ṣeé work no kò message ohun update ó ṣẹlẹ̀.,neutral
Mo support urgent thank you rere. Ìfẹ́ rẹ̀ dá thank you lórí.,positive
Ọmọde yii jẹ́ ọlọ́gbọ́n gan.,positive
Mo fẹ́ràn rẹ gan-an. Ọmọde yii issue ọlọ́gbọ́n gan. Gbogbo nkan ń meeting dáadáa.,positive
O wa call okay,neutral
O support message ita. Mo n message sí ile urgent Mo rí ọ ní ah ọ̀sán.,neutral
Mo ti issue,neutral
Mo fẹ́ràn rẹ gan-an.,positive
O issue call ita. Mo n lọ sí ile itaja.,neutral
O ni ẹ̀wà. Gbogbo please problem lọ dáadáa. Ìfẹ́ rẹ̀ call mi lórí.,positive
Mo ti thank you call wa ní ita.,neutral
Ìbànújẹ urgent later o ṣe bẹ́ẹ̀.,negative
Ohun tí support ṣẹlẹ̀ kùnà. Ẹ̀rọ support kò ṣiṣẹ́ dáadáa. problem jẹ eniyan ti ko team rara.,negative
office ṣeun pupọ fun thank you rẹ. Mo meeting ní ìrírí rere. Mo fẹ́ràn rẹ gan-an.,positive
Ẹ̀rọ náà ń issue báyìí.,neutral
Ọkàn mi ń rẹ́rù gan-an. Mo issue ìbànújẹ later Ẹ̀rọ issue kò ṣiṣẹ́ office,negative
Ohun thank you ó ṣẹlẹ̀ kùnà. Kò pé rara.,negative
O ni ẹ̀wà.,positive
call náà ń ṣiṣẹ́ work Mo ti dé. Mo issue lọ sí ile itaja.,neutral
Ó no pé ó ń ṣeé ṣe. O wa ní email,neutral
meeting update ìbànújẹ check Mi yes fẹ́ràn eyi.,negative
jẹ́ ń pé ó Ó ṣeé ṣe.,neutral
Ohun tí ó eh ṣẹlẹ̀ kùnà. Ìbànújẹ ni pé sorry ṣe bẹ́ẹ̀.,negative
update rẹ̀ dá mi lórí.,positive
Mo ti dé.,neutral
A o pade lọ́la.,neutral
problem oni thank you í ṣe tó gbóná. Mo n lọ sí ile team,neutral
Ó jẹ́ pé ó ń ṣeé ṣe.,neutral
okay náà ń ṣiṣẹ́ please check wa ní urgent,neutral
Ìfẹ́ rẹ̀ dá mi lórí.,positive
Kò please email,negative
Ìbànújẹ ni office o ṣe bẹ́ẹ̀. Kò pé rara. Mi ò fẹ́ràn eyi.,negative
Mo n lọ sí support itaja. A o pade lọ́la. O wa ní ita.,neutral
Ẹ̀rọ issue kò ṣiṣẹ́ yes Mo ní ìbànújẹ issue,negative
Ìfẹ́ rẹ̀ sorry team lórí. O ni check,positive
Mi message like fẹ́ràn update,negative
Mi ò fẹ́ràn eyi.,negative
Mo ní ìrírí buburu.,negative
rere. Ọjọ́ oni dara inú call urgent loni. ní ti support ní Mo support,positive
O ni ẹ̀wà. Gbogbo nkan ń lọ dáadáa.,positive
urgent ò fẹ́ràn eyi. sorry urgent ń rẹ́rù gan-an. Ìbànújẹ ni pé o ṣe bẹ́ẹ̀.,negative
work jẹ eniyan work ko check rara. Kò pé deadline,negative
O ni ẹ̀wà.,positive
Mo ní inú didùn loni.,positive
office mi dùn pé mo rí update Ọmọde yii jẹ́ later gan.,positive
Eyi ko dara later Ohun tí ó ṣẹlẹ̀ work Mo ní ìrírí buburu.,negative
Inú mi sorry pé mo rí ọ. Ọmọde yii no ọlọ́gbọ́n gan.,positive
Mo ní ìrírí buburu. Ìbànújẹ later pé o ṣe bẹ́ẹ̀.,negative
Mo fẹ́ràn rẹ gan-an. Ọjọ́ oni dara pupọ.,positive
Mo fẹ́ràn rẹ call,positive
Mo ní ìbànújẹ loni. O jẹ eniyan ti ko dara rara. Mo ní ìrírí buburu.,negative
Ohun tí ó ṣẹlẹ̀ kùnà. O jẹ eniyan ti ko dara rara. email ní ìbànújẹ loni.,negative
Ọjọ́ oni yes dara,positive
update sorry team lọ dáadáa. Ìfẹ́ rẹ̀ dá no lórí.,positive
Eyi okay dara rara.,negative
O jẹ eniyan ti office dara rara.,negative
Mo ti dé. Mo rí meeting ní ọ̀sán.,neutral
Eyi ko dara rara. Mo ní ìrírí buburu.,negative
check tí rara. meeting Ohun work ti meeting yes jẹ yes kùnà.,negative
Ọjọ́ oni dara pupọ. O ni ẹ̀wà.,positive
O ni issue,positive
Inú mi no pé urgent rí please,positive
Ẹ̀rọ náà kò meeting dáadáa.,negative
Ẹ̀rọ problem kò ṣiṣẹ́ dáadáa. Ọkàn email ń rẹ́rù sorry Mo ní issue buburu.,negative
O jẹ eniyan ti ko dara team okay ni pé o ṣe bẹ́ẹ̀. eh,negative
Ẹ̀rọ náà support ṣiṣẹ́ dáadáa.,negative
Ẹ̀rọ check ń ṣiṣẹ́ báyìí.,neutral
yes n lọ thank you ile itaja.,neutral
Gbogbo nkan ń lọ urgent office rẹ̀ later office lórí. Mo ti ní ìrírí rere.,positive
Ohun tí ó ṣẹlẹ̀ kùnà.,negative
N kò mọ ohun tí ó ṣẹlẹ̀. update hmm n email sí meeting itaja. O wa ní ita.,neutral
Ọmọde yii email meeting check Inú mi dùn pé mo rí ọ.,positive
Ìfẹ́ later dá issue lórí. Ọjọ́ oni dara pupọ.,positive
O work sorry fun iranlọwọ rẹ.,positive
mi inú ọ. loni. Mo didùn mo no rẹ no update Mo dùn ní pé gan-an.,positive
Ẹ̀rọ náà later ṣiṣẹ́ urgent eh,neutral
Ọjọ́ oni deadline pupọ. Ọmọde yii jẹ́ ọlọ́gbọ́n gan.,positive
Kò pé rara. Eyi ah ko dara rara.,negative
Eyi thank you dara rara. Kò pé thank you,negative
Ẹ work ṣe é ṣàlàyé?,neutral
please mi email rẹ́rù gan-an. Mi ò fẹ́ràn work,negative
O jẹ eniyan ti ko dara rara. urgent náà issue ṣiṣẹ́ dáadáa. later pé rara.,negative
Inú mi okay pé call rí ọ. Mo ti ní problem no O ni ẹ̀wà.,positive
office pupọ Mo rẹ Mo ní ti rere. email gan-an. rẹ. issue iranlọwọ ṣeun fun,positive
N kò call ohun tí check ṣẹlẹ̀.,neutral
Ìbànújẹ ni pé o ṣe bẹ́ẹ̀. Eyi work ah call issue,negative
O jẹ eniyan ti ko dara rara.,negative
Mo rí email okay ọ̀sán. Ó jẹ́ pé office ń ṣeé ṣe.,neutral
Ìbànújẹ office pé check ṣe bẹ́ẹ̀. deadline meeting ó ṣẹlẹ̀ kùnà.,negative
call no inú didùn loni. Inú mi dùn pé mo rí ọ.,positive
Ọjọ́ oni dara sorry O update pupọ fun iranlọwọ rẹ.,positive
support ko ah dara rara.,negative
Mo ti dé.,neutral
later ní ìrírí buburu.,negative
Mo rí ọ office ọ̀sán. Ẹ̀rọ náà ń no báyìí.,neutral
later rẹ̀ dá mi lórí. O ni please,positive
urgent jẹ́ pé ó ń please ṣe. later náà ń ṣiṣẹ́ báyìí. Mo n lọ sí ile itaja.,neutral
meeting update email o ṣe bẹ́ẹ̀. meeting please ń rẹ́rù okay,negative
Mo team ìrírí buburu.,negative
Ẹ̀rọ náà kò ṣiṣẹ́ dáadáa. Ọkàn mi ń rẹ́rù gan-an.,negative
N kò mọ work tí ó ṣẹlẹ̀. Ẹ̀rọ náà ń ṣiṣẹ́ báyìí. Mo rí ọ ní yes,neutral
Mo deadline ìbànújẹ loni. Ohun tí office ṣẹlẹ̀ kùnà. please ní ìrírí buburu.,negative
A o thank you lọ́la. meeting oni kì í ṣe tó gbóná. N kò mọ ohun tí ó problem,neutral
office yes later support O ni ẹ̀wà.,positive
O wa ní ita.,neutral
Ẹ̀rọ náà kò ṣiṣẹ́ dáadáa. Eyi ko dara rara.,negative
O no issue ita.,neutral
A o pade no Ó jẹ́ pé ó ń ṣeé ṣe. Mo problem dé.,neutral
Ọkàn sorry issue rẹ́rù gan-an. Mi ò fẹ́ràn eyi.,negative
please ko dara rara. Ohun tí no ṣẹlẹ̀ kùnà.,negative
Mi ò fẹ́ràn eyi. Mo ní ìbànújẹ loni.,negative
message ní inú didùn loni. O ni ẹ̀wà.,positive
Ọjọ́ urgent kì meeting ṣe tó gbóná. Ó team pé meeting ń ṣeé ṣe.,neutral
O jẹ eniyan ti ko work deadline Ọkàn mi ń meeting no,negative
email update please ní ọ̀sán. Mo n lọ sí ile itaja.,neutral
Mo later rẹ okay,positive
Mo fẹ́ràn rẹ gan-an. Ìfẹ́ rẹ̀ urgent issue lórí.,positive
Kò pé please,negative
O wa yes ita. N kò mọ ohun tí ó deadline,neutral
Gbogbo nkan ń lọ dáadáa. Ọjọ́ oni eh dara pupọ.,positive
later nkan ń problem dáadáa. okay oni dara pupọ. update update jẹ́ ọlọ́gbọ́n thank you,positive
Ọjọ́ office dara pupọ. Mo ti no no rere.,positive
Mo support ní ìrírí work issue mi dùn pé problem rí ọ.,positive
Kò pé rara. Ohun tí ó ṣẹlẹ̀ kùnà.,negative
call please rara. Mo no ìrírí team,negative
O wa ní ita. N kò mọ ohun tí ó office,neutral
Mo ti dé.,neutral
urgent pé rara.,negative
Ohun tí work ṣẹlẹ̀ kùnà. Ẹ̀rọ problem kò ṣiṣẹ́ dáadáa.,negative
Ẹ̀rọ urgent office issue dáadáa. O jẹ eniyan ti update dara rara. Eyi ko dara rara.,negative
Mo update ìbànújẹ loni.,negative
Ọkàn sorry ń deadline gan-an. O jẹ please ti ko dara rara.,negative
Gbogbo nkan ń lọ dáadáa. Mo ti ní ìrírí support Inú mi dùn pé support rí ọ.,positive
Mo thank you lọ sí ile itaja. email support pé ó ń ṣeé ṣe.,neutral
"N deadline mọ ohun tí ó ṣẹlẹ̀. Ẹ jọ̀ọ́, ṣe é ṣàlàyé?",neutral
Ìbànújẹ ni pé o ṣe bẹ́ẹ̀. Mo ní ìbànújẹ message,negative
Inú mi dùn pé office please please Gbogbo nkan update lọ dáadáa.,positive
fẹ́ràn rẹ gan-an. Mo,positive
Mo n lọ sí support itaja. Mo rí ọ ní ọ̀sán.,neutral
Mo ní inú didùn loni. Ọjọ́ oni dara thank you,positive
Ìfẹ́ meeting dá mi lórí. okay mi dùn sorry mo rí team,positive
Ẹ̀rọ náà kò ṣiṣẹ́ ah okay,negative
Mo work support ní ọ̀sán.,neutral
O ṣeun pupọ fun work rẹ.,positive
O update urgent ita. Ọjọ́ sorry kì hmm í deadline tó gbóná.,neutral
office tí problem ṣẹlẹ̀ kùnà. Mi ò okay eyi.,negative
email kò mọ problem tí ó team Ọjọ́ okay kì í check tó gbóná.,neutral
Eyi ko dara rara. Kò pé rara.,negative
Ó jẹ́ pé ó ń ṣeé okay thank you check ń deadline báyìí.,neutral
work ní sorry buburu. Mi ò email eyi.,negative
Mo n lọ sí ile itaja. Ó jẹ́ pé ó ń ṣeé ṣe. urgent ti dé.,neutral
O ṣeun pupọ eh fun iranlọwọ yes Ìfẹ́ rẹ̀ support mi yes,positive
O problem ẹ̀wà. Gbogbo nkan ń lọ dáadáa.,positive
Mo ní ìbànújẹ loni.,negative
Ọjọ́ update kì issue ṣe yes gbóná. A o pade lọ́la.,neutral
deadline ti ní ìrírí rere. Ọjọ́ problem update pupọ.,positive
O ṣeun pupọ work iranlọwọ office,positive
dá Ìfẹ́ mi lórí. rẹ̀,positive
urgent ò call eyi. Mo ní ìbànújẹ loni.,negative
ah Ohun tí ó office kùnà. Ọkàn meeting ń rẹ́rù gan-an.,negative
O ṣeun pupọ fun iranlọwọ rẹ. update ní inú didùn loni.,positive
call nkan ń lọ dáadáa.,positive
"Ẹ jọ̀ọ́, ṣe é ṣàlàyé? O wa ní ita.",neutral
message rí ọ ní ọ̀sán. Mo ti support,neutral
Ẹ message ṣe é please thank you oni kì yes email support gbóná.,neutral
A o pade lọ́la.,neutral
Ohun tí ó ṣẹlẹ̀ please Mo ní ìrírí buburu.,negative
Eyi ko message rara. Ohun tí ó ṣẹlẹ̀ kùnà. Ìbànújẹ ni pé o team bẹ́ẹ̀.,negative
Ẹ̀rọ náà please ṣiṣẹ́ dáadáa.,negative
O deadline please,positive
náà dáadáa. kò bẹ́ẹ̀. ni ṣe Ẹ̀rọ ṣiṣẹ́ o urgent Ìbànújẹ,negative
Mi ò fẹ́ràn eyi. Ohun tí ó ṣẹlẹ̀ support,negative
Mo ní urgent didùn loni. Ọjọ́ oni dara pupọ.,positive
"Ọjọ́ oni kì í problem update gbóná. Ẹ jọ̀ọ́, ṣe é ṣàlàyé?",neutral
ní wa ti Mo ita. O problem,neutral
Gbogbo nkan ń lọ yes support urgent rẹ gan-an.,positive
Ẹ̀rọ náà kò ṣiṣẹ́ email urgent ò fẹ́ràn eyi.,negative
"A o update office Ẹ jọ̀ọ́, ṣe message ṣàlàyé?",neutral
ṣeun problem pupọ rẹ. yii jẹ́ no update gan. iranlọwọ O,positive
"Ẹ jọ̀ọ́, ṣe é ṣàlàyé? Mo rí ọ ní update",neutral
O problem ní ita. support o pade lọ́la.,neutral
Mo ti ní please rere.,positive
like Ó jẹ́ pé ó ń ṣeé okay,neutral
Kò pé rara. Ọkàn mi support rẹ́rù gan-an.,negative
Mo ní ìbànújẹ loni. Ìbànújẹ ni pé o ṣe bẹ́ẹ̀.,negative
Ọjọ́ oni kì í ṣe email gbóná. N team mọ ohun tí ó ṣẹlẹ̀.,neutral
Ó jẹ́ pé ó later ṣeé ṣe.,neutral
Mi sorry fẹ́ràn eyi.,negative
A o call lọ́la. O wa okay ita.,neutral
Ohun tí ó ṣẹlẹ̀ kùnà. office ní ìrírí buburu.,negative
email rí ọ ní ọ̀sán. N call mọ ohun tí ó ṣẹlẹ̀.,neutral
Ìbànújẹ ni pé o ṣe bẹ́ẹ̀. O work call ti ko check rara.,negative
Ọjọ́ oni kì í ṣe tó gbóná.,neutral
Mo rí ọ check ọ̀sán.,neutral
Mo ní ìrírí buburu.,negative
urgent rí ọ ní ọ̀sán. Mo sorry dé.,neutral
"Ẹ jọ̀ọ́, ṣe é ṣàlàyé? N kò mọ ohun tí ó ṣẹlẹ̀.",neutral
Mo ti please,neutral
N kò mọ work tí ó ṣẹlẹ̀. update n lọ sí ile itaja.,neutral
Ìbànújẹ ni pé o ṣe bẹ́ẹ̀. Mo ní ìbànújẹ please Ọkàn mi ń support gan-an.,negative
Mo n lọ sí ile itaja. issue oni issue support ṣe later gbóná.,neutral
Ẹ̀rọ náà support kò ah ṣiṣẹ́,negative
ni deadline please,positive
Ohun tí ó later no,negative
problem o pade lọ́la. O wa ní later,neutral
Eyi deadline dara rara.,negative
dá Ìfẹ́ O Mo fẹ́ràn rẹ̀ ẹ̀wà. ni gan-an. rẹ lórí. mi,positive
O ṣeun pupọ team iranlọwọ check,positive
O ni ẹ̀wà.,positive
Ìbànújẹ ni pé o thank you bẹ́ẹ̀. issue ko dara rara.,negative
Mo urgent inú didùn message,positive
no ní inú didùn loni.,positive
rere. ìrírí ti please ní,positive
Ọjọ́ meeting dara pupọ.,positive
Ọkàn mi ń rẹ́rù gan-an. Mo no ìbànújẹ loni. Mi ò fẹ́ràn eyi.,negative
support oni dara pupọ.,positive
check ní ìrírí buburu. Ẹ̀rọ team kò ṣiṣẹ́ dáadáa.,negative
Mo support later ìrírí rere.,positive
Kò pé rara. Ohun tí ó ṣẹlẹ̀ kùnà.,negative
Mo ní inú didùn loni.,positive
Ọkàn mi update eh rẹ́rù gan-an. Ìbànújẹ message pé o ṣe bẹ́ẹ̀.,negative
Ẹ̀rọ náà office thank you dáadáa. Ọkàn office okay rẹ́rù gan-an.,negative
Ọjọ́ oni dara pupọ. O ṣeun pupọ fun iranlọwọ okay office later ẹ̀wà.,positive
Ẹ̀rọ náà ń ṣiṣẹ́ báyìí.,neutral
Mo ti dé.,neutral
Mo rí ọ ní ọ̀sán.,neutral
office n lọ work ile itaja.,neutral
Ìbànújẹ ni pé later ṣe okay Eyi thank you dara rara.,negative
ń buburu. meeting issue mi gan-an. ní Mi Ọkàn eyi. ò Mo rẹ́rù,negative
Ọjọ́ oni dara pupọ. Inú mi dùn pé mo rí ọ.,positive
Mo ti dé.,neutral
later ni ẹ̀wà. Ọjọ́ oni dara pupọ. Mo fẹ́ràn eh rẹ gan-an.,positive
Ọmọde yii jẹ́ ọlọ́gbọ́n gan. Inú mi dùn pé mo rí ọ.,positive
Mo ti dé.,neutral
Ọjọ́ oni thank you í ṣe tó gbóná.,neutral
Mo fẹ́ràn rẹ gan-an.,positive
you know please ni ẹ̀wà. Mo fẹ́ràn rẹ gan-an. Ọmọde check jẹ́ ọlọ́gbọ́n issue,positive
O ni ẹ̀wà.,positive
Ohun tí ó ṣẹlẹ̀ kùnà.,negative
Mo ní message buburu. Ẹ̀rọ issue kò ṣiṣẹ́ meeting,negative
check pé rara. Ẹ̀rọ náà kò ṣiṣẹ́ dáadáa. meeting tí ó ṣẹlẹ̀ office,negative
Mi ò team eyi. thank you ni pé o ṣe bẹ́ẹ̀.,negative
kò message dáadáa. update ìbànújẹ loni. Ẹ̀rọ náà problem,negative
O ṣeun pupọ fun issue rẹ. okay ti ní ìrírí rere.,positive
Eyi ko dara thank you Ohun tí ó ṣẹlẹ̀ kùnà. team pé rara.,negative
Inú mi dùn pé you know mo team ọ. Gbogbo nkan ń lọ dáadáa.,positive
Ó jẹ́ problem ó ń ṣeé ṣe. Mo n lọ urgent ile please N kò mọ ohun message update update,neutral
O ṣeun pupọ fun iranlọwọ rẹ. deadline okay ẹ̀wà. Mo fẹ́ràn message work,positive
"o lọ́la. Ẹ pade jọ̀ọ́, no team update ṣe",neutral
Mo ti dé. Ẹ yes ṣe é ṣàlàyé?,neutral
Ìfẹ́ rẹ̀ dá mi lórí. okay mi dùn pé mo rí ọ.,positive
issue ní ìbànújẹ loni.,negative
Ẹ̀rọ náà ń ṣiṣẹ́ báyìí.,neutral
hmm Ìbànújẹ ni pé o ṣe bẹ́ẹ̀.,negative
Mo okay rẹ gan-an.,positive
issue ko dara deadline,negative
O update update fun yes rẹ. Ọjọ́ issue dara call,positive
team work ṣe é ṣàlàyé?,neutral
Ìfẹ́ rẹ̀ dá mi lórí. yes yii jẹ́ ọlọ́gbọ́n gan.,positive
Gbogbo support ń message dáadáa. you know Mo ní inú didùn loni.,positive
team ni ẹ̀wà.,positive
Mo okay call gan-an. Inú mi dùn pé check rí ọ.,positive
work call thank you o ṣe bẹ́ẹ̀. Eyi ko dara please O jẹ eniyan ti ko office rara.,negative
Ẹ̀rọ náà kò ṣiṣẹ́ dáadáa.,negative
later yii meeting ọlọ́gbọ́n gan. okay ṣeun email fun iranlọwọ rẹ.,positive
later wa message ita. Mo n sorry sí urgent okay,neutral
Inú mi issue pé mo rí ọ. Mo ní inú didùn loni.,positive
yes later rẹ gan-an. update check dùn no mo rí email,positive
O ṣeun pupọ fun iranlọwọ rẹ.,positive
O jẹ eniyan ti ko problem rara.,negative
Ìbànújẹ urgent call o message call Ohun tí ó ṣẹlẹ̀ kùnà. Mo ní ìrírí buburu.,negative
ti email dé. mọ kò work Mo ó ṣẹlẹ̀. N,neutral
O ni ẹ̀wà. Gbogbo nkan ń lọ dáadáa.,positive
Mo ti ní ìrírí rere. Inú mi dùn pé mo rí office,positive
Ẹ̀rọ náà message ṣiṣẹ́ dáadáa. Ọkàn mi call rẹ́rù gan-an. Ìbànújẹ ni pé o sorry bẹ́ẹ̀.,negative
support oni dara thank you,positive
Ìfẹ́ rẹ̀ dá team lórí. Mo fẹ́ràn rẹ gan-an.,positive
"Mo ti no support issue pade lọ́la. Ẹ jọ̀ọ́, ṣe é message",neutral
Mo ti dé. later kò mọ ohun tí please ṣẹlẹ̀. thank you o pade lọ́la.,neutral
Mo team rẹ gan-an.,positive
A o pade call Ẹ̀rọ náà ń message báyìí. Ó jẹ́ support ó ń ṣeé you know ṣe.,neutral
call kò mọ meeting tí ó ṣẹlẹ̀. update issue pade lọ́la.,neutral
Ohun tí ó ṣẹlẹ̀ kùnà.,negative
Gbogbo nkan update lọ dáadáa.,positive
Mo n lọ sí ile itaja.,neutral
Ọkàn mi ń rẹ́rù gan-an.,negative
Mo fẹ́ràn rẹ team Ọjọ́ oni update pupọ.,positive
Ìfẹ́ rẹ̀ dá mi lórí.,positive
Mi ò fẹ́ràn eyi. urgent tí ó ṣẹlẹ̀ kùnà.,negative
you know Mo ti work ìrírí problem Inú mi dùn pé mo support ọ.,positive
O issue eniyan ti ko dara rara.,negative
Mo ní ah support buburu. O jẹ eniyan ti please dara rara.,negative
Ẹ okay ṣe é ṣàlàyé? O sorry ní deadline Mo rí thank you thank you ọ̀sán.,neutral
Mo ní ìrírí meeting,negative
Mo ní ìrírí okay later meeting rara.,negative
Kò pé rara. Ọkàn support ń rẹ́rù gan-an. hmm,negative
Mo fẹ́ràn rẹ gan-an. Ọjọ́ problem dara deadline,positive
Ọkàn mi ń rẹ́rù gan-an.,negative
"N kò mọ ohun sorry ó ṣẹlẹ̀. Ẹ hmm jọ̀ọ́, ṣe é ṣàlàyé?",neutral
Ó jẹ́ pé email ń ṣeé ṣe. Ọjọ́ oni kì í ṣe tó gbóná. N kò office ohun no ó office,neutral
Ọjọ́ oni dara pupọ. Inú mi dùn pé mo rí ọ.,positive
update n yes itaja. Mo lọ,neutral
Mo ti ní ìrírí rere. Mo fẹ́ràn rẹ please,positive
support jẹ eniyan ti ko dara rara. Eyi ko dara check,negative
Inú mi dùn pé mo meeting ọ. O ṣeun message fun thank you rẹ.,positive
email itaja. ile problem sí support,neutral
Mo ti problem ìrírí rere. Mo ní inú didùn loni. deadline fẹ́ràn rẹ gan-an.,positive
Mo update lọ sí ile itaja.,neutral
sorry mi dùn email mo support ọ. Gbogbo nkan ń lọ urgent,positive
Kò pé rara. Mi ò fẹ́ràn eyi.,negative
Inú yes deadline pé mo rí ọ.,positive
N kò mọ ohun yes ó team O wa ní message,neutral
gan-an. team check rẹ,positive
Eyi sorry dara rara.,negative
support team rara.,negative
"Ẹ jọ̀ọ́, eh ṣe é ṣàlàyé?",neutral
Ẹ̀rọ náà no urgent email O jẹ eniyan ti ko message rara. Eyi ko dara rara. ah,negative
Mo ti dé. A o please lọ́la.,neutral
Mi ò fẹ́ràn support Ohun tí ó ṣẹlẹ̀ sorry,negative
ṣiṣẹ́ báyìí. Ẹ̀rọ ń náà,neutral
team mi ń team gan-an.,negative
Kò pé message,negative
team ni pé o ṣe bẹ́ẹ̀. sorry ní update buburu.,negative
Mo ní okay buburu.,negative
thank you yii jẹ́ please gan. Gbogbo work ń lọ dáadáa.,positive
Ọjọ́ work kì í ṣe tó gbóná.,neutral
meeting nkan ń lọ dáadáa. Inú mi dùn meeting mo rí ọ. Mo ní inú didùn loni.,positive
meeting náà ń support báyìí. Ó jẹ́ pé ó office ṣeé ṣe.,neutral
"Ẹ jọ̀ọ́, ṣe é ṣàlàyé? Ẹ̀rọ sorry ń ṣiṣẹ́ báyìí. Mo no dé.",neutral
Inú problem dùn pé mo rí okay O ṣeun pupọ fun iranlọwọ rẹ. thank you ní inú problem office,positive
Kò pé rara. Ọkàn mi ń rẹ́rù gan-an.,negative
Kò pé rara.,negative
Ọjọ́ message kì í office tó yes email kò mọ ohun tí ó thank you,neutral
Ẹ̀rọ náà meeting ṣiṣẹ́ dáadáa. Mo ní ìrírí office,negative
Inú mi dùn pé mo rí ọ. Ọjọ́ oni dara pupọ.,positive
Ẹ̀rọ email kò ṣiṣẹ́ dáadáa. Ọkàn mi ń rẹ́rù call,negative
work ṣeun pupọ fun iranlọwọ rẹ. office fẹ́ràn check gan-an.,positive
Mo deadline ní ìrírí rere.,positive
yes like office email update gan-an. O jẹ eniyan ti ko sorry rara.,negative
dá lórí. rẹ̀ mi Ìfẹ́,positive
later ṣeun pupọ issue iranlọwọ rẹ. deadline mi dùn pé mo rí ọ.,positive
Ohun tí ó ṣẹlẹ̀ okay yes ni please o ṣe yes Ọkàn mi ń rẹ́rù gan-an.,negative
loni. Mo didùn rere. O thank you update Mo ní ni office inú ti,positive
Ohun work ó ṣẹlẹ̀ kùnà. please ni pé o problem bẹ́ẹ̀. Mi ò fẹ́ràn meeting,negative
Ọmọde yii meeting ọlọ́gbọ́n gan.,positive
Inú mi dùn urgent mo rí meeting update hmm yii okay ọlọ́gbọ́n gan. Gbogbo nkan ń lọ thank you,positive
Ó jẹ́ pé sorry no ṣeé update,neutral
"dé. jọ̀ọ́, é ṣe Mo no ti ṣàlàyé?",neutral
Inú mi dùn pé mo later ọ. Ọmọde yii jẹ́ ọlọ́gbọ́n gan.,positive
Ọjọ́ oni kì í team problem gbóná.,neutral
office rẹ̀ update email lórí.,positive
Mo problem ní no rere. Mo ní inú didùn loni.,positive
O wa ní check Ọjọ́ oni kì í ṣe tó gbóná.,neutral
email fẹ́ràn rẹ gan-an.,positive
fẹ́ràn Mo issue ní work support gan-an. rẹ ìrírí,positive
A o pade lọ́la.,neutral
Mo fẹ́ràn rẹ gan-an. Mo ní inú didùn loni.,positive
O ni urgent,positive
Ọkàn mi ń rẹ́rù gan-an.,negative
message ni pé no ṣe bẹ́ẹ̀.,negative
"Ẹ jọ̀ọ́, ṣe é ṣàlàyé? A o pade lọ́la.",neutral
Mo ti ní ìrírí rere.,positive
Ẹ problem ṣe é ṣàlàyé? Ẹ̀rọ eh update ń ṣiṣẹ́ báyìí.,neutral
Inú mi dùn pé office rí ọ.,positive
Ọjọ́ oni kì í support tó gbóná.,neutral
Ó jẹ́ pé ó call work like ṣe.,neutral
issue nkan ń check deadline O ni ẹ̀wà.,positive
didùn Mo message ní loni.,positive
Mo please ní ìrírí rere. eh,positive
N kò mọ ohun tí ó ṣẹlẹ̀.,neutral
Mo ti ní ìrírí support Mo ní okay thank you loni.,positive
Ìfẹ́ rẹ̀ dá mi lórí. Mo fẹ́ràn sorry please Inú mi dùn pé mo rí ọ.,positive
Ọjọ́ oni dara pupọ.,positive
O jẹ eniyan ti ko dara rara. Kò pé rara.,negative
deadline pé rara. Ohun tí ó okay problem Mo ní ìbànújẹ loni.,negative
Ohun meeting ó ṣẹlẹ̀ kùnà. Ọkàn mi thank you rẹ́rù gan-an.,negative
Ohun tí ó ah ṣẹlẹ̀ kùnà.,negative
Eyi ko dara rara. problem ní ìrírí buburu.,negative
email check dara pupọ.,positive
Ìbànújẹ ni pé sorry ṣe please,negative
N kò mọ ohun tí ó ṣẹlẹ̀. Mo rí ọ ní ọ̀sán.,neutral
Ìbànújẹ ni pé o ṣe bẹ́ẹ̀.,negative
ti dé. Mo,neutral
"Ẹ jọ̀ọ́, ṣe é ṣàlàyé?",neutral
"Ẹ jọ̀ọ́, ṣe é ṣàlàyé? Mo ti dé. Mo rí ọ ní ọ̀sán.",neutral
Ọmọde yii jẹ́ ọlọ́gbọ́n gan.,positive
Mi ò fẹ́ràn eyi.,negative
O jẹ eniyan ti ko check meeting Ẹ̀rọ náà kò ṣiṣẹ́ urgent,negative
meeting ṣeun pupọ update iranlọwọ rẹ.,positive
Ìfẹ́ rẹ̀ dá no message support oni dara pupọ.,positive
team rẹ̀ dá mi lórí. Gbogbo meeting deadline lọ dáadáa.,positive
Ẹ̀rọ issue ń ṣiṣẹ́ báyìí. later deadline ṣe sorry ṣàlàyé?,neutral
check oni kì í ṣe tó gbóná. O wa ní ita.,neutral
email urgent eh dé.,neutral
Inú okay dùn pé mo rí ọ. Ìfẹ́ rẹ̀ no mi lórí. Gbogbo meeting ń lọ dáadáa.,positive
problem o pade lọ́la. Mo n lọ sí ile itaja.,neutral
Eyi ko dara rara.,negative
Ìbànújẹ ni pé o ṣe okay,negative
Mo rí ọ ní ọ̀sán. A o email lọ́la.,neutral
N work email work meeting office sorry,neutral
urgent kò mọ ohun tí ó yes Mo rí ọ ní ọ̀sán.,neutral
O jẹ ah eniyan ti ko support rara. Ọkàn mi ń rẹ́rù meeting Ìbànújẹ problem pé o work bẹ́ẹ̀.,negative
like ko eyi. thank you ò dara work Eyi Mi,negative
O wa ní ita. A o pade message,neutral
support náà later call meeting,neutral
Mo ní ìbànújẹ loni.,negative
O wa ní check N kò mọ thank you tí ó ṣẹlẹ̀. Mo n deadline sí ile check,neutral
work nkan ń team dáadáa.,positive
Mo ti dé. Ọjọ́ okay kì sorry ṣe tó gbóná. O wa ní ita.,neutral
O jẹ okay ti call please rara.,negative
work kò thank you ohun tí ó ṣẹlẹ̀.,neutral
team ni ẹ̀wà.,positive
Ọjọ́ check meeting later ṣe tó gbóná.,neutral
Gbogbo nkan ń lọ hmm dáadáa.,positive
later yii jẹ́ team gan. thank you oni dara pupọ.,positive
kò ó ohun mọ N ṣẹlẹ̀. meeting,neutral
"Mo n lọ ah update yes support Ẹ jọ̀ọ́, ṣe é ṣàlàyé?",neutral
urgent ti meeting ìrírí rere.,positive
Mo call ìrírí buburu.,negative
ah O ni ẹ̀wà.,positive
Mo rí ọ ní ọ̀sán. update n lọ sí ile itaja.,neutral
Ọmọde yii jẹ́ ọlọ́gbọ́n gan. O ṣeun team fun iranlọwọ rẹ.,positive
Mo fẹ́ràn rẹ gan-an. Mo ní inú didùn urgent Ọjọ́ oni dara urgent,positive
ní O ita. wa ọ Mo ọ̀sán. later rí,neutral
Mo ti ní ìrírí rere.,positive
team oni kì í ṣe tó gbóná. Ẹ̀rọ okay no sorry báyìí. Mo n lọ sí message itaja.,neutral
team please mi email Mo check lórí. ti rere. dá ẹ̀wà. thank you thank you,positive
mi ọ. pé yes rí Ìfẹ́ rẹ̀ problem Inú support lórí. mi,positive
Mo ti dé. Ẹ̀rọ náà ń ṣiṣẹ́ báyìí.,neutral
ń ìrírí Mo ti gan-an. rẹ ní lọ check Mo problem dáadáa. later issue,positive
problem Ohun call kò tí issue kùnà. dáadáa. Ẹ̀rọ ṣẹlẹ̀,negative
Ẹ̀rọ náà ń ṣiṣẹ́ báyìí. O wa work ita. Mo n lọ sí ile itaja.,neutral
Ìfẹ́ rẹ̀ dá mi lórí. O ni ẹ̀wà.,positive
problem ṣeun eh pupọ issue iranlọwọ rẹ.,positive
Ẹ̀rọ náà urgent ṣiṣẹ́ no,negative
work ni deadline o ṣe bẹ́ẹ̀.,negative
"Ẹ jọ̀ọ́, ṣe urgent ṣàlàyé? Ẹ̀rọ náà ń ṣiṣẹ́ báyìí.",neutral
"Ẹ jọ̀ọ́, thank you é ṣàlàyé?",neutral
Inú mi dùn pé team rí ọ. Ìfẹ́ rẹ̀ dá okay lórí.,positive
Eyi ko dara deadline Ohun tí ó ṣẹlẹ̀ kùnà.,negative
Mi ò fẹ́ràn eyi. Ohun tí message ṣẹlẹ̀ please,negative
Mo fẹ́ràn rẹ gan-an.,positive
Ọmọde jẹ́ yii gan-an. Mo fẹ́ràn okay gan. didùn rẹ ọlọ́gbọ́n inú loni. ní,positive
later oni dara pupọ. Ọmọde yii please office gan.,positive
problem fẹ́ràn rẹ gan-an. Mo ti ní thank you rere.,positive
eh O ni ẹ̀wà.,positive
later no fẹ́ràn eyi.,negative
Eyi ko problem rara.,negative
team o pade lọ́la. O wa ní ita. N kò mọ ohun tí ó ṣẹlẹ̀.,neutral
"Ẹ jọ̀ọ́, ṣe é ṣàlàyé? Ọjọ́ okay kì problem ṣe tó gbóná.",neutral
eh Mi update fẹ́ràn eyi.,negative
message yii jẹ́ ọlọ́gbọ́n gan. okay ṣeun yes fun iranlọwọ issue O ni ẹ̀wà.,positive
Eyi ko dara call,negative
yes eh mi ń rẹ́rù gan-an. Eyi ko dara rara.,negative
issue office Mo urgent issue yes gan. Ọmọde yii Gbogbo ń nkan lọ rẹ,positive
call rẹ̀ dá mi lórí.,positive
Ìbànújẹ no pé o ṣe bẹ́ẹ̀. Ohun tí ó ṣẹlẹ̀ kùnà.,negative
email ni pé o support bẹ́ẹ̀.,negative
sorry oni check pupọ.,positive
Ìfẹ́ rẹ̀ dá mi lórí. Mo ní inú didùn update Inú mi dùn pé mo rí ọ.,positive
Mi ò fẹ́ràn eyi.,negative
Mo rí ọ ní ọ̀sán.,neutral
Ọkàn mi ń rẹ́rù gan-an. thank you later dara rara. O jẹ message ti meeting dara thank you,negative
thank you kò mọ ohun message ó ṣẹlẹ̀. Ẹ̀rọ náà ń ṣiṣẹ́ báyìí.,neutral
"meeting jọ̀ọ́, ṣe é ṣàlàyé? deadline wa ní ita.",neutral
Ọkàn mi email urgent gan-an.,negative
Ọmọde okay jẹ́ ọlọ́gbọ́n gan.,positive
work náà ń ṣiṣẹ́ sorry,neutral
Kò pé rara. Mo deadline ìbànújẹ meeting,negative
Mo n support sí ile itaja.,neutral
Mo yes inú didùn loni. O ṣeun message fun iranlọwọ rẹ. Ọmọde yii jẹ́ ọlọ́gbọ́n gan.,positive
Ọmọde deadline jẹ́ ọlọ́gbọ́n gan. Ọjọ́ oni dara pupọ. Mo ti ní call rere.,positive
didùn inú gan. Ọmọde Mo jẹ́ okay loni. yii ní,positive
Mo ní inú didùn loni. Mo meeting rẹ gan-an.,positive
work nkan ń lọ dáadáa.,positive
Mi problem fẹ́ràn eyi.,negative
ní Mo office loni. inú,positive
Mo ní ìbànújẹ urgent Ọkàn mi ń rẹ́rù gan-an. Kò pé rara.,negative
Ìbànújẹ ni pé message check bẹ́ẹ̀. Ọkàn mi ń rẹ́rù gan-an.,negative
Ìfẹ́ rẹ̀ dá work lórí. Ọmọde yii jẹ́ ọlọ́gbọ́n gan. urgent ni ẹ̀wà.,positive
O okay ní ita. Mo rí ọ ní ọ̀sán.,neutral
A o pade lọ́la.,neutral
Mi ò fẹ́ràn eyi. Ẹ̀rọ náà kò ṣiṣẹ́ dáadáa.,negative
yes wa ní sorry,neutral
issue ní ìbànújẹ loni.,negative
Mi ò fẹ́ràn eyi. O jẹ eniyan ti ko dara rara. later tí ó ṣẹlẹ̀ kùnà.,negative
Ìfẹ́ rẹ̀ dá mi lórí.,positive
like Mo n lọ sí ile itaja.,neutral
Mo ní ìrírí buburu.,negative
Ọkàn mi ń rẹ́rù problem Mo thank you ìrírí buburu. Mo ní ìbànújẹ loni.,negative
problem ò fẹ́ràn eyi.,negative
Ọjọ́ oni dara pupọ.,positive
sorry ò sorry eyi. Eyi ko dara rara.,negative
Inú mi dùn pé mo rí ọ.,positive
Ó later pé ó ń message ṣe. Mo n lọ sí ile itaja.,neutral
Ọjọ́ oni dara pupọ. Mo ní inú didùn loni.,positive
Mo ní inú no loni. Ìfẹ́ rẹ̀ work mi lórí.,positive
Inú mi dùn pé sorry rí ọ. no ni ẹ̀wà. Ìfẹ́ rẹ̀ dá mi lórí.,positive
Inú mi sorry pé mo problem ọ. Mo ní yes support loni.,positive
Mo rí ọ ní update,neutral
A o pade lọ́la. later oni kì í ṣe tó gbóná.,neutral
O jẹ work ti ko sorry rara. Mi email fẹ́ràn eyi.,negative
Mo fẹ́ràn rẹ yes,positive
ní dé. ọ̀sán. Mo like yes rí ti no,neutral
Mo ní ìrírí buburu. Ohun tí ó ṣẹlẹ̀ kùnà.,negative
Ọmọde yii jẹ́ yes gan. Mo ti ní message rere.,positive
Mi ò support deadline O jẹ eniyan ti ko dara rara.,negative
gan-an. thank you deadline rẹ,positive
Mo ti ní ìrírí rere. Mo fẹ́ràn rẹ office,positive
ọ ọ̀sán. ṣiṣẹ́ ń rí Mo ní báyìí. Ẹ̀rọ problem,neutral
email ni problem o ṣe bẹ́ẹ̀.,negative
ìrírí ní Mo buburu.,negative
meeting ni pé o ṣe bẹ́ẹ̀.,negative
Gbogbo nkan ń support dáadáa.,positive
pé problem ni Ọkàn o ìbànújẹ mi Mo ṣe rẹ́rù bẹ́ẹ̀. ń Ìbànújẹ loni. gan-an.,negative
Mo ti dé.,neutral
Mo ní inú didùn loni. Inú mi dùn pé update rí ọ. O ni problem,positive
Ọjọ́ oni kì email ṣe tó thank you Mo n message sí ile itaja. Mo rí ọ ní meeting,neutral
O ṣeun pupọ meeting iranlọwọ rẹ. yes mi dùn pé mo rí issue,positive
"jọ̀ọ́, é Mo ṣe ṣàlàyé? ní ọ rí ọ̀sán. hmm Ẹ",neutral
Gbogbo nkan ń okay call Mo deadline ní update rere.,positive
Ọjọ́ oni kì message ṣe tó gbóná.,neutral
thank you ní please Mo,negative
Eyi ko urgent rara.,negative
Mo ti support,neutral
ko dara O rara. ti Mi ò jẹ fẹ́ràn hmm eniyan eyi.,negative
"Ẹ jọ̀ọ́, ṣe check ṣàlàyé? Ẹ̀rọ check sorry issue báyìí.",neutral
mọ ṣẹlẹ̀. N thank you ó kò deadline,neutral
Ọjọ́ issue dara pupọ.,positive
"O wa ní deadline Mo rí ọ check ọ̀sán. call jọ̀ọ́, ṣe later no",neutral
support jẹ eniyan please ko dara rara.,negative
Mo rí work ní ọ̀sán. Ẹ̀rọ náà urgent ṣiṣẹ́ báyìí.,neutral
Mo ní inú didùn loni. Mo later rẹ gan-an. please nkan ń lọ dáadáa.,positive
Ìbànújẹ update pé update ṣe issue Eyi ko dara rara. Mi ò fẹ́ràn please,negative
Mo fẹ́ràn no check O ni ẹ̀wà.,positive
Mo ti ní urgent rere. Ọmọde yii support ọlọ́gbọ́n gan.,positive
O wa office ita.,neutral
"email jọ̀ọ́, ṣe é office",neutral
Mi ò fẹ́ràn eyi. Mo ní deadline support,negative
Ọjọ́ hmm oni dara pupọ.,positive
Mo ah ní ìrírí buburu.,negative
Ẹ̀rọ náà ń ṣiṣẹ́ báyìí.,neutral
Mo ti team,neutral
urgent ò fẹ́ràn eyi.,negative
Mo update ní meeting rere. problem deadline dùn pé message rí ọ.,positive
Ẹ̀rọ please kò ṣiṣẹ́ dáadáa. eh Ọkàn mi ń rẹ́rù gan-an.,negative
Mo later dé.,neutral
Mo ti ní ìrírí rere. Ọjọ́ oni okay pupọ.,positive
Mo fẹ́ràn rẹ gan-an.,positive
"Mo rí ọ later ọ̀sán. Ẹ jọ̀ọ́, ṣe é check",neutral
Ọmọde yii support ọlọ́gbọ́n gan. Ọjọ́ oni yes pupọ.,positive
ti wa Mo ní ita. sorry dé.,neutral
Ìbànújẹ ni pé o ṣe deadline Mo ní ìrírí okay,negative
ṣe. kò sorry ohun support jẹ́ ó sorry office N please ṣẹlẹ̀. ṣeé please,neutral
"thank you oni work í ṣe meeting gbóná. Ẹ jọ̀ọ́, ṣe é ṣàlàyé? Mo ti dé.",neutral
Mi later fẹ́ràn thank you O jẹ like work ti message dara rara.,negative
Kò check rara.,negative
Mo n lọ sí ile itaja. N kò thank you ohun update meeting ṣẹlẹ̀.,neutral
Mi ò message eyi.,negative
Ìfẹ́ rẹ̀ deadline mi yes O ni ẹ̀wà. O ṣeun pupọ fun iranlọwọ rẹ.,positive
please please dé.,neutral
support ti dé. sorry n lọ sí ile itaja.,neutral
Ẹ̀rọ náà ń ṣiṣẹ́ báyìí. Ó jẹ́ pé ó ń ṣeé ṣe.,neutral
O ṣeun pupọ fun iranlọwọ call Mo okay ní work rere.,positive
O ni ẹ̀wà. Gbogbo nkan ń lọ dáadáa. check ní inú didùn loni.,positive
Ọjọ́ oni kì í ṣe tó gbóná. Ó jẹ́ pé ó ń ṣeé ṣe.,neutral
Mo deadline meeting ìrírí rere. deadline ṣeun deadline fun iranlọwọ later,positive
Mo fẹ́ràn rẹ gan-an.,positive
Mo ti update Ó update pé ó work ṣeé ṣe.,neutral
please ṣeun pupọ fun deadline no,positive
Ọmọde yii jẹ́ ọlọ́gbọ́n gan.,positive
Ìfẹ́ rẹ̀ dá mi lórí. call yii hmm jẹ́ ọlọ́gbọ́n gan.,positive
support team kò ṣiṣẹ́ dáadáa. okay pé rara. O like jẹ check deadline ko dara rara.,negative
O jẹ eniyan update ko dara rara.,negative
Eyi eyi. Mo ìrírí Mi rara. ní ò yes buburu. ko dara,negative
Mo ní ìbànújẹ loni. Ohun thank you ó ṣẹlẹ̀ office,negative
Mo ti ní ìrírí rere. Inú team dùn meeting email rí ọ.,positive
update nkan ń lọ yes Inú sorry dùn pé mo rí ọ. Mo fẹ́ràn rẹ gan-an.,positive
Mo issue inú didùn loni.,positive
O ni ẹ̀wà. Ọmọde yii jẹ́ ọlọ́gbọ́n gan.,positive
N kò mọ ohun call ó ṣẹlẹ̀. Ọjọ́ oni kì í ṣe tó gbóná.,neutral
O jẹ okay ti ko call rara. Ọkàn sorry ń rẹ́rù team Mi okay fẹ́ràn eyi.,negative
email ni pé o ṣe bẹ́ẹ̀. please check message call Ẹ̀rọ náà email ṣiṣẹ́ dáadáa.,negative
O wa ní team,neutral
Eyi ko message rara. Mo ní ìrírí buburu.,negative
Ọmọde sorry jẹ́ ọlọ́gbọ́n gan. Mo problem ní ìrírí rere.,positive
N please mọ ohun tí ó ṣẹlẹ̀. A o pade sorry Mo n lọ sí ile itaja.,neutral
Ọjọ́ urgent kì í ṣe tó okay Ó message team ó ń ṣeé ṣe.,neutral
mo didùn loni. dùn Inú mi rí ní pé inú ọ. Mo,positive
support ni pé o meeting bẹ́ẹ̀.,negative
A no pade lọ́la. Mo work lọ sí ile team,neutral
A please o náà Ẹ̀rọ pade lọ́la. báyìí. team,neutral
Mo ní ìrírí buburu.,negative
O ni ẹ̀wà. Mo office inú didùn check,positive
yes no ọ ní ọ̀sán. O wa ní deadline,neutral
O issue ẹ̀wà.,positive
Mo ní ìbànújẹ loni.,negative
Ọjọ́ kì gbóná. message í problem ṣe,neutral
Ẹ̀rọ náà problem ṣiṣẹ́ báyìí. Ó jẹ́ pé check ń ṣeé ṣe.,neutral
office wa ní ita. Ẹ̀rọ okay ń ṣiṣẹ́ báyìí.,neutral
Gbogbo nkan issue lọ dáadáa.,positive
Mo fẹ́ràn rẹ gan-an. please ṣeun pupọ fun iranlọwọ rẹ.,positive
eniyan rara. O jẹ dara pé ko ti rara. thank you,negative
Ọkàn please ń rẹ́rù gan-an. O jẹ eniyan deadline ko dara rara.,negative
A o pade lọ́la.,neutral
Mo rí ọ check ọ̀sán. Ẹ̀rọ náà ń issue sorry,neutral
thank you náà ń ṣiṣẹ́ okay,neutral
O wa ní ita.,neutral
sorry pé later Ẹ̀rọ sorry kò ṣiṣẹ́ dáadáa.,negative
Gbogbo nkan office lọ dáadáa.,positive
Ọkàn no gan-an. rẹ́rù team,negative
Eyi ko okay rara.,negative
Mo ní ìrírí buburu. check pé rara.,negative
Mo fẹ́ràn rẹ gan-an.,positive
Ọkàn later ń rẹ́rù gan-an.,negative
check ko problem okay hmm Mi office fẹ́ràn eyi.,negative
work sorry problem í urgent tó gbóná.,neutral
Ẹ̀rọ náà ń ṣiṣẹ́ báyìí. N kò mọ ohun email support ṣẹlẹ̀.,neutral
no náà ń ṣiṣẹ́ call,neutral
Eyi ko dara rara.,negative
Ó jẹ́ pé ó check ṣeé ṣe.,neutral
Mo rẹ́rù mi loni. issue Ọkàn ní ìbànújẹ gan-an.,negative
Mo rí ọ ní ọ̀sán. support jẹ́ pé ó ń ṣeé ṣe.,neutral
Mo ní ìbànújẹ loni.,negative
Ọmọde yii jẹ́ ọlọ́gbọ́n gan. Mo fẹ́ràn no gan-an.,positive
Ìfẹ́ rẹ̀ dá mi lórí. O ṣeun pupọ fun iranlọwọ rẹ.,positive
N kò mọ check tí ó urgent Mo rí ọ ní ọ̀sán.,neutral
Mo ní ìbànújẹ loni.,negative
Mo n problem meeting ile itaja. Ẹ̀rọ náà ń support báyìí.,neutral
Mo ní problem update,negative
Ìfẹ́ rẹ̀ dá office lórí.,positive
later ò fẹ́ràn eyi. O jẹ eniyan ti ko dara rara.,negative
team office update ó later ṣeé ṣe.,neutral
Mi ò fẹ́ràn eyi. Ẹ̀rọ náà kò office dáadáa.,negative
deadline o pade work,neutral
Mo later support sí ile itaja.,neutral
issue oni meeting í ṣe tó gbóná. Mo ti later,neutral
Inú update issue pé mo no ọ. support yii jẹ́ ọlọ́gbọ́n gan.,positive
Mo n lọ sí ile itaja.,neutral
no ní inú didùn office,positive
Ọjọ́ oni urgent í ṣe tó gbóná. hmm,neutral
O wa okay okay,neutral
email náà kò ṣiṣẹ́ dáadáa. Mo ní ìrírí buburu.,negative
Kò pé rara. Ẹ̀rọ náà kò ṣiṣẹ́ dáadáa.,negative
Ìfẹ́ rẹ̀ urgent mi lórí. no fẹ́ràn rẹ gan-an.,positive
Mo problem later okay kò mọ ohun tí ó ṣẹlẹ̀.,neutral
urgent ní email update support,positive
thank you ti ní ìrírí rere.,positive
please ti office rere. ní,positive
Inú mi dùn pé you know please rí ọ. Mo ní inú didùn loni.,positive
Ìfẹ́ rẹ̀ dá mi lórí. Ọjọ́ oni no urgent,positive
call ko dara rara.,negative
Mi ò fẹ́ràn sorry Ìbànújẹ ni pé o update bẹ́ẹ̀.,negative
A o deadline lọ́la. Mo ti dé.,neutral
N kò meeting ohun tí ó ṣẹlẹ̀. A yes pade lọ́la. Ọjọ́ oni kì í ṣe meeting gbóná.,neutral
Mi ò fẹ́ràn eyi. check tí ó ṣẹlẹ̀ no,negative
O jẹ eniyan ti thank you meeting rara. Mo ní ìbànújẹ loni. Mi ò fẹ́ràn eyi.,negative
N deadline mọ ohun tí ó support Mo ti dé.,neutral
ohun Ẹ̀rọ tí mọ ṣiṣẹ́ kò ó ṣẹlẹ̀. náà báyìí. meeting N,neutral
O ṣeun pupọ fun iranlọwọ check problem ni urgent,positive
lọ nkan update dáadáa. ń,positive
yes náà ń ṣiṣẹ́ báyìí. Ó issue pé team ń ṣeé ṣe. O check ní ita.,neutral
O jẹ eniyan ti ko dara rara.,negative
A no message lọ́la. Mo deadline lọ sí ile itaja.,neutral
Ẹ̀rọ náà kò ṣiṣẹ́ team,negative
Eyi ko dara rara. Mo ní ìrírí buburu. O jẹ eniyan ti problem update rara.,negative
support ni pé o call email Ọkàn work ń team gan-an.,negative
deadline ti dé. Ẹ̀rọ náà ń ṣiṣẹ́ báyìí.,neutral
office okay mọ ohun tí ó ṣẹlẹ̀.,neutral
Mi ò call eyi.,negative
Ó email like pé ó ń support ṣe.,neutral
Mo ti dé.,neutral
Mo office inú didùn loni. Mo ti ní work problem,positive
Ọkàn okay ń rẹ́rù gan-an.,negative
email ni pé o ṣe bẹ́ẹ̀. Mo ní call loni. Mo ní ìrírí buburu.,negative
Ìbànújẹ sorry pé o ṣe bẹ́ẹ̀. call náà kò ṣiṣẹ́ no sorry ko dara rara.,negative
"ṣàlàyé? Ẹ é jọ̀ọ́, ṣe",neutral
support yii jẹ́ ọlọ́gbọ́n issue,positive
"Ẹ jọ̀ọ́, ṣe é ṣàlàyé? Ọjọ́ deadline kì í ṣe tó gbóná.",neutral
"Ẹ jọ̀ọ́, ṣe é ṣàlàyé?",neutral
Ọjọ́ sorry kì í ṣe tó gbóná. thank you jẹ́ yes team ń ṣeé like call,neutral
"Ẹ jọ̀ọ́, ṣe é ṣàlàyé? office ti dé.",neutral
no oni dara pupọ.,positive
Mo n lọ sí ile itaja.,neutral
call yii support ọlọ́gbọ́n gan. Inú mi issue urgent mo rí ọ.,positive
Inú mi dùn pé mo rí call Ìfẹ́ rẹ̀ dá mi deadline O ṣeun pupọ fun iranlọwọ rẹ.,positive
Mo náà no update email n Ó ile ṣiṣẹ́ báyìí. issue ń lọ ń ó sí pé ṣeé,neutral
O check ní ita. Mo n lọ sí ile itaja.,neutral
O lọ́la. message urgent message A wa ita.,neutral
Mo rí thank you ní ọ̀sán. A later pade yes,neutral
O wa ní ita. Mo ti dé. A o pade lọ́la.,neutral
call issue inú didùn loni. Mo fẹ́ràn rẹ gan-an.,positive
Mo ní urgent loni.,negative
Kò pé sorry Ohun please ó ṣẹlẹ̀ kùnà.,negative
Mo ti team deadline team Inú mi issue yes mo rí ọ.,positive
office rí ọ ní ọ̀sán. Mo n lọ sí ile meeting,neutral
Kò pé rara. O jẹ eniyan ti support dara rara.,negative
team ní later didùn loni. Mo ti ní ìrírí rere.,positive
please náà ń ṣiṣẹ́ please please o pade check,neutral
Ẹ̀rọ email ń ṣiṣẹ́ báyìí.,neutral
Mo rẹ ni okay ẹ̀wà. gan-an. fẹ́ràn,positive
office pé rara. Eyi issue team rara.,negative
A o pade lọ́la. Mo thank you ọ issue ọ̀sán.,neutral
O jẹ eniyan message later dara rara.,negative
meeting rẹ̀ dá mi lórí.,positive
Ọjọ́ update dara support message fẹ́ràn rẹ gan-an.,positive
Kò update rara.,negative
A o pade lọ́la. Mo rí ọ ní ọ̀sán.,neutral
O work pupọ fun iranlọwọ rẹ.,positive
Eyi ko please rara. Ìbànújẹ ni pé team ṣe bẹ́ẹ̀. urgent ní ìrírí problem,negative
problem no O,positive
message ni pé o ṣe bẹ́ẹ̀.,negative
Ọmọde yii ah jẹ́ ọlọ́gbọ́n gan.,positive
Ọjọ́ work kì í ṣe tó gbóná.,neutral
Ọmọde yii jẹ́ ọlọ́gbọ́n issue,positive
Mo ní ìrírí buburu. Mo ní ìbànújẹ no,negative
N kò mọ ohun please ó meeting,neutral
Mi ò email eyi. office ní ìbànújẹ loni.,negative
Mo no hmm work sí ile itaja.,neutral
Ẹ̀rọ hmm náà kò ṣiṣẹ́ issue,negative
Mi office call eyi. Eyi ko dara problem,negative
ṣẹlẹ̀ sorry okay tí Ohun,negative
Ẹ̀rọ náà kò urgent dáadáa.,negative
Mo ti okay N kò mọ ohun tí ó no,neutral
O jẹ eniyan ti meeting dara rara.,negative
Ọjọ́ oni email team ṣe tó deadline A o pade lọ́la. N kò mọ ohun yes ó ṣẹlẹ̀.,neutral
ń gan-an. ṣe Ọkàn please o issue mi office Ìbànújẹ rẹ́rù Kò ni pé,negative
Mo ní ìbànújẹ loni. Mo ní ìrírí buburu. Eyi ko dara rara.,negative
call email rẹ gan-an. Mo ti ní ìrírí rere.,positive
office meeting ko eniyan please rara. jẹ,negative
problem jẹ no ti please no rara. Mi ò fẹ́ràn eyi.,negative
O ṣeun pupọ fun deadline rẹ.,positive
A o pade lọ́la. support rí ọ ní ọ̀sán.,neutral
Mo like ti ní message meeting team fẹ́ràn rẹ gan-an. Gbogbo nkan ń lọ dáadáa.,positive
Eyi ko issue message office ní support meeting,negative
issue ti dé. Mo rí ọ ní like ọ̀sán. Mo n lọ sí work itaja.,neutral
Mi ò fẹ́ràn eyi. team pé rara.,negative
Inú mi dùn pé mo rí ọ. message ti ní ìrírí later,positive
O wa ní deadline hmm,neutral
office team lọ ń O dáadáa. Gbogbo nkan,positive
okay tí ó ṣẹlẹ̀ kùnà.,negative
Ohun tí ó ṣẹlẹ̀ kùnà.,negative
Mo ti dé.,neutral
office okay email rẹ́rù ń,negative
no ni pé o ṣe bẹ́ẹ̀.,negative
O jẹ eniyan ti ko dara rara. Ẹ̀rọ náà kò ṣiṣẹ́ dáadáa.,negative
gbóná. jẹ́ kì ó ṣe. email Ọjọ́ email problem ṣe sorry rí please Mo later ní tó oni ń,neutral
Ohun please support ṣẹlẹ̀ kùnà.,negative
tí ti sorry ohun call ó kò Mo dé. ah meeting,neutral
Mo rí problem no team Ó jẹ́ pé email ń ṣeé work call oni kì later ṣe deadline gbóná.,neutral
Mo ní ìrírí sorry please thank you ó ṣẹlẹ̀ kùnà.,negative
Mo later rẹ gan-an.,positive
Ìbànújẹ ni pé o no bẹ́ẹ̀. Ọkàn mi ń urgent gan-an.,negative
Ìfẹ́ rẹ̀ dá mi lórí. Ọmọde yii jẹ́ email gan.,positive
update issue ọ update ọ̀sán.,neutral
Eyi ko dara rara. sorry ò fẹ́ràn eyi. Ìbànújẹ ni email o check bẹ́ẹ̀.,negative
Ìfẹ́ update dá mi lórí.,positive
rara. Eyi Ohun ko tí support ó ṣẹlẹ̀ like dara,negative
Inú mi dùn pé problem rí ọ.,positive
Ohun tí problem ṣẹlẹ̀ kùnà. O yes eniyan please ko dara yes,negative
Mo ti dé.,neutral
A pade team o,neutral
O wa check ita.,neutral
N kò mọ ohun tí ó ṣẹlẹ̀.,neutral
"Ẹ jọ̀ọ́, ṣe é ṣàlàyé?",neutral
O ni ẹ̀wà.,positive
N kò mọ ohun yes ó ṣẹlẹ̀.,neutral
"Ẹ jọ̀ọ́, ṣe é update Mo n hmm lọ sí ile itaja.",neutral
Ọjọ́ update office í ṣe tó gbóná. O deadline ní ita.,neutral
Kò pé rara. Ìbànújẹ support pé o issue bẹ́ẹ̀.,negative
Eyi check deadline rara. Ohun tí ó okay sorry,negative
Gbogbo nkan ń no dáadáa. O ṣeun thank you fun iranlọwọ rẹ.,positive
A o pade lọ́la. Ẹ̀rọ náà ń sorry báyìí. N kò mọ ohun tí thank you ṣẹlẹ̀.,neutral
Ohun support ó ṣẹlẹ̀ kùnà.,negative
Mo ní urgent no Eyi ko dara urgent please you know pé problem,negative
Eyi ko dara rara.,negative
Ìbànújẹ like ni pé o ṣe bẹ́ẹ̀. Kò update rara.,negative
Mo you know rí ọ check later O check ní ita.,neutral
Inú mi dùn support mo rí ọ.,positive
"Mo sorry lọ sí ile itaja. Ó jẹ́ please ó ń ṣeé ṣe. no jọ̀ọ́, ṣe é ṣàlàyé?",neutral
Mo ti dé. Ẹ̀rọ náà ń ṣiṣẹ́ báyìí.,neutral
Mo issue ní ìrírí rere. urgent fẹ́ràn rẹ gan-an.,positive
O ni ẹ̀wà. Mo fẹ́ràn rẹ update Inú update dùn pé mo rí ọ.,positive
A o pade lọ́la. Mo sorry office Ọjọ́ oni kì check ṣe meeting gbóná.,neutral
O wa ní ita.,neutral
O jẹ eniyan ti ko dara rara.,negative
Mo ní inú didùn work problem please dùn pé mo rí support,positive
Gbogbo nkan ń later dáadáa. check sorry dara pupọ. Mo ní inú didùn loni.,positive
Ohun urgent ó ṣẹlẹ̀ deadline,negative
náà ń email dé. issue check ti ṣiṣẹ́,neutral
Gbogbo nkan ń office dáadáa. O support pupọ fun iranlọwọ rẹ.,positive
Kò pé rara. thank you meeting sorry ṣiṣẹ́ problem,negative
email ni ẹ̀wà.,positive
Mo meeting ọ ní ọ̀sán.,neutral
Mo sorry inú didùn message office yii jẹ́ work gan.,positive
meeting náà check ṣiṣẹ́ báyìí. message urgent pade problem ah,neutral
Mo ní ìrírí support meeting jẹ eniyan ti ko dara rara.,negative
you know call ṣeun pupọ fun iranlọwọ rẹ. Gbogbo nkan later lọ dáadáa. Ọjọ́ oni dara pupọ.,positive
Ìfẹ́ rẹ̀ dá support lórí. Mo message inú didùn problem,positive
"Ẹ jọ̀ọ́, sorry é ṣàlàyé? Mo rí ọ ní ọ̀sán. Mo n issue yes ile itaja.",neutral
Mo ti ní ìrírí rere.,positive
Mo ní later didùn loni. Mo fẹ́ràn rẹ gan-an.,positive
Ọkàn mi email rẹ́rù meeting,negative
Mo deadline dé. Ọjọ́ oni kì í ṣe tó gbóná.,neutral
Mo ní ìbànújẹ loni. O jẹ deadline ti ko dara rara. Kò pé rara.,negative
Ẹ̀rọ náà ń ṣiṣẹ́ báyìí. Ó check pé ó ń ṣeé problem Mo n lọ sí ile itaja.,neutral
O jẹ eniyan ti ko yes thank you Mo ní ìbànújẹ loni.,negative
sorry ní like ìrírí buburu.,negative
issue oni kì í ṣe tó email,neutral
work yii jẹ́ ọlọ́gbọ́n gan.,positive
Mo ti dé. A o pade lọ́la.,neutral
O ṣeun pupọ fun iranlọwọ rẹ. Inú mi meeting pé mo rí ọ.,positive
Kò pé issue Mo ní ìrírí buburu.,negative
O rẹ. ṣeun pupọ iranlọwọ fun,positive
Mo update dé.,neutral
team jẹ eniyan ti ko dara urgent support support ìbànújẹ check Ohun tí deadline ṣẹlẹ̀ kùnà.,negative
O like team team ita.,neutral
Gbogbo nkan ń lọ dáadáa.,positive
problem jẹ́ pé ó ń ṣeé ṣe. Ẹ yes ṣe é ṣàlàyé?,neutral
Kò pé rara. call meeting eniyan ti ko dara rara.,negative
O wa ní ita. okay oni kì í ṣe tó gbóná.,neutral
Mo ní inú problem message,positive
Mo rí ọ call ọ̀sán. check ti dé.,neutral
Mo ní problem loni. Ọkàn no ń rẹ́rù gan-an.,negative
mi ń ṣiṣẹ́ gan-an. Ọkàn náà kò Ẹ̀rọ email rẹ́rù,negative
update ò fẹ́ràn eyi. Ẹ̀rọ náà check message dáadáa. Ọkàn mi ń rẹ́rù gan-an.,negative
Mo rí ọ problem ọ̀sán.,neutral
Ọkàn mi ń rẹ́rù no Mo ní like ìbànújẹ loni. O jẹ eniyan ti ko dara problem,negative
Ọkàn mi ń rẹ́rù deadline,negative
A o pade yes issue update mọ ohun tí ó deadline,neutral
Kò pé rara.,negative
you know tí Ohun ṣẹlẹ̀ ó kùnà.,negative
Ìbànújẹ ni pé o update bẹ́ẹ̀. support náà kò office sorry,negative
O ni ẹ̀wà. O call pupọ fun iranlọwọ rẹ.,positive
Mo ti deadline call rí ọ no ọ̀sán. Ẹ support urgent é meeting,neutral
Mo ní ìrírí buburu.,negative
Ẹ̀rọ náà ń ṣiṣẹ́ update A o later you know lọ́la.,neutral
Ẹ̀rọ náà deadline sorry issue Kò meeting issue,negative
Eyi ko dara rara.,negative
Mo ti ní ìrírí rere. Ọmọde yii update ọlọ́gbọ́n gan. problem nkan ń sorry dáadáa.,positive
Mo n lọ sí ile itaja. ah,neutral
Mi ò fẹ́ràn eyi. update tí ó ṣẹlẹ̀ team,negative
Ohun tí ó ṣẹlẹ̀ issue please okay pé o ṣe bẹ́ẹ̀.,negative
Mo ti ní ìrírí rere. Ìfẹ́ call dá mi lórí. problem oni dara pupọ.,positive
Ó jẹ́ pé ó ń office ṣe. Ẹ̀rọ náà ń ṣiṣẹ́ báyìí. Mo rí team problem ọ̀sán.,neutral
Mo ní inú update loni. email ni ẹ̀wà. Mo fẹ́ràn rẹ gan-an.,positive
lọ itaja. Mo ile sí n,neutral
Ìbànújẹ ni pé o ṣe bẹ́ẹ̀.,negative
Mo ti ní yes rere. Inú message dùn pé mo rí ọ.,positive
O ṣeun pupọ fun iranlọwọ rẹ.,positive
Ìbànújẹ ni pé o ṣe bẹ́ẹ̀.,negative
Ọjọ́ oni dara please,positive
Inú mi message pé mo rí ọ. Ọjọ́ oni dara pupọ.,positive
Mo sorry inú didùn loni. later later rẹ call O ṣeun pupọ fun iranlọwọ rẹ.,positive
you know Ọjọ́ message check pupọ. Ọmọde yii later ọlọ́gbọ́n gan.,positive
Ọkàn mi ń rẹ́rù gan-an. Eyi ko dara rara. hmm Mo ní ìbànújẹ loni.,negative
Mo ti ní later rere.,positive
Ẹ̀rọ náà check ṣiṣẹ́ dáadáa. Ohun check ó sorry message Ìbànújẹ ni pé o ṣe email,negative
Mi ò meeting problem,negative
Ohun email ó ṣẹlẹ̀ kùnà. Ìbànújẹ sorry work o ṣe bẹ́ẹ̀. Eyi ko dara rara.,negative
ní buburu. Mo ìrírí,negative
"Ẹ jọ̀ọ́, ṣe é ṣàlàyé? O please ní ita. Ó jẹ́ pé message ń ṣeé ṣe.",neutral
Mo issue ní ìrírí okay Gbogbo update ń lọ dáadáa. Mo ní inú didùn loni.,positive
Ọjọ́ oni email pupọ.,positive
Mo fẹ́ràn sorry gan-an. Mo yes inú didùn loni. deadline nkan ń lọ deadline,positive
Ìfẹ́ thank you dá check issue problem nkan ń lọ dáadáa.,positive
Ọmọde yii jẹ́ ọlọ́gbọ́n gan.,positive
O wa ní ita. thank you o pade lọ́la.,neutral
N kò mọ ohun tí ó ṣẹlẹ̀. okay sorry pé issue ń ṣeé ṣe.,neutral
Ọkàn mi ń team gan-an.,negative
Mo hmm n lọ sí ile itaja. A o team lọ́la.,neutral
dara call ti rara. meeting thank you jẹ,negative
office náà ń call báyìí.,neutral
dara dáadáa. check ń oni nkan lọ Gbogbo Ọjọ́,positive
office sorry issue fun iranlọwọ rẹ. you know Mo ní inú didùn loni.,positive
Ó jẹ́ pé ó later ṣeé ṣe. ah Ọjọ́ no kì no ṣe tó gbóná.,neutral
Mo ní inú didùn loni. Ọjọ́ oni deadline pupọ.,positive
Ọjọ́ oni dara pupọ.,positive
Ó jẹ́ pé ó ń ṣeé ṣe.,neutral
Mo ti ní ìrírí rere.,positive
Mo update ọ ní ọ̀sán. Mo ti dé. deadline support mọ ohun tí ó please,neutral
A o pade lọ́la. Ẹ̀rọ náà ń ṣiṣẹ́ báyìí. Mo rí ọ ní ọ̀sán.,neutral
okay okay dara rara.,negative
Eyi ko dara thank you support tí ó ṣẹlẹ̀ kùnà. later mi issue update gan-an.,negative
call náà issue ṣiṣẹ́ sorry Ọjọ́ oni kì í ṣe tó gbóná.,neutral
Mo ti ní ìrírí rere.,positive
buburu. ó call ìrírí Mo kùnà. like team tí ṣẹlẹ̀,negative
Mo ti dé. A o pade lọ́la.,neutral
Mo fẹ́ràn rẹ gan-an. Mo ti ní ìrírí support,positive
Inú mi dùn pé email rí ọ. Ọjọ́ oni dara pupọ. O ni ẹ̀wà.,positive
work sorry rara.,negative
Ẹ̀rọ náà yes ṣiṣẹ́ dáadáa.,negative
Mo rí problem ní ọ̀sán.,neutral
Ọmọde yii jẹ́ yes team Inú mi dùn pé mo thank you ọ. O okay pupọ fun iranlọwọ rẹ.,positive
Mi ò thank you check Ọkàn mi message rẹ́rù gan-an.,negative
N kò mọ problem tí ó ṣẹlẹ̀. Mo n lọ sí ile itaja.,neutral
Ọjọ́ oni dara pupọ. Ìfẹ́ rẹ̀ dá mi lórí.,positive
please deadline ń issue dáadáa. O yes problem fun iranlọwọ rẹ.,positive
you know Ó jẹ́ pé ó ń ṣeé ṣe.,neutral
sorry o pade lọ́la.,neutral
ni ẹ̀wà. O,positive
Ọmọde support jẹ́ ọlọ́gbọ́n gan.,positive
Mo ní ìbànújẹ loni.,negative
Mo urgent inú problem please Inú mi dùn okay mo issue ọ. Gbogbo nkan problem lọ dáadáa.,positive
Eyi ko dara rara.,negative
Ọkàn mi ń rẹ́rù gan-an.,negative
Mo ti dé. O wa yes ita.,neutral
O okay ẹ̀wà. you know,positive
A o pade lọ́la. Ẹ urgent ṣe é ṣàlàyé?,neutral
A o pade lọ́la. N kò mọ ohun sorry ó deadline,neutral
mọ ohun jẹ́ ó kò ń ṣẹlẹ̀. pé office tí N Ó ó ṣe. you know,neutral
Mo ní ìrírí buburu. later ní ìbànújẹ loni. Ẹ̀rọ náà kò call dáadáa.,negative
Kò pé rara.,negative
Mo ti yes check rere. O ni ẹ̀wà.,positive
pade Ẹ̀rọ problem náà o báyìí. later deadline A,neutral
Gbogbo nkan email lọ dáadáa. thank you ṣeun pupọ fun support rẹ.,positive
later update sorry gan-an. Mo ti email ìrírí support,positive
no rẹ̀ okay mi lórí.,positive
update team jẹ́ ọlọ́gbọ́n gan. Inú mi dùn pé mo rí ọ.,positive
later ṣeun pupọ fun deadline rẹ. Inú mi dùn pé okay rí ọ. Ọjọ́ oni dara pupọ.,positive
issue check fẹ́ràn eyi. Eyi ko dara rara.,negative
Eyi ko dara rara. check náà kò ṣiṣẹ́ yes,negative
urgent oni dara pupọ. Mo ní eh inú didùn loni. Inú mi dùn pé deadline okay ọ.,positive
Mo ti dé.,neutral
Kò pé rara.,negative
problem call ń ṣiṣẹ́ báyìí.,neutral
Inú mi office pé mo rí ọ. O team deadline fun iranlọwọ rẹ.,positive
Mo check ìrírí buburu. Ìbànújẹ ni pé o work bẹ́ẹ̀. Eyi ko dara rara.,negative
Ọmọde check jẹ́ ọlọ́gbọ́n gan. O ni ẹ̀wà. Mo ti ní ìrírí rere.,positive
Ó jẹ́ pé ó thank you ṣeé ṣe. Mo rí ọ ní ọ̀sán. Ọjọ́ oni kì í ṣe tó message,neutral
team you know náà meeting check dáadáa.,negative
dáadáa. Ẹ̀rọ ṣiṣẹ́ náà kò,negative
Ohun tí ó ṣẹlẹ̀ support Mo ní ìrírí support eh,negative
Ẹ̀rọ team work ṣiṣẹ́ later,neutral
Ọjọ́ oni okay pupọ.,positive
Ẹ̀rọ náà kò ṣiṣẹ́ okay Ohun tí update ṣẹlẹ̀ kùnà.,negative
issue yii jẹ́ ọlọ́gbọ́n gan. Ìfẹ́ rẹ̀ dá mi lórí.,positive
Mo fẹ́ràn office gan-an.,positive
email yii jẹ́ yes gan. O ṣeun pupọ fun iranlọwọ rẹ. O team yes,positive
Ìfẹ́ rẹ̀ dá mi lórí.,positive
Kò later office,negative
A o pade lọ́la. message deadline kì í update tó gbóná.,neutral
team dé. n sí ti Mo later Mo work,neutral
Kò deadline rara.,negative
Ìbànújẹ ni sorry o ṣe bẹ́ẹ̀. Mo ní ìbànújẹ loni.,negative
Ìfẹ́ rẹ̀ check mi lórí. Mo fẹ́ràn rẹ gan-an.,positive
N kò mọ ohun tí ó problem Ọjọ́ oni kì message ṣe please gbóná.,neutral
later email ṣe é ṣàlàyé?,neutral
support ko problem rara.,negative
N kò mọ update tí ó ṣẹlẹ̀. meeting n lọ sí support itaja.,neutral
Gbogbo nkan email lọ dáadáa.,positive
Mo support ọ̀sán. support ní,neutral
yes o sorry lọ́la.,neutral
email urgent please mi lórí. O update pupọ fun iranlọwọ rẹ. O ni ẹ̀wà.,positive
Mi ò fẹ́ràn eyi. urgent náà kò ṣiṣẹ́ dáadáa.,negative
Mo ní ìbànújẹ loni. Ẹ̀rọ náà kò ṣiṣẹ́ dáadáa.,negative
Mo ní ìbànújẹ loni. Ìbànújẹ yes pé o ṣe bẹ́ẹ̀. Mi team fẹ́ràn eyi.,negative
A office pade lọ́la. Mo ti dé.,neutral
O message check jẹ ti message ko call dara pé,negative
O wa ní ita. thank you náà ń ṣiṣẹ́ báyìí.,neutral
update rí ọ ní ọ̀sán. hmm,neutral
fẹ́ràn call problem rẹ,positive
"Ẹ jọ̀ọ́, ṣe yes ṣàlàyé? Mo n lọ okay ile itaja.",neutral
Ẹ̀rọ náà ń ṣiṣẹ́ báyìí. Mo n lọ problem ile itaja. Ó jẹ́ pé ó ń okay ṣe.,neutral
Ó jẹ́ pé ó call ṣeé ṣe. Mo check ọ ní ọ̀sán.,neutral
Ẹ̀rọ náà meeting ṣiṣẹ́ báyìí. Mo yes lọ sí ile itaja.,neutral
support nkan ń meeting email Mo fẹ́ràn rẹ gan-an. Ìfẹ́ rẹ̀ dá mi lórí.,positive
Mo fẹ́ràn rẹ gan-an.,positive
"Mo rí issue náà jọ̀ọ́, ń ní sorry ṣiṣẹ́ Ẹ Ẹ̀rọ báyìí. é ọ ṣàlàyé?",neutral
Mo okay ìbànújẹ okay O meeting office ti ko dara rara.,negative
Eyi ko dara rara.,negative
O ṣeun pupọ fun office rẹ. later yii issue please gan.,positive
ń call dáadáa. rẹ lọ email gan-an. pé mo Mo nkan rí Gbogbo Inú deadline eh issue,positive
O jẹ eniyan ti ko dara rara. Mo ní team buburu.,negative
problem Ọkàn ń team work,negative
Ọjọ́ message message pupọ. Ọmọde problem call ọlọ́gbọ́n problem O ṣeun pupọ fun meeting rẹ.,positive
email nkan ń lọ dáadáa. Mo fẹ́ràn rẹ gan-an. Ọmọde yii jẹ́ ọlọ́gbọ́n gan.,positive
Eyi yes message rara.,negative
Mo ní ìrírí buburu. Kò pé rara.,negative
sorry bẹ́ẹ̀. Ìbànújẹ ni ṣe check,negative
message mọ ó kò check issue N,neutral
work o pade you know lọ́la. Ó jẹ́ pé ó ń ṣeé ṣe.,neutral
thank you ni office o ṣe bẹ́ẹ̀. check jẹ eniyan ti ko dara rara. Mi ò fẹ́ràn eyi.,negative
Ẹ̀rọ náà kò please dáadáa. Ọkàn work ń rẹ́rù gan-an. Mo ní ìbànújẹ loni.,negative
Mo rí ọ ní ọ̀sán. update oni kì í okay sorry gbóná.,neutral
O jẹ eniyan ti ko dara rara. Mo ní ìbànújẹ no,negative
update o pade lọ́la.,neutral
Ó jẹ́ pé sorry ń ṣeé ṣe.,neutral
Ó jẹ́ pé ó ń ṣeé ṣe.,neutral
O ni ẹ̀wà. update mi dùn issue mo rí call,positive
thank you oni dara problem,positive
O jẹ eniyan ti ko dara rara. Mo ní ìbànújẹ loni.,negative
Ọjọ́ oni dara urgent,positive
Mo n lọ sí ile itaja.,neutral
O jẹ email team ko dara issue,negative
Ìfẹ́ rẹ̀ check mi lórí. problem fẹ́ràn rẹ gan-an.,positive
A sorry pade lọ́la. sorry no ṣe é ṣàlàyé?,neutral
urgent no dara yes please support rara.,negative
okay jẹ́ pé problem ń ṣeé ṣe.,neutral
Ìbànújẹ please pé o ṣe bẹ́ẹ̀.,negative
Mo rí ọ please support,neutral
Mo call ìbànújẹ loni. Ìbànújẹ ni pé okay meeting bẹ́ẹ̀. Mi team email eyi.,negative
Inú mi dùn pé mo rí deadline,positive
okay náà kò please dáadáa. Eyi ko dara rara.,negative
rara. please support,negative
"later oni kì í ṣe tó gbóná. meeting jọ̀ọ́, team é urgent",neutral
deadline mi dùn check mo rí work,positive
"Ẹ jọ̀ọ́, ṣe é ṣàlàyé?",neutral
support jẹ́ pé ó ń deadline issue Ẹ̀rọ náà ń ṣiṣẹ́ báyìí.,neutral
Ó jẹ́ pé issue update ṣeé ṣe. work rí ọ email ọ̀sán.,neutral
Ọjọ́ oni dara pupọ. Ìfẹ́ rẹ̀ dá mi team,positive
O jẹ eniyan ti ko dara rara.,negative
call ṣeun team fun iranlọwọ rẹ.,positive
Ìfẹ́ rẹ̀ dá mi lórí.,positive
dùn mo Inú pé mi later check,positive
Kò pé rara. support ní issue loni.,negative
loni. ní message ìbànújẹ,negative
Ẹ̀rọ náà ń ṣiṣẹ́ báyìí. later call kì í ṣe thank you gbóná. Mo n lọ sí team itaja.,neutral
Mo fẹ́ràn rẹ gan-an.,positive
Mo ní ìbànújẹ loni.,negative
please nkan ń lọ thank you,positive
Ẹ̀rọ náà kò problem dáadáa. Ohun tí ó urgent meeting,negative
inú Ọmọde jẹ́ yii loni. ní Mo didùn ọlọ́gbọ́n gan.,positive
office ní inú meeting loni. Mo fẹ́ràn sorry gan-an.,positive
O sorry ní update Mo message lọ urgent ile itaja. team rí ọ ní ọ̀sán.,neutral
meeting ní inú didùn call Mo ti ní ìrírí email problem ṣeun pupọ fun work rẹ.,positive
ọlọ́gbọ́n lórí. rẹ̀ Ọmọde Ìfẹ́ dá later mi jẹ́ gan.,positive
Mo n lọ sí ile itaja.,neutral
Ìbànújẹ ni pé yes later bẹ́ẹ̀. Mo ní ìrírí buburu.,negative
Mo issue ìrírí buburu.,negative
Ọkàn team ń rẹ́rù gan-an.,negative
Inú mi dùn pé mo rí ọ.,positive
Gbogbo nkan ń lọ dáadáa.,positive
Mi eyi. fẹ́ràn ò,negative
Ohun tí email yes email,negative
Ọkàn issue issue rẹ́rù call,negative
Mo ní inú didùn loni.,positive
Mo fẹ́ràn rẹ gan-an.,positive
"Ọjọ́ no kì í ṣe tó gbóná. Mo n lọ sí ile itaja. Ẹ jọ̀ọ́, ṣe é ṣàlàyé?",neutral
Mo ní inú didùn loni.,positive
O message ní ita. Mo n yes sí ile itaja. Mo rí later ní ọ̀sán.,neutral
O email email,positive
Gbogbo nkan update lọ dáadáa.,positive
Ọjọ́ oni dara pupọ. deadline ní check didùn loni.,positive
"team kò team ohun tí ó ṣẹlẹ̀. Ẹ jọ̀ọ́, ṣe é ṣàlàyé?",neutral
office yii jẹ́ ọlọ́gbọ́n gan. Mo ní support didùn call Inú mi dùn pé mo rí ọ.,positive
Mo ti ní ìrírí message Mo fẹ́ràn rẹ issue,positive
you know Mo fẹ́ràn rẹ gan-an. Ìfẹ́ support dá mi lórí.,positive
meeting rí ọ ní urgent,neutral
Eyi ko check rara.,negative
Mo later ní ìrírí rere.,positive
thank you jẹ́ pé ó ń ṣeé ṣe. A deadline team lọ́la.,neutral
Ẹ̀rọ náà yes ṣiṣẹ́ dáadáa. Kò pé rara. Mo ní ìrírí eh buburu.,negative
Ohun tí ó no kùnà. Ẹ̀rọ message support ṣiṣẹ́ dáadáa.,negative
O no pupọ fun iranlọwọ rẹ. Ọjọ́ oni dara pupọ.,positive
Eyi ko no rara. you know,negative
N kò mọ ohun email ó ṣẹlẹ̀.,neutral
issue ṣeun pupọ fun iranlọwọ later work yii jẹ́ ọlọ́gbọ́n gan.,positive
Ọjọ́ call dara pupọ. please yii jẹ́ ọlọ́gbọ́n yes later ti ní ìrírí thank you,positive
Ọkàn mi ń rẹ́rù gan-an. team problem no,negative
N kò mọ ohun tí check ṣẹlẹ̀.,neutral
Gbogbo nkan ń lọ urgent meeting mi dùn pé mo okay ọ.,positive
Ohun tí update ṣẹlẹ̀ kùnà.,negative
Mo work ti rere. ní,positive
Ẹ̀rọ náà meeting issue báyìí. Ó jẹ́ pé work ń ṣeé sorry,neutral
Mo fẹ́ràn urgent gan-an.,positive
Inú thank you dùn pé mo rí ọ.,positive
Inú mi dùn urgent mo rí ọ.,positive
O ni ẹ̀wà.,positive
work nkan yii ọlọ́gbọ́n gan. didùn meeting meeting hmm dáadáa. loni. office jẹ́ Ọmọde inú Mo,positive
Ẹ̀rọ náà ń ṣiṣẹ́ báyìí. Mo urgent message sí ile please Mo rí ọ update ọ̀sán.,neutral
Mo ní inú didùn loni. Ọjọ́ oni dara pupọ.,positive
Eyi team dara rara. email ò fẹ́ràn eyi.,negative
Mo urgent ọ ní ọ̀sán. N kò message ohun call team ṣẹlẹ̀.,neutral
O jẹ eniyan ti ko dara call office pé office,negative
Ẹ̀rọ support ń ṣiṣẹ́ báyìí. Mo work ọ ní ọ̀sán.,neutral
Eyi ko dara rara. Mi ò fẹ́ràn eyi.,negative
Mi ò fẹ́ràn eyi.,negative
N kò please ohun tí problem urgent Ẹ̀rọ náà ń ṣiṣẹ́ báyìí.,neutral
O check pupọ fun iranlọwọ please Inú call dùn pé mo rí ọ. Gbogbo nkan ń lọ dáadáa.,positive
"Mo n lọ sí ile itaja. Ẹ jọ̀ọ́, ṣe ah thank you ṣàlàyé?",neutral
ò Mi fẹ́ràn Mo ní ìbànújẹ later sorry,negative
Ìfẹ́ support dá mi email,positive
Ọmọde yii jẹ́ ọlọ́gbọ́n gan. O ṣeun pupọ fun iranlọwọ yes,positive
Ẹ̀rọ náà work please báyìí.,neutral
Ohun tí team work kùnà. later office kò call dáadáa. Ọkàn mi ń rẹ́rù gan-an.,negative
Ọjọ́ oni kì please ṣe tó okay N kò team later tí ó ṣẹlẹ̀.,neutral
Ọmọde yii jẹ́ ọlọ́gbọ́n gan. Inú mi dùn pé mo rí ọ. no fẹ́ràn rẹ work,positive
Mo ní support loni.,negative
Mo ti dé.,neutral
Ọkàn buburu. ń mi ìrírí ní ṣe gan-an. ni pé Mo rẹ́rù bẹ́ẹ̀. Ìbànújẹ o,negative
Eyi ko call buburu. ní dara Mo rara.,negative
"Ẹ jọ̀ọ́, ṣe é ṣàlàyé? Mo meeting dé.",neutral
Mo okay ní check rere. Ọmọde message jẹ́ ọlọ́gbọ́n gan.,positive
Mo ti ní ìrírí rere.,positive
"O wa ní ita. update jọ̀ọ́, ṣe é ṣàlàyé?",neutral
pé ọ Ó jẹ́ Mo ṣe. ó okay ń ṣeé ọ̀sán. ní,neutral
Inú mi dùn pé mo rí ọ.,positive
O ṣeun pupọ office iranlọwọ rẹ. Ọmọde yii jẹ́ issue gan.,positive
Mo n lọ email team meeting,neutral
Ìfẹ́ rẹ̀ dá problem lórí. Inú mi dùn pé mo rí ọ.,positive
O ni okay,positive
Eyi rara. dara yes,negative
Ẹ̀rọ náà ń ṣiṣẹ́ báyìí.,neutral
"Mo rí ọ sorry ọ̀sán. Mo ti dé. Ẹ jọ̀ọ́, ṣe é ṣàlàyé?",neutral
Mo ti dé.,neutral
O jẹ eniyan ti later dara rara. no okay rara.,negative
yes thank you mọ deadline tí ó ṣẹlẹ̀.,neutral
Mo work ní ìrírí rere. Ọjọ́ oni dara pupọ. O ni ẹ̀wà.,positive
Mo rí meeting ní ọ̀sán. Ọjọ́ oni urgent later ṣe later gbóná.,neutral
Ọjọ́ oni problem pupọ. work rẹ̀ dá ah mi lórí. Mo fẹ́ràn rẹ gan-an.,positive
O jẹ okay ti ko dara rara. Ìbànújẹ ni pé o ṣe bẹ́ẹ̀.,negative
okay please ń lọ check Ọmọde yii jẹ́ ọlọ́gbọ́n gan.,positive
Mo ní ìrírí buburu. Mo ní ìbànújẹ loni.,negative
ọ ṣe oni email tó Ọjọ́ ọ̀sán. Mo kì check ní gbóná.,neutral
Mo ní message later loni. Mo fẹ́ràn rẹ gan-an.,positive
update wa deadline ita. thank you n lọ sí ile office N kò mọ ohun tí email ṣẹlẹ̀.,neutral
Mo message support ìrírí rere. Gbogbo nkan ń problem deadline,positive
rẹ call Mo fẹ́ràn,positive
Ìfẹ́ rẹ̀ issue mi work,positive
Ọjọ́ oni pupọ. later eh,positive
O yes meeting meeting call rẹ. Ọjọ́ oni dara pupọ. eh,positive
O ni ẹ̀wà. Mo ah ti ní ìrírí rere.,positive
Kò pé rara. Ọkàn mi check rẹ́rù gan-an. Eyi support dara rara.,negative
Ó email pé ó ń ṣeé ṣe. Ẹ̀rọ náà problem ṣiṣẹ́ báyìí.,neutral
O ni ẹ̀wà. Inú meeting dùn pé please rí ọ. update nkan sorry lọ dáadáa.,positive
pé o bẹ́ẹ̀. update Ẹ̀rọ dáadáa. kò ni Ìbànújẹ náà ṣiṣẹ́,negative
Ẹ̀rọ náà kò call dáadáa. Mo ní ìrírí buburu. Kò pé rara.,negative
Ẹ̀rọ náà kò team update message ní deadline loni. Mo ní ìrírí buburu.,negative
Ó jẹ́ pé thank you ń meeting ṣe. Ọjọ́ oni kì support ṣe tó gbóná.,neutral
O jẹ eniyan ti ko dara rara.,negative
"Ẹ jọ̀ọ́, ṣe é ṣàlàyé? Ẹ̀rọ náà ń ṣiṣẹ́ meeting",neutral
Ọjọ́ deadline dara pupọ. meeting yii jẹ́ ọlọ́gbọ́n update O ni ẹ̀wà.,positive
gan-an. jẹ́ ọlọ́gbọ́n gan. problem meeting fẹ́ràn lọ email Gbogbo team eh nkan dáadáa. message,positive
Mo team ìrírí buburu.,negative
Inú mi dùn pé mo rí ọ.,positive
urgent urgent ìbànújẹ later Mi ò fẹ́ràn eyi. Ọkàn mi ń message gan-an.,negative
Inú call dùn pé mo message office,positive
Mo ní ìrírí buburu. Mi thank you fẹ́ràn eyi.,negative
Ẹ̀rọ náà kò ṣiṣẹ́ problem Mo thank you update loni.,negative
A o team lọ́la.,neutral
Mo ní ìbànújẹ update,negative
"issue ṣe. no ṣàlàyé? ń é pé jọ̀ọ́, ṣe ṣeé ó Ó",neutral
Ìbànújẹ problem pé o ṣe bẹ́ẹ̀. Mo ní ìrírí buburu.,negative
urgent Ó ṣe. ó jẹ́ pé ṣeé,neutral
Ọjọ́ oni no pupọ.,positive
Mo n lọ sí ile itaja.,neutral
team pé yes,negative
A o pade lọ́la. team jẹ́ sorry deadline deadline ṣeé ṣe. Mo please ọ ní yes,neutral
O team eniyan meeting ko dara you know rara. Ẹ̀rọ yes kò meeting dáadáa.,negative
náà pade A báyìí. ṣiṣẹ́ ń Ẹ̀rọ lọ́la. o,neutral
Ohun tí work ṣẹlẹ̀ kùnà. yes pé rara.,negative
Mo ti email ìrírí rere. O call pupọ fun iranlọwọ rẹ.,positive
Kò pé email,negative
Inú sorry dùn pé mo rí ọ. office okay pupọ fun iranlọwọ rẹ.,positive
Ọjọ́ deadline dara okay,positive
Ẹ̀rọ hmm náà kò problem dáadáa.,negative
"Ẹ jọ̀ọ́, urgent é ṣàlàyé? Ó jẹ́ pé ó ń update meeting",neutral
O ṣeun please urgent iranlọwọ rẹ.,positive
Ẹ̀rọ náà ń ṣiṣẹ́ báyìí. Mo meeting dé.,neutral
Mo work ọ ní ọ̀sán. Ọjọ́ oni sorry í ṣe problem gbóná.,neutral
later n lọ sí ile itaja. A later pade office N kò mọ ohun tí ó ṣẹlẹ̀.,neutral
Gbogbo office ń lọ dáadáa.,positive
Mo rí team ní like ọ̀sán.,neutral
Mo ti ní ìrírí rere. Mo fẹ́ràn rẹ gan-an. eh,positive
Mo ní ìrírí buburu. O jẹ eniyan ti ko dara rara.,negative
ní ko Mo eniyan buburu. ìrírí ti jẹ O dara meeting update ò Mi fẹ́ràn,negative
A eh o pade call,neutral
update ní inú eh didùn loni.,positive
Mo n lọ sí ile itaja. Mo rí ọ ní ọ̀sán.,neutral
yes ti dé.,neutral
Mo hmm n problem sí ile itaja.,neutral
"itaja. ile ṣàlàyé? ita. wa n Ẹ issue problem sí lọ ṣe é ní jọ̀ọ́,",neutral
thank you wa ní ita.,neutral
Ọkàn mi ń rẹ́rù gan-an. Ohun tí email ṣẹlẹ̀ kùnà.,negative
Kò pé rara.,negative
Ọjọ́ oni kì í ṣe tó call,neutral
Mo ní inú didùn loni.,positive
Ó jẹ́ problem email ń later ṣe. okay o okay lọ́la. Mo rí deadline ní ọ̀sán.,neutral
O wa ní ita. Ọjọ́ issue kì í ṣe tó gbóná.,neutral
Gbogbo nkan ń lọ dáadáa. Inú mi dùn pé mo rí ọ.,positive
"please update support email Ẹ̀rọ náà ń ṣiṣẹ́ meeting Ẹ jọ̀ọ́, ṣe update yes",neutral
Kò pé rara.,negative
meeting ni pé email okay bẹ́ẹ̀. update jẹ eniyan team ko dara rara.,negative
Eyi ko dara check work náà kò ṣiṣẹ́ dáadáa. Ohun tí ó please no,negative
office thank you pé o ṣe email Ọkàn mi call rẹ́rù gan-an.,negative
Mo ní inú didùn team,positive
A o pade lọ́la. Ọjọ́ oni kì í ṣe yes gbóná.,neutral
Inú mi dùn pé like mo rí ọ. Mo yes ní ìrírí rere. Ọjọ́ oni dara urgent,positive
Ohun tí meeting later kùnà. deadline mi ń rẹ́rù gan-an.,negative
"N kò mọ no thank you ó ṣẹlẹ̀. Ó sorry urgent ó ń okay ṣe. team jọ̀ọ́, ṣe é ṣàlàyé?",neutral
O ni okay Gbogbo nkan ń lọ deadline,positive
O lọ́la. ita. o pade okay ní A,neutral
"Ẹ jọ̀ọ́, ṣe é ṣàlàyé? Mo n lọ sí ile itaja. O wa message ita.",neutral
O ni ẹ̀wà.,positive
Inú mi dùn support mo rí office Ọmọde work jẹ́ email gan.,positive
Ẹ̀rọ náà ń ṣiṣẹ́ báyìí.,neutral
update n lọ sí ile itaja. Ẹ̀rọ náà ń ṣiṣẹ́ call Ọjọ́ oni kì í ṣe tó gbóná.,neutral
Gbogbo nkan message lọ dáadáa.,positive
Ó jẹ́ work ó ń ṣeé ṣe. N kò mọ okay tí work ṣẹlẹ̀. Ọjọ́ thank you kì í ṣe tó gbóná.,neutral
urgent deadline ń ṣiṣẹ́ báyìí. A check pade later,neutral
Mo ti dé. O email ní update,neutral
meeting ní ìrírí buburu.,negative
Mi ò fẹ́ràn eyi. Mo ní email urgent,negative
N kò mọ ohun later ó ṣẹlẹ̀. O wa urgent call,neutral
office yes ṣe team í please Ọjọ́,neutral
Mo ti ní ìrírí rere. Ọjọ́ oni dara pupọ. sorry ni update,positive
A team pade lọ́la. Ẹ̀rọ náà ń ṣiṣẹ́ báyìí.,neutral
deadline pé rara. Ohun tí ó ṣẹlẹ̀ kùnà. Mi issue fẹ́ràn eyi.,negative
Ẹ̀rọ náà ń ṣiṣẹ́ báyìí.,neutral
O ṣeun pupọ office iranlọwọ rẹ.,positive
Mo sorry ìbànújẹ loni. Mi ò fẹ́ràn eyi. Ìbànújẹ ni pé o ṣe bẹ́ẹ̀.,negative
Ohun tí ó ṣẹlẹ̀ kùnà. Ìbànújẹ ni pé email team later,negative
O meeting ní please Ọjọ́ oni kì í ṣe tó update Ó jẹ́ urgent ó ń please ṣe.,neutral
Mo ní inú urgent thank you,positive
Ohun tí ó team kùnà. Mo support problem loni.,negative
"Ẹ jọ̀ọ́, ṣe office ṣàlàyé?",neutral
Mo fẹ́ràn rẹ gan-an. sorry rẹ̀ dá mi lórí.,positive
A o no lọ́la.,neutral
N kò mọ ohun tí ó ṣẹlẹ̀. Ẹ̀rọ náà no ṣiṣẹ́ office,neutral
Mo email ìbànújẹ loni.,negative
O ni ẹ̀wà.,positive
"Ẹ jọ̀ọ́, ṣe é ṣàlàyé? message wa update issue",neutral
Ìbànújẹ yes pé o sorry bẹ́ẹ̀. Ẹ̀rọ náà update ṣiṣẹ́ call,negative
later kò mọ ohun tí ó ṣẹlẹ̀.,neutral
Ọkàn mi ń rẹ́rù gan-an.,negative
N kò mọ ohun update ó no Mo ti dé. email o deadline lọ́la.,neutral
Eyi ko check rara.,negative
Mo ti dé. no yes later í ṣe tó team,neutral
Ọjọ́ oni dara office Inú mi dùn pé mo message ọ. Mo fẹ́ràn rẹ gan-an.,positive
Kò pé rara. Ẹ̀rọ message kò ṣiṣẹ́ dáadáa.,negative
Mo problem ìrírí buburu. Mi ò update eyi. O jẹ eniyan ti ko dara rara.,negative
Ohun tí support ṣẹlẹ̀ kùnà. message pé rara.,negative
Kò pé rara. Ohun tí ó issue kùnà. Mi ò support eyi.,negative
Ìbànújẹ ni pé email ṣe no Kò pé rara. Ọkàn support ń okay problem,negative
Inú mi dùn pé mo rí ọ.,positive
Ẹ̀rọ náà ń urgent báyìí. Ọjọ́ oni like kì í no tó gbóná.,neutral
Kò pé rara.,negative
Ọjọ́ oni sorry í ṣe tó no,neutral
Ọkàn mi ń rẹ́rù gan-an. deadline náà kò ṣiṣẹ́ dáadáa. Mo ní ìbànújẹ loni.,negative
Mo ti you know ní problem rere. Mo ní deadline didùn loni.,positive
A o pade lọ́la.,neutral
Mo fẹ́ràn rẹ message O ṣeun pupọ fun iranlọwọ rẹ. thank you nkan ń lọ dáadáa.,positive
ẹ̀wà. gan-an. O yes please no fẹ́ràn,positive
Eyi ko dara call,negative
message oni dara work Ìfẹ́ rẹ̀ update mi lórí.,positive
Ọkàn mi ń rẹ́rù gan-an.,negative
Ọkàn mi ń message gan-an. O jẹ eniyan yes urgent dara work Mi ò office eyi.,negative
eh Ọmọde check jẹ́ ọlọ́gbọ́n gan. Ọjọ́ update check pupọ.,positive
call sorry dé.,neutral
update deadline update lọ dáadáa. O ni ẹ̀wà. team fẹ́ràn rẹ gan-an.,positive
you know O ni ẹ̀wà.,positive
Ìbànújẹ ni you know pé o later bẹ́ẹ̀. thank you ní ìrírí buburu.,negative
O jẹ eniyan ti no meeting urgent,negative
Ẹ̀rọ email ah ń ṣiṣẹ́ support,neutral
Ìbànújẹ ni pé o ṣe bẹ́ẹ̀. Mo meeting ìrírí buburu.,negative
Ohun tí ó ṣẹlẹ̀ kùnà. issue náà urgent ṣiṣẹ́ dáadáa.,negative
Mo rí ọ ní thank you,neutral
N kò mọ ohun tí ó ṣẹlẹ̀. sorry ti dé.,neutral
sorry mi ń rẹ́rù gan-an.,negative
Mo problem dé. later wa ní ita. team n lọ sí ile itaja.,neutral
please ti ní problem rere.,positive
Eyi no dara rara. Mo meeting problem sorry,negative
O jẹ eniyan please ko dara rara.,negative
Ọjọ́ oni dara yes Ìfẹ́ rẹ̀ dá mi lórí. Inú mi dùn pé mo work yes,positive
"Ẹ jọ̀ọ́, ṣe é thank you sorry n lọ sí ile itaja. urgent oni kì í ṣe tó gbóná.",neutral
Eyi ko dara sorry Ìbànújẹ ni pé o ṣe email,negative
O support ẹ̀wà.,positive
call Mo ṣàlàyé? ti é dé. urgent thank you,neutral
issue please pade lọ́la. Mo rí update later ọ̀sán.,neutral
Mo ti ní ìrírí email deadline mi dùn pé email rí ọ.,positive
Ohun tí ó ṣẹlẹ̀ kùnà. Mi ò fẹ́ràn eyi. no mi ń deadline gan-an.,negative
O jẹ eniyan ti ko dara rara. okay mi ń rẹ́rù gan-an.,negative
Mi ò fẹ́ràn thank you,negative
Ẹ̀rọ náà kò ṣiṣẹ́ dáadáa. Eyi ko work office,negative
thank you ni deadline o ṣe bẹ́ẹ̀. office deadline ń rẹ́rù gan-an.,negative
N thank you mọ ohun tí ó ṣẹlẹ̀. Ẹ̀rọ problem ń ṣiṣẹ́ báyìí.,neutral
work rẹ̀ dá mi lórí.,positive
O ni ẹ̀wà. okay fẹ́ràn rẹ gan-an. Ọjọ́ thank you dara pupọ.,positive
meeting ní ìrírí buburu. Mi update fẹ́ràn yes,negative
Mo ní inú didùn loni.,positive
check wa ní ita.,neutral
Mo please ọ message ọ̀sán.,neutral
A o problem thank you sorry rí check ní ọ̀sán.,neutral
email rí ọ ní ọ̀sán. Mo n lọ ah sí ile itaja.,neutral
Ọmọde work update ọlọ́gbọ́n gan. Mo ti ní sorry support Inú mi dùn pé mo rí ọ.,positive
O jẹ eniyan ti ko dara rara.,negative
email ko problem rara. sorry jẹ eniyan ti ko email rara.,negative
Mo n lọ sí ile call Mo ti check,neutral
Mo ti dé. A o pade lọ́la. Ẹ̀rọ náà ń ṣiṣẹ́ báyìí.,neutral
check ni O,positive
yes email dùn pé mo rí team team rẹ̀ dá mi later,positive
"rí jọ̀ọ́, Ẹ é ṣe Mo no deadline urgent ọ you know",neutral
Ẹ̀rọ náà ń ṣiṣẹ́ báyìí. Mo rí ọ ní ọ̀sán. Ó thank you pé later ń ṣeé deadline,neutral
Mo update ìrírí buburu. Ẹ̀rọ náà kò ṣiṣẹ́ dáadáa.,negative
Ọkàn please ń rẹ́rù gan-an. O jẹ eniyan later okay please rara.,negative
ṣẹlẹ̀ ó email kùnà. later,negative
Gbogbo nkan update issue dáadáa. like,positive
Ohun support ó ṣẹlẹ̀ kùnà.,negative
O jẹ eniyan ti ko meeting rara.,negative
office ti issue,neutral
Ẹ̀rọ náà ń ṣiṣẹ́ báyìí.,neutral
Ẹ̀rọ ní ṣiṣẹ́ loni. Mo no kò náà dáadáa.,negative
Ọjọ́ oni dara pupọ.,positive
Mo please tó oni urgent email wa í gbóná. ita. O kì ṣe ní ọ̀sán. rí,neutral
Gbogbo nkan ń deadline dáadáa.,positive
Mo ní inú didùn please,positive
Mo please ìrírí buburu. Eyi update dara rara.,negative
Mo ní inú didùn loni. Ọjọ́ oni dara pupọ. deadline mi dùn pé no rí ọ.,positive
"A o issue please okay jọ̀ọ́, ṣe é ṣàlàyé?",neutral
"Ẹ jọ̀ọ́, ṣe call ṣàlàyé?",neutral
deadline rẹ̀ dá mi lórí. Ọjọ́ oni dara pupọ.,positive
Mo ti ní ìrírí rere. Mo meeting inú didùn meeting,positive
Mo ní ìrírí like email,negative
call ní ìbànújẹ loni. Ọkàn later ń rẹ́rù eh gan-an.,negative
Ó update pé okay ń ṣeé ṣe.,neutral
Kò later rara.,negative
A urgent pade urgent N thank you mọ update tí ó ṣẹlẹ̀. Ó jẹ́ pé ó ń ṣeé ṣe.,neutral
Mo ní ìbànújẹ ah loni.,negative
Ìbànújẹ please pé o ṣe bẹ́ẹ̀.,negative
support okay ó no kùnà. Ìbànújẹ ni pé ah o ṣe bẹ́ẹ̀.,negative
O ṣeun pupọ fun iranlọwọ rẹ. meeting ní inú didùn loni. O ni office,positive
O wa ní please N message mọ support tí ó ṣẹlẹ̀.,neutral
later ni ẹ̀wà.,positive
office mi issue office gan-an.,negative
Gbogbo okay work lọ dáadáa. email ní inú didùn loni.,positive
Mo fẹ́ràn rẹ gan-an. Gbogbo nkan urgent deadline dáadáa.,positive
issue mi dùn pé yes rí update Mo ti ní ìrírí rere.,positive
later mi ń rẹ́rù gan-an.,negative
problem work dara pupọ.,positive
Ó office pé ó ń no ṣe.,neutral
O ni update Inú mi dùn pé mo rí ọ.,positive
Ọjọ́ oni dara pupọ.,positive
pade o A lọ́la.,neutral
later jẹ́ pé ó ń problem ṣe.,neutral
no ni pé o check bẹ́ẹ̀.,negative
Ẹ̀rọ náà okay problem báyìí. Mo ti dé.,neutral
Mo ní ìrírí deadline O jẹ eniyan ti ko later check Mi meeting fẹ́ràn eyi.,negative
okay ò urgent Ẹ̀rọ ṣiṣẹ́ kò Eyi rara. náà problem dáadáa. no dara,negative
team oni kì í no tó gbóná. Ẹ̀rọ náà later eh no báyìí.,neutral
Mo deadline dé.,neutral
A work deadline lọ́la. Ẹ update ṣe é ṣàlàyé?,neutral
Ìbànújẹ thank you pé o ṣe no Ohun tí office ṣẹlẹ̀ kùnà.,negative
Kò urgent rara. O jẹ yes ti ko dara rara.,negative
N please deadline ohun tí ó ṣẹlẹ̀.,neutral
sorry ti dé.,neutral
Ọmọde yii jẹ́ ọlọ́gbọ́n gan. Mo fẹ́ràn yes gan-an.,positive
O wa ní ita. Ó meeting pé ó ń sorry ṣe.,neutral
Ọjọ́ yes dara pupọ. Mo ní inú didùn loni. office fẹ́ràn rẹ gan-an.,positive
Ọjọ́ oni kì í ṣe tó gbóná. O sorry ní ita. N kò message ohun issue problem ṣẹlẹ̀.,neutral
Ohun tí ó ṣẹlẹ̀ kùnà.,negative
Ọjọ́ team please í ṣe team update Mo n lọ sí update itaja.,neutral
Mo ní ìbànújẹ loni. Kò pé yes,negative
Mo work rẹ gan-an.,positive
Mo fẹ́ràn urgent gan-an. Ọmọde later no ọlọ́gbọ́n thank you Ìfẹ́ rẹ̀ dá mi lórí.,positive
call check mi dùn Inú ọ. mo,positive
ti Mo dé.,neutral
O jẹ no sorry ko okay rara. Kò pé rara.,negative
urgent tí ó ṣẹlẹ̀ kùnà.,negative
Mo ní ìbànújẹ loni.,negative
O wa later ita. Ọjọ́ problem kì í ṣe tó gbóná.,neutral
Ìfẹ́ rẹ̀ email work lórí. no support urgent office,positive
Ohun tí ó ṣẹlẹ̀ kùnà. Ìbànújẹ ni okay check ṣe bẹ́ẹ̀. O problem eniyan ti meeting dara rara.,negative
Mo ti dé. meeting jẹ́ pé ó check ṣeé ṣe.,neutral
Gbogbo nkan email lọ dáadáa. please fẹ́ràn rẹ gan-an.,positive
Ọjọ́ oni dara pupọ. Ìfẹ́ rẹ̀ dá mi meeting,positive
"Ẹ jọ̀ọ́, meeting é ṣàlàyé?",neutral
call oni dara later,positive
later rí ọ team ọ̀sán. Ó jẹ́ email ó ń ṣeé check,neutral
Ọjọ́ oni kì í meeting support gbóná. A please pade lọ́la.,neutral
update Ó support ọ Mo ń ṣeé check jẹ́ team later ní,neutral
Mo meeting message gan-an.,positive
O ni ẹ̀wà. Inú mi dùn pé mo rí you know ọ.,positive
O wa ní ah ita. Ó jẹ́ pé ó ń ṣeé ṣe.,neutral
Ọmọde yii jẹ́ ọlọ́gbọ́n gan. Ìfẹ́ rẹ̀ email mi lórí. Mo problem ní ìrírí rere. ah,positive
O wa ní ita. Ẹ̀rọ náà ń ṣiṣẹ́ báyìí.,neutral
Ìfẹ́ rẹ̀ dá mi call Inú mi dùn support mo email ọ. Mo later ní ìrírí sorry,positive
Mo oni itaja. n no Ọjọ́ í tó ṣe lọ gbóná. ile sí,neutral
Ìbànújẹ ni no o like ṣe bẹ́ẹ̀.,negative
Mo fẹ́ràn rẹ gan-an. Ìfẹ́ rẹ̀ dá meeting lórí.,positive
O ṣeun call fun iranlọwọ deadline,positive
Ìbànújẹ ni pé o ṣe bẹ́ẹ̀. Ọkàn mi meeting rẹ́rù gan-an.,negative
office pé rara.,negative
Ìfẹ́ rẹ̀ dá mi thank you Mo ti ní ìrírí rere. issue ni ẹ̀wà.,positive
problem fẹ́ràn rẹ gan-an.,positive
O ni ẹ̀wà.,positive
Mo ọ̀sán. later team ní,neutral
O jẹ eniyan ti ko dara rara. Ẹ̀rọ náà team ṣiṣẹ́ thank you Mo office ìrírí urgent,negative
no jẹ́ pé check ń ṣeé ṣe. A o pade lọ́la.,neutral
work mi no pé mo rí ọ.,positive
Mo team ìbànújẹ loni. Mo ní ìrírí yes,negative
Gbogbo you know nkan ń urgent office,positive
Ẹ̀rọ náà ń ṣiṣẹ́ báyìí. O yes thank you ita. Mo ti dé.,neutral
Mo kì tó thank you update í ní ọ o ọ̀sán. oni lọ́la. rí A support gbóná.,neutral
Ọmọde okay update ọlọ́gbọ́n no,positive
call okay urgent later ah ko dara update,negative
please rẹ meeting gan-an. Ọjọ́ yes dara pupọ.,positive
Mo ní ìbànújẹ loni. Mi ò fẹ́ràn eyi. issue náà no ṣiṣẹ́ dáadáa.,negative
Mo rí ọ ní ọ̀sán.,neutral
Eyi hmm ko email problem,negative
Mo ti please ìrírí rere.,positive
Gbogbo nkan ń lọ dáadáa.,positive
meeting náà eh call ṣiṣẹ́ work,negative
N kò mọ ohun support ó sorry Ẹ̀rọ náà ń ṣiṣẹ́ báyìí. Mo ti dé.,neutral
Ọkàn okay ń email gan-an. yes ní ìrírí buburu. email ni pé o ṣe work,negative
Mo office ọ ní ọ̀sán. update work message ohun tí ó later,neutral
Mo ní inú didùn loni. Ọmọde yii jẹ́ ọlọ́gbọ́n gan.,positive
Gbogbo nkan ń lọ dáadáa. Mo fẹ́ràn rẹ gan-an. Ìfẹ́ rẹ̀ dá mi lórí.,positive
team ṣeun later fun thank you rẹ. Ọjọ́ meeting dara yes,positive
call o pade later,neutral
please check ò later ó tí ṣẹlẹ̀ later ah fẹ́ràn,negative
O yes pupọ fun iranlọwọ rẹ.,positive
rẹ̀ mi fẹ́ràn rẹ gan-an. Mo office dá lórí.,positive
update wa ní work Ó jẹ́ pé ó ń ṣeé ṣe. Mo n lọ meeting ile itaja.,neutral
please issue pé deadline ń ṣeé ṣe.,neutral
Ọkàn work ń support gan-an.,negative
Mo meeting thank you ní issue,neutral
O ṣeun pupọ fun iranlọwọ rẹ.,positive
"O wa ní ita. Mo n problem sí ile itaja. no jọ̀ọ́, ṣe é ṣàlàyé?",neutral
Ohun tí ó urgent office Ẹ̀rọ check kò ṣiṣẹ́ like work,negative
A office pade lọ́la. O wa ní yes,neutral
Kò pé rara. check ní ìbànújẹ loni. Eyi ko dara rara.,negative
Ẹ̀rọ náà ń sorry báyìí. O wa ní ita.,neutral
N kò mọ ohun tí ó ṣẹlẹ̀. Mo check lọ sí ile itaja.,neutral
A o pade hmm lọ́la.,neutral
A kò lọ́la. N ohun issue ó o team check mọ,neutral
email work ń lọ dáadáa.,positive
lórí. team mo Ìfẹ́ issue issue email ọ. problem pé dá urgent,positive
O jẹ eniyan ti ko dara rara.,negative
Mo deadline dé.,neutral
Ìbànújẹ okay pé o ṣe bẹ́ẹ̀. deadline náà kò ṣiṣẹ́ dáadáa. Ọkàn mi ń rẹ́rù later,negative
Mo no thank you support ọ̀sán. Mo ti dé.,neutral
mi call dùn Ọmọde gan. please update pé rí jẹ́ ọlọ́gbọ́n deadline,positive
N kò problem ohun tí no ṣẹlẹ̀.,neutral
update pé rara. Ìbànújẹ ni pé o ṣe bẹ́ẹ̀. Ọkàn mi ń rẹ́rù gan-an.,negative
Ó deadline pé thank you ń ṣeé ṣe.,neutral
Ọjọ́ oni dara pupọ.,positive
Ọjọ́ support dara no,positive
"support jẹ́ later ó ń ṣeé urgent Ẹ̀rọ náà ń ṣiṣẹ́ meeting Ẹ jọ̀ọ́, ṣe é ṣàlàyé?",neutral
Eyi ko dara rara. urgent ní ìbànújẹ loni.,negative
yes ní ìrírí buburu. Ọkàn mi ń rẹ́rù gan-an.,negative
"Ẹ jọ̀ọ́, ṣe é ṣàlàyé?",neutral
Mi ò fẹ́ràn email,negative
O ṣeun deadline fun iranlọwọ rẹ. O ni ẹ̀wà.,positive
Kò rara. pé,negative
issue message dara rara. Mi ò fẹ́ràn eyi. Kò pé call,negative
Kò pé rara. Mo ní ìbànújẹ loni.,negative
Mo work ìbànújẹ loni.,negative
you know Ẹ̀rọ náà kò ṣiṣẹ́ deadline,negative
Ọjọ́ okay kì í ṣe tó check,neutral
Kò pé team,negative
O ni deadline,positive
Inú mi dùn yes mo please message check fẹ́ràn rẹ gan-an. Mo ti ní no deadline,positive
"Ẹ jọ̀ọ́, ṣe team no",neutral
"Ẹ jọ̀ọ́, ṣe é ṣàlàyé? ah",neutral
Ó jẹ́ pé ó urgent ṣeé ṣe. O wa ní ita.,neutral
Mo ti ní meeting rere.,positive
A o pade lọ́la. you know,neutral
Mo ti dé.,neutral
Eyi meeting issue rara.,negative
Mi ò fẹ́ràn eyi. Ohun tí ó issue kùnà. O jẹ urgent ti ko dara rara.,negative
Mo ti dé. N kò please ohun tí ó ṣẹlẹ̀.,neutral
O wa yes ita.,neutral
Mo ní inú no loni. meeting problem dùn pé issue rí no O ni ẹ̀wà.,positive
Ọjọ́ oni kì í ṣe tó deadline A o thank you lọ́la.,neutral
A o pade lọ́la.,neutral
Mo n meeting sorry ile eh itaja. Ó jẹ́ pé problem ń ṣeé support,neutral
Mo ní ìrírí buburu.,negative
office ní ìrírí ah buburu. O jẹ eniyan ti ko dara update Kò pé please,negative
Mo ti ní ìrírí rere. update urgent pupọ fun iranlọwọ rẹ. Mo check inú didùn loni.,positive
check ò fẹ́ràn eyi. Ìbànújẹ ni pé o message bẹ́ẹ̀.,negative
Mo rí ọ urgent problem,neutral
ah Mi ò urgent eyi.,negative
Mo support rẹ gan-an. thank you oni dara pupọ.,positive
O ṣeun pupọ fun iranlọwọ rẹ. Ọmọde yii please ọlọ́gbọ́n gan.,positive
Mo rí ọ ní ọ̀sán.,neutral
O problem eh thank you Ọjọ́ oni dara pupọ.,positive
lọ rí ọ̀sán. ile n ní Mo itaja. sí ọ Mo,neutral
Ìbànújẹ yes team support ṣe bẹ́ẹ̀. Mo team deadline loni.,negative
problem tí ó ṣẹlẹ̀ kùnà. check work eniyan ti ko dara rara.,negative
call nkan ń lọ call Ìfẹ́ rẹ̀ dá mi lórí.,positive
Ìfẹ́ rẹ̀ dá mi lórí. Inú please dùn team mo rí eh ọ.,positive
Ẹ̀rọ náà kò ṣiṣẹ́ dáadáa. yes mi ń rẹ́rù gan-an.,negative
Ohun problem update ṣẹlẹ̀ team Ọkàn mi deadline rẹ́rù gan-an.,negative
O jẹ issue team ko dara rara.,negative
Ó issue ń ó please no ṣe.,neutral
Mi ò sorry message check jẹ eniyan update ko dara rara. Eyi no dara rara.,negative
Ọjọ́ oni kì issue ṣe tó gbóná. problem kò mọ message tí ó ṣẹlẹ̀. no please ṣe é issue,neutral
no yii jẹ́ please gan. Ọjọ́ oni you know dara okay,positive
Ọjọ́ oni dara issue Ọmọde yii jẹ́ ọlọ́gbọ́n gan.,positive
Mo fẹ́ràn rẹ support Mo ti yes please rere.,positive
eh Kò thank you check Ohun tí problem ṣẹlẹ̀ kùnà. O jẹ eniyan ti ko dara urgent,negative
Ìbànújẹ yes pé o ṣe bẹ́ẹ̀. meeting ko okay rara.,negative
Ọkàn mi ń rẹ́rù gan-an. O sorry eniyan call ko thank you check,negative
Ọkàn mi ń rẹ́rù issue,negative
O jẹ eniyan ti ko dara rara. yes ní support buburu.,negative
"Ẹ jọ̀ọ́, ṣe é ṣàlàyé? Mo n lọ sí later itaja. yes sorry dé.",neutral
"Ó no pé ó call yes ṣe. Ẹ jọ̀ọ́, ṣe é ṣàlàyé?",neutral
Ó jẹ́ pé ó ń ṣeé office Ẹ̀rọ náà ń ṣiṣẹ́ later N kò mọ ohun tí ó ṣẹlẹ̀.,neutral
Mo fẹ́ràn rẹ gan-an. Mo ti ní ìrírí rere. O ni ẹ̀wà.,positive
Mo fẹ́ràn please gan-an. O ṣeun pupọ hmm fun iranlọwọ rẹ.,positive
gan-an. Ọkàn mi work ń,negative
"call jọ̀ọ́, okay é ṣàlàyé?",neutral
O wa ní ita.,neutral
Mo ní inú didùn loni.,positive
Mo ní inú didùn loni. Mo fẹ́ràn rẹ meeting,positive
Mo ti ní you know ìrírí rere. Gbogbo nkan email lọ sorry,positive
thank you no ẹ̀wà. Mo thank you update didùn loni. Mo ti check deadline rere.,positive
Mo fẹ́ràn rẹ check Ìfẹ́ rẹ̀ dá mi thank you,positive
O call eniyan ti ko dara rara. Kò pé rara.,negative
Mo ti ní deadline rere. O ṣeun pupọ check iranlọwọ rẹ.,positive
Inú mi no problem email rí sorry Mo fẹ́ràn rẹ gan-an.,positive
sorry oni kì issue ṣe team gbóná. Mo n meeting sí ile itaja. Ẹ̀rọ náà ń ṣiṣẹ́ báyìí.,neutral
team ni pé o ṣe deadline,negative
"Mo ti dé. Ẹ jọ̀ọ́, ṣe é ṣàlàyé?",neutral
Ọmọde yii jẹ́ ọlọ́gbọ́n gan.,positive
Ìfẹ́ rẹ̀ dá mi lórí. Mo later inú didùn work O ni ẹ̀wà.,positive
Ọjọ́ deadline kì í sorry tó gbóná.,neutral
call team rara. Mi ò fẹ́ràn eyi.,negative
Ọjọ́ oni dara pupọ. Mo ní inú didùn loni.,positive
Eyi ko dara rara.,negative
Inú mi no pé mo rí email O ni you know ẹ̀wà.,positive
Ẹ̀rọ náà ń ṣiṣẹ́ báyìí. thank you rí ọ update ọ̀sán.,neutral
A o pade lọ́la. Mo rí ọ update sorry,neutral
Mo fẹ́ràn support gan-an.,positive
O ṣeun pupọ office iranlọwọ rẹ.,positive
Kò pé rara. Mo ní ìrírí buburu. Ẹ̀rọ náà kò ṣiṣẹ́ meeting,negative
Eyi ko dara rara. Ẹ̀rọ deadline kò ṣiṣẹ́ dáadáa.,negative
"Ọjọ́ oni support email ṣe tó gbóná. Ẹ jọ̀ọ́, ṣe é deadline",neutral
O ni ẹ̀wà. update issue rẹ update Ọmọde yii jẹ́ ọlọ́gbọ́n gan.,positive
A o pade please N kò mọ ohun tí ó ṣẹlẹ̀.,neutral
Mo ti dé. A deadline pade lọ́la. Mo n lọ sí ile itaja.,neutral
Ẹ̀rọ náà kò no dáadáa. Mo ní deadline loni.,negative
Inú mi dùn pé mo rí ọ. Mo ti ní ìrírí yes,positive
Mi ò fẹ́ràn eyi. Mo team ìbànújẹ loni.,negative
"Ọjọ́ oni kì í ṣe tó gbóná. Ẹ jọ̀ọ́, ṣe é update",neutral
urgent fẹ́ràn rẹ gan-an.,positive
ní check O wa,neutral
Ó jẹ́ sorry ó ń ṣeé sorry ah,neutral
O wa ní ita.,neutral
Mi ò fẹ́ràn check Eyi ko dara meeting,negative
Ó jẹ́ pé yes ń call no deadline ti dé.,neutral
Mi ò urgent okay O jẹ eniyan ti ko dara rara.,negative
O ṣeun pupọ fun iranlọwọ rẹ. deadline ni ẹ̀wà.,positive
Mo ní ìbànújẹ loni. Eyi ko dara rara. O jẹ eniyan ti ko dara rara.,negative
Ìfẹ́ rẹ̀ dá mi lórí. Inú mi work please mo no ọ.,positive
O ni ẹ̀wà. Mo ní inú please office,positive
ọ Mo ní rí ọ̀sán.,neutral
Ìbànújẹ deadline pé o ṣe bẹ́ẹ̀. Mi ò fẹ́ràn eyi. Mo ní ìrírí yes,negative
Ọjọ́ team kì í ṣe tó later Ẹ̀rọ náà ń later báyìí. Mo please dé.,neutral
Mo you know rí ọ ní ọ̀sán.,neutral
Ohun tí ó ṣẹlẹ̀ kùnà. O jẹ eniyan team ko okay rara.,negative
mo ọ. rí mi please hmm call Inú,positive
Ẹ̀rọ náà ń ṣiṣẹ́ báyìí.,neutral
Ìfẹ́ rẹ̀ support mi lórí.,positive
O jẹ eniyan ti ko dara rara.,negative
Mi problem fẹ́ràn eyi. eh,negative
Ẹ̀rọ náà office ṣiṣẹ́ support Ẹ team ṣe é deadline deadline please ọ yes ọ̀sán.,neutral
update yii jẹ́ ọlọ́gbọ́n gan.,positive
message jẹ eniyan ti ko dara rara. okay ní ìrírí buburu.,negative
Ọmọde yii jẹ́ ọlọ́gbọ́n gan.,positive
O wa ní ita. Ó support pé yes ń ṣeé ṣe.,neutral
Kò pé rara. Ẹ̀rọ náà kò ṣiṣẹ́ update Ìbànújẹ ni pé o ṣe bẹ́ẹ̀.,negative
issue team problem Ọjọ́ issue kì í yes tó gbóná.,neutral
Ọjọ́ oni dara pupọ.,positive
pupọ. ní didùn okay O dara loni. ẹ̀wà. Ọjọ́ office ni Mo,positive
thank you nkan ń lọ dáadáa. O ni ẹ̀wà.,positive
message ko dara rara. Mo ní urgent buburu.,negative
dáadáa. call lọ nkan Gbogbo,positive
later jẹ́ sorry ó ń ṣeé yes,neutral
Eyi ko dara rara.,negative
Mo ní ìrírí buburu. urgent ò team eyi.,negative
Ìfẹ́ rẹ̀ dá mi lórí. Gbogbo nkan ń lọ dáadáa.,positive
Ẹ̀rọ náà kò ṣiṣẹ́ dáadáa. Kò pé rara.,negative
O ni team Ọmọde yii support message team Ọjọ́ oni dara pupọ.,positive
Inú mi dùn pé check rí ọ.,positive
Mi ò fẹ́ràn eyi. Mo ní ìbànújẹ loni.,negative
Gbogbo nkan ń lọ dáadáa.,positive
Mo email ìrírí buburu. Ẹ̀rọ náà kò ṣiṣẹ́ dáadáa. Mi call fẹ́ràn eyi.,negative
Mi ò fẹ́ràn eyi. Ìbànújẹ ni okay o ṣe bẹ́ẹ̀.,negative
Ẹ̀rọ náà ń ṣiṣẹ́ báyìí. Ó jẹ́ office ó ń ṣeé ṣe.,neutral
Mo sorry ìbànújẹ loni. Ẹ̀rọ náà kò ṣiṣẹ́ dáadáa.,negative
"Ẹ jọ̀ọ́, ṣe team ṣàlàyé? O wa ní ita. Mo n lọ no ile itaja.",neutral
N kò mọ ohun tí ó ṣẹlẹ̀.,neutral
check fẹ́ràn rẹ ah gan-an.,positive
Ọjọ́ oni dara work,positive
Inú mi dùn pé mo rí ọ. urgent ti ní team rere.,positive
Ohun tí ó urgent kùnà.,negative
Ọmọde yii work ọlọ́gbọ́n gan.,positive
"Ẹ jọ̀ọ́, ṣe é ṣàlàyé? Mo sorry dé. Ọjọ́ support kì í ṣe tó gbóná.",neutral
meeting eh please Ìbànújẹ ní o buburu. bẹ́ẹ̀. pé work ìrírí,negative
eh Mo n no sorry yes itaja. O wa ní no Ẹ̀rọ náà ń ṣiṣẹ́ báyìí.,neutral
Ohun tí support ṣẹlẹ̀ work,negative
Mo fẹ́ràn office gan-an.,positive
Ọmọde yii jẹ́ ọlọ́gbọ́n gan.,positive
A o problem lọ́la.,neutral
Gbogbo update ń lọ dáadáa. Ìfẹ́ rẹ̀ dá call sorry,positive
Ọmọde yii jẹ́ ọlọ́gbọ́n gan. Mo fẹ́ràn message gan-an.,positive
Ìbànújẹ check pé o ṣe bẹ́ẹ̀. eh Mi ò fẹ́ràn eyi.,negative
Ohun tí sorry ṣẹlẹ̀ message,negative
Mo team check loni.,negative
"deadline o pade lọ́la. work jọ̀ọ́, ṣe é no",neutral
thank you mi dùn pé mo rí ọ. issue fẹ́ràn rẹ gan-an. Ọjọ́ oni dara thank you,positive
problem mi dùn pé mo rí ọ. Mo ní call didùn loni.,positive
O jẹ eniyan ti ko dara thank you,negative
Gbogbo nkan ń lọ dáadáa. Ọmọde yii email ọlọ́gbọ́n gan.,positive
urgent fẹ́ràn rẹ gan-an. Ìfẹ́ rẹ̀ dá mi lórí. Ọjọ́ oni dara pupọ.,positive
Ọjọ́ oni kì í yes tó thank you,neutral
Ó jẹ́ pé office ń ṣeé ṣe.,neutral
Mo ní inú update loni. problem mi dùn pé mo rí update O message pupọ fun office rẹ.,positive
Ó jẹ́ update ó ń ṣeé deadline Ọjọ́ oni kì í ṣe no gbóná.,neutral
Ó jẹ́ pé ó ń ṣeé ṣe. Mo sorry meeting ní ọ̀sán.,neutral
team í gbóná. ní problem please ṣe wa oni tó kì deadline ṣàlàyé? O work Ẹ,neutral
Mo ti ní ìrírí update Ọjọ́ oni dara pupọ.,positive
message ní ìrírí buburu. Kò pé rara.,negative
N kò later ohun tí ó ṣẹlẹ̀.,neutral
"thank you jọ̀ọ́, ṣe é urgent",neutral
no ko dara thank you message no ó ṣẹlẹ̀ call Mo ní ìrírí message,negative
N check mọ meeting tí ó ṣẹlẹ̀. meeting meeting dé. O wa ní ita.,neutral
Mo n lọ sí ile itaja.,neutral
Ọkàn mi please rẹ́rù gan-an.,negative
Ọmọde yii team yes gan. Mo fẹ́ràn rẹ gan-an.,positive
N kò urgent deadline tí ó ṣẹlẹ̀. Ó jẹ́ pé ó ń ṣeé ṣe.,neutral
Mo ní inú didùn loni. Inú issue dùn pé no rí ọ.,positive
Ọmọde yii jẹ́ ọlọ́gbọ́n gan. Mo ti ní please rere.,positive
Gbogbo nkan ń thank you dáadáa. Mo fẹ́ràn rẹ meeting O ni ẹ̀wà.,positive
Ìbànújẹ ni thank you o ṣe bẹ́ẹ̀.,negative
Gbogbo nkan ń lọ deadline check fẹ́ràn rẹ gan-an.,positive
Ọjọ́ thank you office pupọ. O ni ẹ̀wà.,positive
dara yes rara. ko pé eniyan O jẹ you know problem rara.,negative
Ọjọ́ ṣe sorry no ṣiṣẹ́ í náà ń sorry update Ẹ̀rọ gbóná.,neutral
Ọjọ́ oni message pupọ.,positive
ah Ìfẹ́ rẹ̀ dá mi lórí. update yii support ọlọ́gbọ́n gan.,positive
O wa ní ita.,neutral
O thank you pupọ fun iranlọwọ rẹ. Mo ti ní check rere. Mo fẹ́ràn urgent problem,positive
please N deadline kò ó mọ please,neutral
Ẹ̀rọ náà ń ṣiṣẹ́ báyìí. O wa ní yes Ó jẹ́ pé ó ń ṣeé ṣe.,neutral
Mo ti dé.,neutral
Mi ò fẹ́ràn eyi. sorry ni pé o ṣe bẹ́ẹ̀. Ẹ̀rọ náà kò ṣiṣẹ́ dáadáa.,negative
"Ẹ jọ̀ọ́, ṣe issue ṣàlàyé? Ó email check later ń support ṣe.",neutral
N kò mọ ohun issue ó ṣẹlẹ̀. check wa you know ní ita.,neutral
A o urgent lọ́la.,neutral
Ìfẹ́ rẹ̀ dá mi lórí. O ni ẹ̀wà.,positive
Ọkàn mi ń rẹ́rù sorry,negative
Ọjọ́ oni dara pupọ.,positive
Ọjọ́ oni kì í ṣe tó gbóná. Mo rí ọ ní thank you,neutral
Ọjọ́ sorry dara pupọ. Mo ti ní ìrírí rere. O ṣeun work check iranlọwọ rẹ.,positive
yes message ìbànújẹ loni. Kò pé rara.,negative
N kò mọ ohun please ó support please ti dé.,neutral
eh Kò pé rara.,negative
Ọmọde yii jẹ́ ọlọ́gbọ́n please team ti please ìrírí rere. deadline oni issue pupọ.,positive
Mo n lọ sí update problem,neutral
O ni message O ṣeun pupọ message iranlọwọ rẹ.,positive
N kò mọ ohun tí ó check A o urgent update Ẹ̀rọ náà problem ṣiṣẹ́ báyìí.,neutral
ń pé jẹ́ ṣe. ṣeé meeting deadline,neutral
Ọjọ́ oni no thank you ṣe tó gbóná. N kò mọ ohun tí ó ṣẹlẹ̀. no ti dé.,neutral
Mo rí ọ deadline support Ó jẹ́ pé ó ń ṣeé ṣe.,neutral
no ti ní sorry email Ọjọ́ oni dara pupọ. Gbogbo nkan ń lọ dáadáa.,positive
Mo ti ní ìrírí rere. Gbogbo nkan ń lọ dáadáa.,positive
Gbogbo nkan ń lọ message,positive
Gbogbo thank you ń lọ dáadáa. Ọjọ́ urgent dara pupọ. Mo ti ní later rere.,positive
Ẹ̀rọ náà ń ṣiṣẹ́ báyìí. O wa ní ita.,neutral
"Ẹ jọ̀ọ́, ṣe é ṣàlàyé?",neutral
Mo ti ní ìrírí rere.,positive
Eyi ko problem rara.,negative
work mi dùn pé check sorry urgent,positive
Ọjọ́ oni kì í ṣe tó gbóná.,neutral
ṣeé kì ṣe wa gbóná. ṣe. pé tó oni í ita. Ó ó Ọjọ́ ń O jẹ́ ní,neutral
Mo ti okay message rí ọ ní ọ̀sán.,neutral
ni call O mi rẹ̀ ẹ̀wà. lórí. loni. problem urgent ní Mo Ìfẹ́,positive
Ọjọ́ oni update work,positive
Ìbànújẹ ni pé o ṣe bẹ́ẹ̀.,negative
okay Mo issue work loni. didùn inú Mo ní rere.,positive
message tí ó email kùnà. Mo support hmm ìrírí email,negative
A meeting pade lọ́la. call n deadline sí ile itaja.,neutral
issue n lọ sí ile itaja.,neutral
Mo ti dé. call náà ń ṣiṣẹ́ báyìí.,neutral
N kò mọ ohun tí ó yes issue no dé.,neutral
Ìfẹ́ rẹ̀ dá urgent lórí. update nkan message lọ dáadáa.,positive
Gbogbo no ń lọ dáadáa. work ni check Mo fẹ́ràn rẹ gan-an.,positive
Ọjọ́ oni dara pupọ. later ni ẹ̀wà. Mo office email ìrírí rere.,positive
Ọkàn no ń problem gan-an. call pé rara.,negative
jẹ́ ṣeé ó wa ṣe. ń sí ní itaja. lọ ita. ile O pé n please Ó,neutral
Ìfẹ́ rẹ̀ meeting mi lórí. Mo ní inú didùn loni.,positive
Mo ti dé. check oni kì í email no gbóná. Mo okay lọ sí sorry itaja.,neutral
deadline yii jẹ́ ọlọ́gbọ́n gan. team email inú didùn loni. Ìfẹ́ rẹ̀ dá mi lórí.,positive
Inú mi yes pé call issue ọ. Mo problem sorry thank you rere.,positive
Ó jẹ́ pé ó ń ṣeé ṣe. Mo rí ọ ní ọ̀sán.,neutral
"later jọ̀ọ́, yes you know é ṣàlàyé? Mo rí email ní ọ̀sán. A o pade lọ́la.",neutral
office ní ìrírí buburu. Ohun tí ó ṣẹlẹ̀ issue,negative
Inú yes dùn pé mo rí ọ. Mo ní inú didùn meeting,positive
Gbogbo nkan ń lọ dáadáa. O ni ẹ̀wà.,positive
ọ ọ̀sán. message ní rí,neutral
ọlọ́gbọ́n jẹ́ yii Ọmọde gan.,positive
Mi ò fẹ́ràn eyi. Eyi ko dara rara.,negative
support okay fẹ́ràn support Mo issue ìrírí buburu. O team eniyan ti ko dara rara.,negative
Mo fẹ́ràn rẹ check Gbogbo ah nkan update lọ dáadáa.,positive
A o pade lọ́la. Ẹ̀rọ náà ń deadline báyìí. O wa message ita.,neutral
Mo ti dé. Ọjọ́ oni kì í call tó gbóná.,neutral
Mo ní inú didùn loni.,positive
issue ni pé o ṣe bẹ́ẹ̀.,negative
Ẹ̀rọ náà kò ṣiṣẹ́ dáadáa.,negative
urgent pé rara.,negative
Ọmọde yii deadline ọlọ́gbọ́n gan. Mo ti call yes issue,positive
O ni please,positive
rere. ti lọ ní Gbogbo nkan dáadáa. ń ìrírí email,positive
ní Mo ita. dé. O wa yes,neutral
Mo problem lọ urgent ile check O wa ní ita. Ọjọ́ oni kì í ṣe tó gbóná.,neutral
Ìbànújẹ ni pé o ṣe bẹ́ẹ̀. Ẹ̀rọ message kò support message O thank you eniyan ti ko dara rara.,negative
Mo later eh dé.,neutral
Mi update you know fẹ́ràn eyi. Mo ní ìrírí buburu.,negative
Mo rí ọ ní ọ̀sán.,neutral
Mo issue rí sorry no,neutral
Mo ní ìrírí buburu.,negative
Gbogbo pupọ. dara ń dáadáa. call Ọjọ́ oni lọ,positive
Mo check dé. Mo rí thank you ní ọ̀sán.,neutral
Mo ní inú didùn loni. Ọjọ́ oni dara pupọ.,positive
buburu. ṣe ní please call Ìbànújẹ please bẹ́ẹ̀. meeting o,negative
yes yii jẹ́ later gan.,positive
Ohun email you know ó ṣẹlẹ̀ kùnà. Mo ní sorry sorry,negative
Mi sorry fẹ́ràn eyi.,negative
O wa ní ita. Ẹ̀rọ náà ń ṣiṣẹ́ báyìí. Mo n lọ sí ile urgent,neutral
sorry ti dé.,neutral
O ni ẹ̀wà. O ṣeun pupọ fun problem rẹ. update thank you inú didùn issue,positive
Ẹ email ṣe é ṣàlàyé? you know Mo rí ọ ní ọ̀sán. Mo ti dé.,neutral
Mi ò fẹ́ràn eyi. Mo ní ìbànújẹ check Ọkàn mi ń rẹ́rù gan-an.,negative
Kò pé rara.,negative
team rí ọ ní ọ̀sán.,neutral
support rí ọ deadline ọ̀sán.,neutral
O jẹ eniyan ti ko dara rara.,negative
"Ẹ jọ̀ọ́, ṣe check ṣàlàyé?",neutral
ṣiṣẹ́ náà Mo email itaja. lọ no issue work tó í kì ń ṣe Ọjọ́ urgent oni báyìí.,neutral
N kò update ohun tí ó ṣẹlẹ̀.,neutral
Mo ní office thank you Ìbànújẹ work pé o update bẹ́ẹ̀.,negative
"Ó jẹ́ pé ó urgent ṣeé ṣe. Mo n check sí ile problem Ẹ jọ̀ọ́, ṣe é ṣàlàyé?",neutral
no email issue Ìbànújẹ ṣe meeting,negative
Mi ò update eyi. please mi ń rẹ́rù ah gan-an.,negative
Ọkàn mi ń rẹ́rù gan-an. Ìbànújẹ ni pé o ṣe team,negative
please call check wa no kò ohun ní O ita. mọ,neutral
Kò pé team,negative
N kò mọ update tí ó ṣẹlẹ̀. Mo rí ọ ní ọ̀sán. A call pade lọ́la.,neutral
"O wa ní ita. Ẹ jọ̀ọ́, ṣe yes ṣàlàyé?",neutral
tó kì ṣe gbóná. Ọjọ́ please í,neutral
O wa okay ita.,neutral
"Mo rí ọ ní ọ̀sán. Ẹ jọ̀ọ́, thank you urgent ṣàlàyé? O wa like ní thank you",neutral
Ọmọde yii jẹ́ ọlọ́gbọ́n gan. Mo fẹ́ràn problem gan-an.,positive
sorry rẹ̀ thank you mi lórí. problem nkan ń lọ meeting work ṣeun pupọ fun iranlọwọ rẹ.,positive
Inú mi dùn check mo team team Ọmọde yii later yes gan. O ni ẹ̀wà.,positive
N kò mọ ohun tí urgent ṣẹlẹ̀.,neutral
Mo fẹ́ràn rẹ gan-an. team yii jẹ́ ọlọ́gbọ́n gan.,positive
Kò pé rara. issue yes ó ṣẹlẹ̀ support Mi ò fẹ́ràn eyi.,negative
meeting check ní ìrírí problem no yii jẹ́ ọlọ́gbọ́n gan. Mo update rẹ gan-an.,positive
Mo ti support ìrírí rere. Inú mi dùn pé mo problem ọ.,positive
Ọjọ́ oni kì í ṣe tó gbóná. N kò mọ ohun tí ó ṣẹlẹ̀. Mo okay dé.,neutral
Ọjọ́ oni sorry pupọ. Mo sorry inú didùn loni.,positive
dáadáa. support kò náà ṣiṣẹ́,negative
Ẹ̀rọ náà kò ṣiṣẹ́ problem Mi ò fẹ́ràn eyi.,negative
call náà ń ṣiṣẹ́ báyìí. Mo ti team,neutral
"Ọjọ́ oni kì please ṣe tó deadline Mo n lọ sí ile itaja. Ẹ jọ̀ọ́, ṣe é check",neutral
Mo fẹ́ràn rẹ gan-an. O ṣeun pupọ issue ah iranlọwọ rẹ.,positive
Mi work fẹ́ràn eyi. Kò pé rara.,negative
issue oni dara pupọ.,positive
Ìbànújẹ ni please okay ṣe bẹ́ẹ̀.,negative
iranlọwọ support pupọ O rẹ. ṣeun,positive
Eyi ko dara rara. Ohun update ah later ṣẹlẹ̀ okay,negative
Mi ò office eyi. Mo ní ìrírí buburu.,negative
Ìbànújẹ ni pé o ṣe call,negative
"work deadline email lọ́la. meeting n lọ sí ile itaja. Ẹ jọ̀ọ́, ṣe é ṣàlàyé?",neutral
Inú update thank you pé mo deadline ọ.,positive
urgent oni rẹ̀ ọ. dara update mo update lórí. pé Ọjọ́ eh dá pupọ. Ìfẹ́ please dùn,positive
Ẹ̀rọ náà ń sorry báyìí. Ó jẹ́ pé ó ń ṣeé ṣe.,neutral
Eyi ko work rara. Ọkàn mi ń rẹ́rù gan-an.,negative
Ọkàn mi ń rẹ́rù gan-an. work ní ìbànújẹ loni.,negative
Mo ti dé. Mo n lọ email ile itaja.,neutral
mọ ohun message ṣẹlẹ̀. N ó message team ní ọ̀sán. ọ tí,neutral
Ẹ̀rọ náà later ṣiṣẹ́ dáadáa. Eyi please dara rara. Ọkàn office ń rẹ́rù hmm gan-an.,negative
Mo n lọ sí ile message,neutral
Ọmọde yii jẹ́ ọlọ́gbọ́n gan.,positive
Mo ní loni. ìbànújẹ,negative
team mi ń rẹ́rù gan-an. O jẹ eniyan problem ko dara rara.,negative
okay meeting pupọ fun iranlọwọ thank you Mo ti ní support rere.,positive
office náà kò ṣiṣẹ́ dáadáa.,negative
Kò pé rara.,negative
A o thank you lọ́la. check náà ń please báyìí.,neutral
A o pade lọ́la.,neutral
problem kò mọ ohun tí ó call O wa ní ita. A team work lọ́la.,neutral
Mo call ní support rere. okay rẹ̀ dá mi lórí. Gbogbo nkan thank you lọ dáadáa.,positive
O ṣeun pupọ fun office rẹ. O ni ẹ̀wà.,positive
Mo n lọ sí ile itaja. N kò mọ ohun tí office ṣẹlẹ̀. issue update meeting lọ́la.,neutral
O ṣeun pupọ meeting iranlọwọ rẹ. Ìfẹ́ rẹ̀ dá mi later Gbogbo nkan ń lọ dáadáa.,positive
O hmm ṣeun update fun deadline rẹ. Mo fẹ́ràn rẹ issue,positive
sorry pé issue Mo ní ìrírí buburu.,negative
no fẹ́ràn rẹ gan-an.,positive
bẹ́ẹ̀. ṣe pé o ni Ìbànújẹ,negative
Ìfẹ́ rẹ̀ work mi lórí. O call issue fun iranlọwọ rẹ. check fẹ́ràn rẹ gan-an.,positive
team ni ẹ̀wà. Mo ti ní ìrírí work Ọmọde message jẹ́ message gan.,positive
"Ẹ jọ̀ọ́, ṣe é ṣàlàyé? please náà ń ṣiṣẹ́ báyìí.",neutral
N kò problem ohun tí deadline ṣẹlẹ̀. Mo n lọ sí ile itaja.,neutral
A o pade lọ́la. meeting wa ní urgent,neutral
deadline sorry dara pupọ.,positive
Ẹ̀rọ náà kò ṣiṣẹ́ dáadáa. Mo ní ìrírí deadline Ìbànújẹ ni pé o ṣe bẹ́ẹ̀.,negative
Mo ti dé.,neutral
Mo fẹ́ràn hmm check gan-an.,positive
problem jẹ́ ni O ẹ̀wà. gan. ọlọ́gbọ́n meeting,positive
team mi dùn pé mo rí problem,positive
work team dara pupọ. Mo ti email ìrírí rere.,positive
Mo fẹ́ràn rẹ gan-an. Mo ní check call message urgent thank you ń lọ dáadáa.,positive
Inú mi dùn pé mo rí ọ.,positive
support rẹ̀ issue mi lórí. work mi thank you problem mo deadline ọ.,positive
Mo ní ìrírí buburu.,negative
Ó jẹ́ pé ó ń ṣeé ṣe.,neutral
update hmm nkan ń okay dáadáa.,positive
náà yes ń support sorry urgent hmm ohun mọ kò Ẹ̀rọ N báyìí.,neutral
Mo fẹ́ràn rẹ gan-an.,positive
Gbogbo nkan no lọ dáadáa.,positive
O urgent pupọ fun iranlọwọ rẹ.,positive
O sorry ẹ̀wà. Ìfẹ́ rẹ̀ yes mi lórí.,positive
Mo ti ní ìrírí rere. Mo fẹ́ràn problem gan-an.,positive
rí dùn pé work mo mi ọ.,positive
"Ẹ jọ̀ọ́, ṣe é ṣàlàyé?",neutral
Ọkàn mi meeting rẹ́rù gan-an. Ohun meeting ó ṣẹlẹ̀ kùnà. team ni pé check ṣe bẹ́ẹ̀.,negative
Mo buburu. ní ìrírí,negative
meeting mi dùn issue mo rí ọ.,positive
Ọjọ́ oni message pupọ.,positive
hmm rara. dara problem Eyi,negative
O ṣeun pupọ fun update team,positive
N kò mọ issue tí ó ṣẹlẹ̀.,neutral
issue ni pé o team bẹ́ẹ̀. O jẹ eniyan ti okay dara rara.,negative
Ìfẹ́ rẹ̀ okay mi lórí.,positive
O wa ní ita. Ẹ̀rọ náà ń ṣiṣẹ́ báyìí.,neutral
Mo ní office buburu. eh meeting náà kò ṣiṣẹ́ message,negative
buburu. ìrírí please Mo,negative
Mo ní inú didùn loni.,positive
Eyi ko dara rara.,negative
ń message rẹ́rù sorry dara sorry support Eyi Ọkàn,negative
Ọmọde deadline jẹ́ ọlọ́gbọ́n check,positive
O okay ẹ̀wà. Gbogbo nkan deadline please yes,positive
Gbogbo nkan ń lọ dáadáa.,positive
Mo n lọ yes no itaja. A o pade lọ́la.,neutral
Ẹ issue issue é hmm ṣàlàyé?,neutral
Mi ò fẹ́ràn eyi.,negative
rara. pé like team Kò bẹ́ẹ̀. Ìbànújẹ pé Mi fẹ́ràn ò team ṣe ni,negative
Inú mi dùn pé mo thank you ọ.,positive
"Ẹ jọ̀ọ́, ṣe é ṣàlàyé?",neutral
later Inú pé dùn rí mo mi,positive
Mo fẹ́ràn call gan-an. please nkan ń lọ sorry,positive
Eyi issue dara rara. email ní ìrírí buburu.,negative
O wa ní ita.,neutral
Mo urgent ọ ní ọ̀sán. yes support pade lọ́la.,neutral
Ọkàn mi meeting rẹ́rù gan-an.,negative
Mi ò fẹ́ràn call thank you ni pé o ṣe bẹ́ẹ̀.,negative
Mo ní inú didùn loni. Ọjọ́ oni dara pupọ.,positive
Mo thank you inú didùn office Mo fẹ́ràn rẹ gan-an.,positive
Ó jẹ́ pé ó call ṣeé ṣe. okay ti check,neutral
Mo ní inú didùn problem Gbogbo nkan ń lọ check problem yii support ọlọ́gbọ́n gan.,positive
Gbogbo nkan ń lọ urgent Ìfẹ́ rẹ̀ dá mi okay,positive
"Ẹ jọ̀ọ́, ṣe é ṣàlàyé? O wa ní ita.",neutral
Ẹ̀rọ náà ń deadline báyìí. Mo problem ọ ní ọ̀sán.,neutral
Ó jẹ́ pé okay ń please ṣe.,neutral
issue ní inú didùn later Ọjọ́ oni dara pupọ. Ìfẹ́ office dá mi lórí.,positive
í gbóná. oni tó báyìí. Ẹ̀rọ ṣe ń support Ọjọ́ message yes,neutral
yes nkan ń lọ sorry Ọmọde sorry update call gan. Inú mi yes pé mo rí ọ.,positive
Mo issue dé.,neutral
Mo ní ìbànújẹ loni. Ìbànújẹ ni pé o ṣe bẹ́ẹ̀.,negative
Eyi ko dara rara.,negative
Ẹ̀rọ náà kò ṣiṣẹ́ dáadáa. Kò pé rara.,negative
O jẹ eniyan ti ko dara rara. no pé rara.,negative
O jẹ eniyan ti later thank you rara.,negative
O wa ní ita. A o pade lọ́la. N kò mọ ohun tí ó ṣẹlẹ̀.,neutral
O support ní ita.,neutral
Mo ní call buburu.,negative
Inú mi dùn pé please rí call Mo ní inú check loni.,positive
team eh rara. pé,negative
Eyi ko work rara. Kò pé rara.,negative
Ọkàn mi thank you later gan-an. yes náà kò ṣiṣẹ́ dáadáa.,negative
Mo later ní ìrírí rere. Ìfẹ́ rẹ̀ dá mi lórí. thank you ṣeun pupọ fun yes rẹ.,positive
Kò pé rara. Ìbànújẹ ni deadline o ṣe team,negative
issue ní ìbànújẹ loni. Ohun tí ó work kùnà.,negative
okay oni kì í ṣe tó later,neutral
problem ṣeun team thank you iranlọwọ rẹ. call ti okay ìrírí rere.,positive
problem update ní ita. call no sorry thank you báyìí.,neutral
Mo urgent ní work support Mo ah fẹ́ràn rẹ gan-an.,positive
"Ẹ jọ̀ọ́, ṣe é ṣàlàyé? Ẹ̀rọ náà ń ṣiṣẹ́ báyìí.",neutral
Ẹ̀rọ náà ń ṣiṣẹ́ báyìí. later problem pade lọ́la.,neutral
Kò pé rara.,negative
Ó no pé ó call ṣeé message Ọjọ́ oni kì í thank you thank you gbóná.,neutral
Mo ti dé. O wa ní thank you,neutral
Ẹ̀rọ náà later ṣiṣẹ́ dáadáa.,negative
Ẹ̀rọ náà support office dáadáa. Ìbànújẹ ni pé o ṣe bẹ́ẹ̀. Ọkàn mi ń rẹ́rù gan-an.,negative
rara. buburu. ní ìrírí Mo loni. check ní Eyi okay ìbànújẹ Mo,negative
O jẹ eniyan sorry ko dara rara. Kò pé meeting,negative
Mo ti update ìrírí rere. Ọjọ́ oni update pupọ.,positive
Mo ní ìbànújẹ loni. O jẹ eniyan ti ko dara urgent Ohun hmm tí ó ṣẹlẹ̀ kùnà.,negative
okay náà kò ṣiṣẹ́ dáadáa. thank you jẹ eniyan ti ko dara rara. please ko dara rara.,negative
later nkan ń lọ dáadáa. O ṣeun pupọ fun iranlọwọ problem,positive
Mo rí ọ update ọ̀sán. N kò mọ ohun tí meeting ṣẹlẹ̀.,neutral
N kò mọ ohun tí ó ṣẹlẹ̀. O wa ní ita. Mo rí ọ ní problem,neutral
O wa ní ita. Mo rí problem meeting sorry Ẹ̀rọ náà ń ṣiṣẹ́ báyìí.,neutral
"Ẹ jọ̀ọ́, meeting é ṣàlàyé?",neutral
Ohun tí ó ṣẹlẹ̀ issue Ọkàn mi ń rẹ́rù gan-an.,negative
Ìbànújẹ ni pé o ṣe bẹ́ẹ̀.,negative
call message rara. Mo ní ìbànújẹ loni.,negative
Inú mi dùn pé mo rí ọ.,positive
Mo ní okay loni.,negative
Mo ti dé.,neutral
sorry oni kì í office tó gbóná. Mo n lọ sí ile yes,neutral
A o thank you lọ́la. N kò mọ ohun tí ó ṣẹlẹ̀. Mo n lọ sí ile itaja.,neutral
rara. Ẹ̀rọ náà pé Kò dáadáa. ṣiṣẹ́ like kò,negative
Ohun tí ó call okay Ẹ̀rọ náà kò ṣiṣẹ́ dáadáa. Mo ní ìrírí buburu.,negative
Mo deadline ọ ní ọ̀sán.,neutral
ti lọ́la. later A o Mo problem,neutral
Ọmọde yii jẹ́ ọlọ́gbọ́n issue O ṣeun pupọ fun iranlọwọ rẹ.,positive
Ìbànújẹ ni pé o ṣe issue Mo eh ní ìbànújẹ loni.,negative
team rẹ̀ dá mi team,positive
Mo ní later loni.,negative
O jẹ eniyan ti ko dara rara. Ẹ̀rọ náà kò ṣiṣẹ́ dáadáa. Mo ní ìrírí buburu.,negative
Ọkàn mi ń rẹ́rù gan-an.,negative
Mo ti dé. deadline jẹ́ team ó ń ṣeé ṣe.,neutral
Eyi ko dara rara.,negative
Mo ní ìrírí buburu. Kò pé rara. Ọkàn mi ń thank you gan-an.,negative
call rí ọ ní email,neutral
Ọmọde yii call check gan.,positive
ṣe update rara. check kùnà. eh pé ó ṣẹlẹ̀ ni o bẹ́ẹ̀. pé Kò email,negative
Mo ti dé.,neutral
Mo ní inú didùn update,positive
Eyi ko dara rara. Ẹ̀rọ náà kò okay dáadáa.,negative
Mo ní ìrírí issue Ohun tí ó ṣẹlẹ̀ kùnà.,negative
O ṣeun pupọ fun no rẹ. Ọmọde yii jẹ́ ọlọ́gbọ́n gan.,positive
Mo deadline inú didùn loni.,positive
team ko dara message,negative
Ìfẹ́ sorry dá mi lórí.,positive
message ní ìbànújẹ loni. problem ò okay eyi.,negative
"Ẹ jọ̀ọ́, ṣe é ṣàlàyé?",neutral
Mo ti dé. A please pade lọ́la. Mo n lọ sí ile itaja.,neutral
Ọjọ́ oni dara pupọ.,positive
Ìfẹ́ support dá mi lórí. O ni ẹ̀wà.,positive
thank you ni pé o ṣe bẹ́ẹ̀.,negative
O ni ẹ̀wà. O sorry issue work iranlọwọ rẹ. Ọjọ́ oni dara pupọ.,positive
N kò mọ ohun tí ó ṣẹlẹ̀.,neutral
Eyi ko dara no Ọkàn mi team rẹ́rù gan-an. Kò deadline rara.,negative
update kò mọ ohun tí ó okay,neutral
"thank you jọ̀ọ́, issue é ṣàlàyé? O update ní ita.",neutral
okay ti problem ìrírí rere. O ni ẹ̀wà.,positive
Mo ti please work thank you office fẹ́ràn rẹ gan-an. Ìfẹ́ rẹ̀ support mi lórí.,positive
Ọjọ́ oni dara pupọ. Ọmọde yii jẹ́ ọlọ́gbọ́n gan. Mo work update gan-an.,positive
okay náà ń ṣiṣẹ́ báyìí.,neutral
O ṣeun pupọ fun iranlọwọ rẹ.,positive
ṣàlàyé? Ẹ urgent é ṣe,neutral
deadline support dara rara. Mo ní ìrírí buburu.,negative
Kò pé rara.,negative
Ẹ̀rọ náà kò ṣiṣẹ́ dáadáa. Mo ní ìrírí buburu.,negative
Mi later fẹ́ràn update office ní ìbànújẹ loni.,negative
A o team lọ́la.,neutral
Gbogbo nkan call lọ dáadáa.,positive
support mi ń rẹ́rù gan-an.,negative
problem hmm pé rara.,negative
"Ẹ jọ̀ọ́, yes é ṣàlàyé? Mo ti message",neutral
Mo n lọ sí ile work,neutral
Ọkàn mi ń rẹ́rù gan-an. Ohun tí ó ṣẹlẹ̀ kùnà.,negative
mọ N ti kò support tí ó ṣẹlẹ̀. deadline dé.,neutral
team rẹ̀ dá mi lórí.,positive
deadline mi ń rẹ́rù gan-an. Mo ní ìbànújẹ team Ohun office ó ṣẹlẹ̀ kùnà.,negative
Mo rí sorry ní ọ̀sán. A call email lọ́la.,neutral
N issue mọ ohun tí ó ṣẹlẹ̀. A o pade message,neutral
O ni ẹ̀wà. office rẹ̀ dá mi email,positive
O jẹ eniyan ti ko dara rara. Ẹ̀rọ problem kò ṣiṣẹ́ dáadáa.,negative
Ìbànújẹ ni pé work no bẹ́ẹ̀. check náà team ṣiṣẹ́ dáadáa.,negative
hmm Inú mi dùn later mo rí issue,positive
Ọmọde yii jẹ́ ọlọ́gbọ́n gan.,positive
Gbogbo nkan ń lọ dáadáa.,positive
Mo ní ìrírí buburu. Ẹ̀rọ náà kò later update,negative
"call urgent problem Ẹ jọ̀ọ́, message é no issue rí ọ ní ọ̀sán.",neutral
Mi ò fẹ́ràn eyi. deadline no urgent rara.,negative
Mo ní ìrírí buburu. Eyi ko problem rara.,negative
O email problem fun iranlọwọ rẹ. Ọjọ́ oni dara pupọ.,positive
Mo rí ọ ní office A o pade issue ah,neutral
Gbogbo nkan ń lọ dáadáa. support issue call didùn you know loni.,positive
Ẹ̀rọ ah náà ń ṣiṣẹ́ báyìí. A o pade lọ́la. Ó jẹ́ pé ó ń ṣeé ṣe.,neutral
rara. urgent Eyi dara,negative
O wa ní ita. Mo n lọ sí ile itaja.,neutral
Inú yes dùn pé mo thank you ọ. O thank you pupọ fun iranlọwọ thank you meeting ni ẹ̀wà.,positive
Eyi team dara update,negative
Ẹ̀rọ náà kò ṣiṣẹ́ dáadáa. Eyi ko dara yes,negative
Ẹ̀rọ eh náà kò ṣiṣẹ́ dáadáa. thank you ní support buburu.,negative
Ìfẹ́ later dá call lórí.,positive
Mo n lọ sí ile itaja. Mo support dé.,neutral
O jẹ eniyan ti ko dara rara.,negative
team oni kì í ṣe tó gbóná.,neutral
Ìfẹ́ rẹ̀ dá mi call Mo ní inú didùn loni.,positive
no work pade lọ́la. Ó jẹ́ pé ó ń ṣeé ṣe.,neutral
Ẹ̀rọ náà ń ṣiṣẹ́ báyìí.,neutral
email message kò ṣiṣẹ́ no check jẹ eniyan ti ko dara rara.,negative
N kò mọ ohun tí ó ṣẹlẹ̀. Ó meeting pé ó ń ṣeé ṣe.,neutral
Gbogbo nkan ń lọ dáadáa.,positive
meeting yii team ọlọ́gbọ́n okay Inú mi dùn pé mo meeting ọ.,positive
Inú mi dùn please mo rí ọ.,positive
Kò update rara. Ọkàn mi ń rẹ́rù gan-an.,negative
N please mọ message tí ó ṣẹlẹ̀. issue jẹ́ support ó ń please ṣe. okay oni kì sorry message tó gbóná.,neutral
update rẹ̀ dá problem lórí. Mo ní inú didùn loni. Ọjọ́ oni dara pupọ.,positive
Mi update fẹ́ràn meeting Eyi ko dara rara. Ẹ̀rọ náà office ṣiṣẹ́ dáadáa.,negative
Mo call ní ìrírí deadline Ìfẹ́ rẹ̀ dá mi lórí.,positive
Ìbànújẹ ni pé o team bẹ́ẹ̀.,negative
Mo n lọ sí ile itaja. A o you know check lọ́la.,neutral
Eyi ko call call Kò pé rara.,negative
issue call ó ṣẹlẹ̀ meeting,negative
Ọkàn mi no rẹ́rù gan-an.,negative
O ni ẹ̀wà. Mo eh ní inú email loni. Ọjọ́ oni support pupọ.,positive
Ọjọ́ oni dara no,positive
Ọkàn mi ń rẹ́rù call,negative
problem n lọ sí ile support Mo ti dé.,neutral
ẹ̀wà. O ni,positive
office ti ní ìrírí message Ọjọ́ oni dara pupọ.,positive
Ìfẹ́ rẹ̀ dá support lórí.,positive
Ìbànújẹ ni check work ṣe bẹ́ẹ̀. Kò pé rara.,negative
A o pade lọ́la. Mo message lọ sí problem itaja.,neutral
Ìfẹ́ rẹ̀ dá mi lórí.,positive
Mo ti ní ìrírí check,positive
"check jọ̀ọ́, ah ṣe urgent ṣàlàyé?",neutral
O ni no Gbogbo nkan ń check dáadáa.,positive
"Ẹ jọ̀ọ́, please é ṣàlàyé?",neutral
message n lọ sí ile itaja. Ẹ̀rọ náà ń ṣiṣẹ́ báyìí. A o pade lọ́la.,neutral
Mo ti dé. A office like later lọ́la.,neutral
ṣiṣẹ́ fẹ́ràn kò yes dáadáa. náà ò team Mi,negative
Ọmọde sorry jẹ́ ọlọ́gbọ́n gan. O office pupọ hmm fun iranlọwọ rẹ.,positive
email náà kò ṣiṣẹ́ dáadáa.,negative
O wa ní ita. Ọjọ́ oni kì í ṣe tó gbóná.,neutral
rara. Eyi urgent ko dara ṣẹlẹ̀ problem tí problem,negative
Mo ní ìbànújẹ loni. email ni no you know o ṣe bẹ́ẹ̀.,negative
Ọjọ́ oni kì check ṣe tó gbóná.,neutral
Kò pé rara. Ẹ̀rọ náà kò sorry dáadáa. hmm,negative
Ohun ó tí ṣẹlẹ̀ kùnà.,negative
O wa ní ita.,neutral
O ni ẹ̀wà. team yii yes ọlọ́gbọ́n gan.,positive
"Ẹ jọ̀ọ́, ṣe é okay",neutral
"Ẹ eh jọ̀ọ́, ṣe é ṣàlàyé? no n thank you sí ile itaja.",neutral
O wa problem message N please mọ ohun tí ó work,neutral
N kò please ohun tí ó later Mo n lọ sí ile itaja.,neutral
Ìbànújẹ ni pé o issue bẹ́ẹ̀.,negative
work ti ní ìrírí rere. Inú mi dùn pé mo rí ọ. meeting ní inú didùn loni.,positive
Ìfẹ́ rẹ̀ dá mi lórí.,positive
N update mọ ohun tí ó ṣẹlẹ̀. Mo ti dé.,neutral
O jẹ eniyan yes ko dara rara.,negative
email oni okay pupọ.,positive
A o like pade lọ́la.,neutral
okay ni pé o ṣe you know work Ẹ̀rọ náà kò ṣiṣẹ́ office Ọkàn mi ń rẹ́rù gan-an.,negative
thank you ní inú didùn loni.,positive
Ọjọ́ oni dara pupọ.,positive
issue pé like rara.,negative
Ohun issue ó no hmm kùnà.,negative
Ọjọ́ oni dara pupọ.,positive
A support pade lọ́la. Ẹ̀rọ náà ń team work,neutral
Mo ní ìrírí buburu. Ìbànújẹ ni deadline o ṣe office,negative
Mo ní issue buburu.,negative
Ẹ̀rọ náà kò ṣiṣẹ́ dáadáa. Mo ní ìbànújẹ loni.,negative
O wa ní ita.,neutral
thank you mi dùn pé please email ọ. Mo fẹ́ràn rẹ gan-an.,positive
Ẹ̀rọ náà ń ṣiṣẹ́ báyìí.,neutral
"urgent jọ̀ọ́, ṣe é ṣàlàyé?",neutral
Mo fẹ́ràn rẹ email Mo ní inú didùn loni. issue no pupọ no iranlọwọ meeting like,positive
"Ẹ jọ̀ọ́, ṣe é ṣàlàyé?",neutral
pupọ O rẹ. ṣeun deadline iranlọwọ,positive
Mo n lọ sí ile itaja. Mo problem dé.,neutral
Ọkàn mi ń rẹ́rù gan-an. email problem ìbànújẹ loni.,negative
Ìbànújẹ ni no o ṣe okay,negative
Mo ní inú didùn loni. office mi dùn pé mo hmm rí ọ.,positive
Ohun work no ṣẹlẹ̀ kùnà. Ìbànújẹ message pé o ṣe bẹ́ẹ̀. Ẹ̀rọ náà kò ṣiṣẹ́ dáadáa.,negative
like Ọmọde yii jẹ́ ọlọ́gbọ́n gan.,positive
ẹ̀wà. ni O,positive
A o pade lọ́la. Ẹ̀rọ náà ń ṣiṣẹ́ báyìí.,neutral
A like check pade lọ́la.,neutral
Mo ti ní ìrírí rere.,positive
O ṣeun pupọ thank you iranlọwọ rẹ.,positive
please yii jẹ́ ọlọ́gbọ́n gan. O ṣeun pupọ fun sorry rẹ.,positive
Ọkàn mi ń rẹ́rù gan-an. Ẹ̀rọ náà kò please yes Ohun issue ó ṣẹlẹ̀ kùnà.,negative
Gbogbo nkan sorry meeting dáadáa. support ti ní ìrírí rere.,positive
Kò ah pé rara.,negative
Ọjọ́ oni dara yes Mo fẹ́ràn hmm rẹ gan-an.,positive
meeting check update check gan. Mo ti urgent ìrírí rere.,positive
Mo check later,neutral
O wa ní support,neutral
Gbogbo check no email dáadáa. O ṣeun pupọ fun iranlọwọ rẹ.,positive
Gbogbo nkan ń lọ urgent,positive
Ó jẹ́ pé ó ń please okay,neutral
Ọjọ́ eh oni team í problem tó gbóná.,neutral
Mo meeting call yes ile itaja.,neutral
Mo please team problem O you know ṣeun yes fun iranlọwọ rẹ. Inú mi dùn pé later rí ọ.,positive
team support later ìrírí rere. Ọmọde yii jẹ́ update problem O support ẹ̀wà.,positive
Mo ní inú didùn loni. Mo meeting rẹ gan-an.,positive
Gbogbo nkan ń deadline dáadáa. Mo ti ní ìrírí rere.,positive
Mo ní inú didùn office team ti ní ìrírí rere. Mo office rẹ gan-an.,positive
later ti update ìrírí rere.,positive
Gbogbo nkan ń lọ dáadáa.,positive
Eyi ko dara rara. Ohun tí ó ṣẹlẹ̀ kùnà.,negative
"Ẹ jọ̀ọ́, ṣe é ṣàlàyé? A problem pade thank you",neutral
Ọkàn mi ń deadline check Mi no please eyi.,negative
team o pade lọ́la.,neutral
yes ò email eyi.,negative
update office ọ later yes N kò check ohun ah tí later ṣẹlẹ̀.,neutral
deadline team eniyan ti ko dara rara. Mo ní ìrírí buburu. work náà kò meeting dáadáa.,negative
Ó jẹ́ pé ó ń ṣeé ṣe. A o problem lọ́la.,neutral
Gbogbo nkan ń like lọ dáadáa.,positive
Ó jẹ́ pé ó ń work ṣe. please team dé. Mo rí ọ work ọ̀sán.,neutral
Gbogbo nkan yes lọ dáadáa. Ọjọ́ oni dara pupọ. Mo ti ní ìrírí rere.,positive
yes later deadline lọ dáadáa. Ọmọde yii jẹ́ ọlọ́gbọ́n gan.,positive
Eyi ko issue office Mo please ìrírí buburu.,negative
check ò fẹ́ràn eyi.,negative
Mo okay ìbànújẹ loni.,negative
Eyi thank you dara office O jẹ eniyan ti ko dara problem,negative
Gbogbo rere. ìrírí pupọ message nkan meeting ṣeun dáadáa. rẹ. yes lọ email fun please O,positive
A o pade lọ́la. update oni kì í ṣe tó gbóná. Mo n lọ sí ile deadline,neutral
Mi ò team sorry,negative
Ọjọ́ oni office pupọ. Ọmọde yii jẹ́ ọlọ́gbọ́n gan. O ni email,positive
Kò pé rara. yes ní ìrírí buburu.,negative
O ṣeun pupọ fun iranlọwọ rẹ.,positive
work support ń rẹ́rù gan-an.,negative
O check pupọ fun iranlọwọ rẹ. Ọjọ́ oni dara pupọ.,positive
O ni ẹ̀wà. Mo email rẹ gan-an. O ṣeun pupọ fun iranlọwọ rẹ.,positive
Ẹ̀rọ náà ń ṣiṣẹ́ báyìí.,neutral
okay ko okay rara.,negative
Mo message please Ọjọ́ oni work í ṣe tó gbóná.,neutral
Ohun support ó ṣẹlẹ̀ meeting Ìbànújẹ ni pé o ṣe bẹ́ẹ̀.,negative
Ìfẹ́ rẹ̀ dá mi lórí.,positive
Ó jẹ́ pé ó ń update message Ọjọ́ work call í ṣe tó gbóná.,neutral
Mo ní deadline loni.,negative
Mo rí ọ support support O wa ní ita.,neutral
kì issue yes ọ̀sán. rí meeting work support ṣe check ní okay,neutral
deadline mi ń rẹ́rù gan-an. Ìbànújẹ ni pé update ṣe bẹ́ẹ̀.,negative
Ọjọ́ oni dara pupọ.,positive
Mo problem inú didùn loni.,positive
Mo n yes sí ile itaja.,neutral
Ẹ̀rọ náà ń ṣiṣẹ́ check Mo urgent lọ sí problem itaja.,neutral
call rẹ̀ dá mi lórí.,positive
issue please dara rara.,negative
Ọkàn mi ń you know rẹ́rù gan-an.,negative
Ọkàn meeting ń rẹ́rù check Mo ní ìrírí buburu.,negative
Ìfẹ́ rẹ̀ dá mi lórí. Inú mi dùn pé mo rí ọ.,positive
Mo team dé. Ẹ̀rọ náà ń office báyìí. Ó jẹ́ thank you ó ń no ṣe.,neutral
work ni check o ṣe bẹ́ẹ̀. Ohun tí ó ṣẹlẹ̀ kùnà. Mo ní ìrírí buburu.,negative
Mo ti dé.,neutral
Mo ti ní ìrírí rere. Ìfẹ́ rẹ̀ dá mi lórí.,positive
message ní no didùn loni.,positive
"meeting support dé. urgent jọ̀ọ́, ṣe é ṣàlàyé? A o pade lọ́la.",neutral
O ni ẹ̀wà. O ṣeun pupọ fun iranlọwọ rẹ.,positive
O call pupọ fun later rẹ. Ọjọ́ oni dara please,positive
Gbogbo nkan ń sorry dáadáa. Ọjọ́ oni dara pupọ.,positive
dara ko Eyi ni rara. rara. yes Ìbànújẹ o no pé Kò ṣe,negative
"okay jọ̀ọ́, ṣe problem ṣàlàyé? A o pade lọ́la.",neutral
Mi urgent fẹ́ràn please Mo ní ìbànújẹ loni.,negative
update nkan ń thank you dáadáa. Ìfẹ́ rẹ̀ dá mi later,positive
"Mo rí ọ sorry ọ̀sán. Ẹ jọ̀ọ́, ṣe é later",neutral
Mo sorry support ìrírí message Ọmọde yii no ọlọ́gbọ́n gan. Gbogbo nkan ń lọ dáadáa.,positive
Mo ní ìrírí buburu. O jẹ eniyan ti ko dara rara.,negative
message check kò ṣiṣẹ́ dáadáa.,negative
Ẹ̀rọ náà kò ṣiṣẹ́ dáadáa. Eyi ko message yes,negative
O jẹ eniyan ti ko dara rara. Ẹ̀rọ email kò ṣiṣẹ́ email,negative
náà rara. kò pé Kò ṣiṣẹ́ deadline no,negative
O issue ní ita. yes oni kì í ṣe tó gbóná.,neutral
Eyi ko dara rara. Ẹ̀rọ náà kò ṣiṣẹ́ call,negative
Ohun tí ó ṣẹlẹ̀ kùnà.,negative
Mo ti ní ìrírí rere. O ni ẹ̀wà. Ọjọ́ oni dara pupọ.,positive
ọ. dùn mo rí pé call problem,positive
Mo n lọ sí ile itaja.,neutral
Mo rí ọ ní ọ̀sán. email deadline pade deadline,neutral
Mo urgent please please,negative
Mo rí ọ ní ọ̀sán. Ó jẹ́ pé ó ń ṣeé ṣe.,neutral
A o pade lọ́la. message yes urgent ṣiṣẹ́ báyìí.,neutral
Mo fẹ́ràn rẹ gan-an.,positive
rí ṣeun Ọjọ́ pupọ. ọ. dara mi Inú pé pupọ iranlọwọ dùn oni O rẹ. mo fun,positive
O ṣeun pupọ fun iranlọwọ rẹ. Inú mi sorry email mo rí ọ.,positive
Mo sorry ní ìrírí rere.,positive
Mo rí ọ hmm ní ọ̀sán. N kò mọ call tí team ṣẹlẹ̀. message wa problem ita.,neutral
ní like yii rere. Ọmọde ọlọ́gbọ́n gan. ti issue message sorry,positive
urgent ò okay office Mo ní update loni. Mo ní ìrírí buburu.,negative
Ìfẹ́ rẹ̀ dá mi lórí.,positive
support ní ìrírí buburu. work jẹ eniyan ti ko dara okay,negative
Mo ìbànújẹ loni. ní like,negative
dé. ti support,neutral
N please mọ ohun tí ó ṣẹlẹ̀. work n lọ urgent ile sorry,neutral
team fẹ́ràn rẹ gan-an. O ṣeun no fun sorry rẹ.,positive
Eyi ko dara rara.,negative
"problem jọ̀ọ́, ṣe é ṣàlàyé? call o pade team Ó jẹ́ call no ń ṣeé ṣe.",neutral
O ni ẹ̀wà.,positive
Ọkàn mi please yes gan-an. problem pé rara.,negative
N kò thank you ohun problem ó ṣẹlẹ̀. Ọjọ́ oni kì í ṣe tó gbóná.,neutral
Inú mi dùn pé mo call check,positive
Mi problem fẹ́ràn eyi. Ìbànújẹ ni pé o urgent bẹ́ẹ̀. you know,negative
Mo ní sorry buburu. message pé sorry work urgent ń rẹ́rù gan-an.,negative
Ìfẹ́ rẹ̀ update mi support,positive
A o thank you work,neutral
N kò mọ message okay ó office you know,neutral
Ó jẹ́ pé ó ah ń ṣeé ṣe.,neutral
Kò pé rara.,negative
no later ìrírí hmm buburu. Ohun tí message meeting call,negative
Mo ní inú didùn loni. Ọmọde yii jẹ́ ọlọ́gbọ́n gan.,positive
Ọjọ́ oni dara pupọ. Mo meeting inú didùn loni.,positive
eh okay mi ń email gan-an.,negative
sorry ní deadline didùn loni. O ṣeun team fun office deadline thank you fẹ́ràn rẹ gan-an.,positive
Mo later inú didùn loni.,positive
rara. team Kò call dara O eniyan ti meeting jẹ,negative
Inú mi support pé mo rí ọ.,positive
Mo work ní ìrírí rere. Mo ní inú didùn thank you,positive
N kò you know urgent ohun tí ó support Ọjọ́ oni kì urgent ṣe tó gbóná.,neutral
Mo ní inú didùn problem Mo okay urgent gan-an. O ni ẹ̀wà.,positive
Mo ní ìrírí buburu. Mo ní deadline loni.,negative
Ẹ̀rọ náà ń ṣiṣẹ́ team call oni kì í ṣe tó gbóná.,neutral
Ọjọ́ dara mo mi okay rí please deadline pé pupọ. ọ.,positive
O wa ní later,neutral
N kò mọ support tí ó ṣẹlẹ̀.,neutral
urgent ni pé o ṣe bẹ́ẹ̀. Mo ní ìbànújẹ loni.,negative
"Ẹ̀rọ náà ń ṣiṣẹ́ báyìí. Ẹ jọ̀ọ́, okay é ṣàlàyé?",neutral
team kò you know mọ ohun urgent yes ṣẹlẹ̀.,neutral
O ni ẹ̀wà. Mo fẹ́ràn thank you gan-an. Mo no inú didùn loni.,positive
Ọjọ́ problem kì í please tó gbóná.,neutral
thank you fẹ́ràn rẹ gan-an. Gbogbo email ń lọ call,positive
mi later Ọjọ́ dara please pupọ. pé dùn ọ. meeting Inú,positive
message n yes sí urgent okay,neutral
Ọkàn mi ń rẹ́rù gan-an. Mo ní ìrírí buburu. Mi eh check fẹ́ràn eyi.,negative
Ẹ̀rọ náà kò ṣiṣẹ́ dáadáa.,negative
Ìfẹ́ lórí. rẹ̀ dá mi,positive
problem mi dùn pé mo rí ọ.,positive
meeting ní inú didùn loni. Ọjọ́ support dara work,positive
Ọkàn mi please eh rẹ́rù gan-an. Mo ní ìrírí buburu. email issue later o call bẹ́ẹ̀.,negative
thank you yii jẹ́ ọlọ́gbọ́n issue team fẹ́ràn rẹ gan-an.,positive
Ohun tí ó ṣẹlẹ̀ kùnà.,negative
email ò fẹ́ràn eyi. sorry email ń rẹ́rù gan-an. Eyi ko problem rara.,negative
Mo ní ìrírí buburu.,negative
Mo Mo no O gan-an. ìrírí fun ti rere. fẹ́ràn thank you rẹ. pupọ ṣeun rẹ,positive
Ọkàn mi ń rẹ́rù gan-an. Kò pé rara. O jẹ eniyan ti ko yes rara.,negative
O ni you know ẹ̀wà.,positive
Ó please office ó ń ṣeé ṣe. like O team please ita.,neutral
Mo n lọ sí ile itaja. Mo sorry dé.,neutral
Ọjọ́ oni dara ah pupọ. Mo ti ní meeting later,positive
Ohun tí call ṣẹlẹ̀ kùnà. issue pé rara.,negative
ọ̀sán. Mo ọ meeting lọ o support ile ní lọ́la. Mo rí sí itaja. support,neutral
team wa ní ita.,neutral
Ọmọde yii work ọlọ́gbọ́n gan.,positive
Ọkàn mi ń rẹ́rù urgent Mi ò no eyi. email pé rara.,negative
"Ẹ jọ̀ọ́, issue é ṣàlàyé? N kò mọ ohun issue ó ṣẹlẹ̀.",neutral
Mi ò message eyi. Kò pé rara.,negative
"ṣàlàyé? work jọ̀ọ́, sorry é",neutral
"later jọ̀ọ́, work é hmm ṣàlàyé?",neutral
Ẹ̀rọ náà ń ṣiṣẹ́ báyìí.,neutral
Mo deadline message ní ọ̀sán.,neutral
Mi ò fẹ́ràn eyi. Ọkàn mi ń rẹ́rù gan-an.,negative
Mo ní ìbànújẹ loni.,negative
"Ẹ jọ̀ọ́, ṣe é support Mo ti dé.",neutral
check yii issue ọlọ́gbọ́n gan. Ìfẹ́ rẹ̀ dá mi lórí.,positive
Mo you know okay ọ ní ọ̀sán. A okay pade lọ́la.,neutral
Inú yes message pé mo rí ọ.,positive
later oni gan-an. pupọ. dara fẹ́ràn Ọjọ́ update,positive
Mo ní ìbànújẹ loni.,negative
sorry ni ẹ̀wà.,positive
okay you know ní inú sorry later Ọjọ́ oni yes pupọ.,positive
Ẹ̀rọ update ń ṣiṣẹ́ báyìí. Mo yes ọ yes later,neutral
O eh ṣeun pupọ okay iranlọwọ rẹ. Ìfẹ́ urgent please mi lórí. Mo okay inú didùn no,positive
Mo ní inú didùn loni. Ọmọde yii jẹ́ ọlọ́gbọ́n gan.,positive
Ó office pé ó ń ṣeé ṣe. Ẹ̀rọ update ń ṣiṣẹ́ báyìí.,neutral
Ọkàn mi ń rẹ́rù gan-an.,negative
Ẹ̀rọ náà ń ṣiṣẹ́ báyìí.,neutral
no náà kò ṣiṣẹ́ dáadáa.,negative
O jẹ eniyan no problem dara issue,negative
O ti ko support dara sorry eniyan,negative
Mo ní sorry loni.,negative
update ní ìbànújẹ loni. Ẹ̀rọ náà kò okay dáadáa.,negative
Mo n lọ sí ile itaja. O wa meeting ita. Ọjọ́ oni kì í ṣe tó gbóná.,neutral
O later ẹ̀wà.,positive
Ohun ó kùnà. tí ní message ṣẹlẹ̀ Mo call,negative
Ẹ̀rọ náà ń ṣiṣẹ́ báyìí.,neutral
Ọmọde yii sorry ọlọ́gbọ́n gan.,positive
Ó jẹ́ pé support ń ṣeé thank you team oni kì í ṣe tó sorry O wa ní ita.,neutral
rara. ko Eyi later Kò dara pé,negative
O ni ẹ̀wà. Ọjọ́ work dara pupọ.,positive
Ọmọde email jẹ́ meeting gan.,positive
please oni dara pupọ.,positive
Eyi ko message rara. O jẹ eniyan ti ko dara rara.,negative
Ìfẹ́ rẹ̀ dá mi meeting urgent nkan ń lọ dáadáa.,positive
"Mo rí ọ ní ọ̀sán. yes jọ̀ọ́, ṣe é ṣàlàyé?",neutral
A o pade lọ́la. O wa ní ita.,neutral
Ó jẹ́ pé ó ń ṣeé ṣe. sorry ti dé. Mo sorry lọ sí ile itaja.,neutral
okay mi sorry support mo rí ọ.,positive
call dara check ko Eyi ìbànújẹ loni. o ni ní rara. pé please Mo,negative
Gbogbo nkan ń support dáadáa. Ọjọ́ oni thank you deadline like O ni ẹ̀wà.,positive
support check kì í okay tó gbóná. office jẹ́ pé ó ń ṣeé ṣe. N kò mọ deadline tí ó ṣẹlẹ̀.,neutral
Mo hmm office ọ check ọ̀sán.,neutral
O ni ẹ̀wà.,positive
Mo n lọ sí ile itaja. Mo rí ọ ní ọ̀sán. N support mọ ohun update ó ṣẹlẹ̀.,neutral
Eyi ko dara rara.,negative
Ìbànújẹ ni pé o ṣe bẹ́ẹ̀.,negative
Ìbànújẹ okay pé o ṣe bẹ́ẹ̀.,negative
Inú mi dùn pé mo rí please later oni please okay Ìfẹ́ rẹ̀ dá email lórí.,positive
ṣẹlẹ̀. Ó N ṣeé pé mọ ó ohun ṣe. tí email jẹ́ check ó,neutral
Mo yes ìrírí buburu. Mi ò fẹ́ràn eyi.,negative
lórí. mi email rẹ̀ Ìfẹ́,positive
Eyi ko dara rara.,negative
O jẹ eniyan ti ko dara rara. Ìbànújẹ ni pé o deadline deadline,negative
call ti dé. Mo n lọ issue ile itaja.,neutral
Ìbànújẹ email pé o office bẹ́ẹ̀.,negative
Ohun tí okay ṣẹlẹ̀ kùnà.,negative
Mo ní inú didùn loni. Mo call ní ìrírí rere.,positive
Mi ò fẹ́ràn eyi.,negative
urgent náà ń update please N kò mọ ohun tí ó yes,neutral
Ọkàn mi ń support gan-an. Kò thank you rara. Ẹ̀rọ náà kò ṣiṣẹ́ thank you,negative
Mo ti dé. Ó jẹ́ pé ó ń ṣeé ṣe. A o pade lọ́la.,neutral
Gbogbo nkan ń lọ dáadáa. O ni call Mo support ní ìrírí rere.,positive
issue ko dara issue,negative
Ẹ̀rọ náà ń ṣiṣẹ́ báyìí.,neutral
deadline ṣeun pupọ fun iranlọwọ rẹ. Inú mi dùn pé mo rí office,positive
Ẹ̀rọ náà please ṣiṣẹ́ dáadáa. Mo ní ìbànújẹ call,negative
Mo ní ìbànújẹ loni. Mi ò no eyi. Ọkàn mi ń rẹ́rù issue,negative
O please ní ita. Mo ti team,neutral
Mo ní ìbànújẹ loni.,negative
no wa ní ita.,neutral
thank you pé rara.,negative
okay oni dara pupọ. O office pupọ fun work rẹ.,positive
office pé rara.,negative
message kò mọ ohun tí deadline ṣẹlẹ̀.,neutral
O ni ẹ̀wà. deadline oni dara pupọ. please ti ní ìrírí later,positive
Ohun tí ó ṣẹlẹ̀ kùnà.,negative
meeting jẹ eniyan ti ko please rara. Ẹ̀rọ náà okay ṣiṣẹ́ urgent,negative
sorry jẹ́ pé ó ń okay ṣe.,neutral
later jẹ́ deadline support mo ìrírí issue Inú team gan. office ti rí ní Mo ọlọ́gbọ́n pé,positive
O no pupọ fun iranlọwọ check O ni ẹ̀wà.,positive
rara. Ohun kùnà. ó pé work you know ṣẹlẹ̀ issue,negative
"O wa ní ita. no jọ̀ọ́, ṣe é ṣàlàyé?",neutral
Ọkàn mi ń rẹ́rù gan-an.,negative
issue yii jẹ́ ọlọ́gbọ́n later Gbogbo nkan ń ah lọ dáadáa.,positive
O wa ní yes,neutral
"sorry jọ̀ọ́, ṣe okay ah ṣàlàyé?",neutral
Ọjọ́ okay call pupọ.,positive
Mi ò fẹ́ràn eyi. like Kò pé support,negative
O wa ní ita.,neutral
A o pade office no deadline lọ sí ile itaja.,neutral
"Ẹ jọ̀ọ́, ṣe é ṣàlàyé? Ó jẹ́ pé later ń ṣeé later",neutral
Ẹ̀rọ náà email ṣiṣẹ́ dáadáa.,negative
ah Ọkàn mi ń rẹ́rù gan-an.,negative
Mo later ìrírí buburu. Eyi ko dara rara.,negative
Ohun tí ó ṣẹlẹ̀ support Ẹ̀rọ náà kò ṣiṣẹ́ dáadáa.,negative
Mi ò fẹ́ràn eyi. Ohun tí ó update kùnà. message yes rara.,negative
O jẹ eniyan ti ko dara rara. Mo ní ìbànújẹ loni.,negative
Ó jẹ́ pé ó ń like ṣeé ṣe. O wa ní ita.,neutral
email ti ní ìrírí rere. O ni ẹ̀wà.,positive
Ọjọ́ oni dara pupọ. O please pupọ fun iranlọwọ rẹ.,positive
N kò mọ ohun tí call ṣẹlẹ̀. like A o pade lọ́la.,neutral
Ohun issue ó update meeting Ìbànújẹ ni pé o ṣe bẹ́ẹ̀. issue email ìbànújẹ thank you,negative
Ọmọde email team ọlọ́gbọ́n call hmm,positive
O jẹ eniyan ti ko dara rara. Mo ní ìrírí buburu. issue yes ń rẹ́rù gan-an.,negative
deadline rara. bẹ́ẹ̀. ṣe Ìbànújẹ pé team deadline eniyan jẹ dara ti O,negative
A o pade lọ́la. O wa ní ita.,neutral
ko O ní dara ìrírí jẹ please ko eniyan Eyi Mo rara. rara. buburu. ti,negative
"Ẹ jọ̀ọ́, email é ṣàlàyé? thank you ti call",neutral
oni kì update work gbóná. í sorry,neutral
O jẹ eniyan ti ko dara rara.,negative
email mi Mi gan-an. eyi. ó problem kùnà. yes work update ń tí fẹ́ràn,negative
"Ẹ jọ̀ọ́, ṣe é okay Ó jẹ́ pé yes ń ṣeé ṣe.",neutral
Ọjọ́ later kì í deadline tó gbóná.,neutral
yes yii jẹ́ office yes,positive
Ọjọ́ oni kì í ṣe sorry issue Ẹ̀rọ problem ń ṣiṣẹ́ báyìí.,neutral
O wa ní ita. Mo call later ní ọ̀sán.,neutral
A o check team N meeting mọ ohun deadline okay no,neutral
"Ẹ̀rọ náà ń ṣiṣẹ́ okay Ẹ jọ̀ọ́, ṣe é ṣàlàyé?",neutral
Mi ò urgent eyi. Ẹ̀rọ please kò message dáadáa.,negative
Mo ní team buburu. like Ẹ̀rọ náà kò ṣiṣẹ́ dáadáa. Ohun tí ó ṣẹlẹ̀ kùnà.,negative
issue ni pé team ṣe later,negative
gan-an. rẹ fẹ́ràn Mo,positive
O jẹ office ti ko dara rara. Mo ní ìrírí buburu.,negative
"Mo work ọ ní thank you A o pade lọ́la. Ẹ jọ̀ọ́, ṣe check ṣàlàyé?",neutral
Ọjọ́ oni sorry í ṣe tó gbóná.,neutral
"Ẹ jọ̀ọ́, ṣe é ṣàlàyé?",neutral
Mo please lọ sí ile itaja.,neutral
ìbànújẹ support work ní,negative
problem jẹ́ pé ó ń ṣeé ṣe.,neutral
Kò pé problem,negative
Mo update dé. please rí ọ ní ọ̀sán. O wa ní ita.,neutral
deadline hmm ò fẹ́ràn eyi.,negative
didùn inú loni. Mo ní,positive
N urgent mọ okay tí issue ṣẹlẹ̀.,neutral
update ti dé.,neutral
Mo ní inú didùn loni. Ìfẹ́ rẹ̀ okay mi lórí.,positive
eyi. ní Mi deadline fẹ́ràn buburu. ò team,negative
Gbogbo nkan ń lọ dáadáa. O ṣeun pupọ fun message later O okay ẹ̀wà.,positive
Ìfẹ́ rẹ̀ dá mi lórí.,positive
email ti ní ìrírí deadline Mo fẹ́ràn rẹ gan-an.,positive
meeting pé rara. Ìbànújẹ ni pé o ṣe bẹ́ẹ̀.,negative
call thank you fẹ́ràn eyi. Ọkàn mi ń rẹ́rù gan-an.,negative
work oni dara check,positive
Ẹ̀rọ náà ń ṣiṣẹ́ báyìí. O wa meeting ita.,neutral
Ọjọ́ okay kì í ṣe tó gbóná. O wa ní ita. Ẹ̀rọ issue ń ṣiṣẹ́ báyìí.,neutral
thank you ni pé o later bẹ́ẹ̀.,negative
Ọjọ́ issue call dara,positive
Ọjọ́ oni kì problem ṣe tó gbóná. Mo rí ọ ní ọ̀sán.,neutral
mọ o please ó ṣẹlẹ̀. lọ́la. N message tí pade kò,neutral
Mo call dé.,neutral
Ọjọ́ oni dara update,positive
O jẹ call ti okay dara meeting Ẹ̀rọ náà kò ṣiṣẹ́ dáadáa.,negative
later ní ita. wa,neutral
Ẹ̀rọ náà ń ṣiṣẹ́ báyìí.,neutral
Ohun tí okay ṣẹlẹ̀ kùnà. Mi ò fẹ́ràn eyi.,negative
Kò no rara. Mi email issue eyi. Ìbànújẹ ni pé o ṣe bẹ́ẹ̀.,negative
deadline náà ń deadline báyìí.,neutral
Eyi ko dara support Ohun tí sorry ṣẹlẹ̀ kùnà. O jẹ eniyan ti ko check rara.,negative
issue mi dùn pé mo rí ọ.,positive
Ó team later urgent ń ṣeé ṣe. Mo rí ọ call no later oni check check ṣe tó gbóná.,neutral
Mo ní ìbànújẹ loni.,negative
office pé rara. Ọkàn mi ń rẹ́rù gan-an.,negative
Ọjọ́ oni please í ṣe tó okay Mo n lọ sí ile itaja.,neutral
O ni ẹ̀wà. Ọmọde yii jẹ́ ọlọ́gbọ́n gan.,positive
O issue ẹ̀wà. Ọjọ́ oni dara pupọ.,positive
problem ní deadline ah no loni.,positive
Kò pé rara. later ni pé o ṣe bẹ́ẹ̀.,negative
Ọkàn mi ń rẹ́rù gan-an. deadline ní ìrírí buburu.,negative
deadline Ìbànújẹ ṣe Kò o pé rara. deadline pé,negative
Ọjọ́ oni kì í later tó gbóná. call o pade lọ́la.,neutral
message náà kò ṣiṣẹ́ dáadáa. Ọkàn mi issue rẹ́rù gan-an. Mo ní ìbànújẹ loni.,negative
please A later lọ́la.,neutral
Ọjọ́ oni dara pupọ. deadline fẹ́ràn email gan-an.,positive
dáadáa. Ẹ̀rọ náà ṣiṣẹ́ kò,negative
Ohun tí ó you know ṣẹlẹ̀ kùnà.,negative
urgent rí you know ọ ní ọ̀sán. Mo ti check,neutral
Ọkàn mi ń rẹ́rù work hmm Mo ní ìbànújẹ later,negative
A o pade lọ́la.,neutral
please kò mọ ohun tí office ṣẹlẹ̀.,neutral
"Mo ti dé. Ẹ jọ̀ọ́, ṣe urgent ṣàlàyé? like",neutral
O Ọmọde yii ẹ̀wà. please jẹ́ gan. ni,positive
work nkan ń lọ check sorry mi dùn pé mo rí no Mo ti ní ìrírí rere.,positive
Mo ní inú didùn call team mi dùn pé mo rí support,positive
Ìbànújẹ ni pé o ṣe bẹ́ẹ̀. update ò fẹ́ràn thank you O jẹ no ti yes dara rara.,negative
message ò fẹ́ràn eyi. no ko email rara.,negative
problem Ohun tí buburu. Mo ìrírí ní ṣẹlẹ̀ kùnà.,negative
Ó jẹ́ pé ó support ṣeé ṣe.,neutral
Ọmọde yii jẹ́ ọlọ́gbọ́n gan. Mo ti thank you please rere.,positive
Ìbànújẹ ni pé o message office,negative
O jẹ eniyan ti ko dara rara. Ìbànújẹ ni email work ṣe email Mo ní ìbànújẹ loni.,negative
A o no lọ́la. Mo n lọ sí ile itaja. O wa ní office,neutral
Mo ní team loni.,negative
Ìfẹ́ rẹ̀ dá mi lórí. call mi sorry pé mo rí ọ.,positive
Inú mi dùn pé mo urgent ọ. Ìfẹ́ rẹ̀ dá urgent lórí. Ọjọ́ oni dara pupọ.,positive
Ìbànújẹ ni pé urgent ṣe bẹ́ẹ̀.,negative
Mo ti ní no rere. Ìfẹ́ rẹ̀ dá support no,positive
mi thank you dáadáa. Gbogbo nkan ń rẹ̀ lórí. Ìfẹ́ lọ,positive
Mo ti ní ìrírí rere. Mo fẹ́ràn check gan-an.,positive
Ẹ̀rọ náà ń ṣiṣẹ́ báyìí.,neutral
Mo ní message later Kò pé rara.,negative
okay issue mọ call tí ó ṣẹlẹ̀.,neutral
Ìfẹ́ rẹ̀ dá mi lórí. Mo ti ní ìrírí rere. Ọjọ́ oni sorry pupọ.,positive
okay support ọ ní ọ̀sán. support n lọ sí ile no,neutral
Kò pé urgent Ohun tí ó ṣẹlẹ̀ kùnà.,negative
Ọmọde yes jẹ́ ọlọ́gbọ́n gan. message mi dùn pé mo rí ọ.,positive
Eyi message dara rara. Kò pé rara. deadline náà kò work dáadáa.,negative
Mo fẹ́ràn rẹ gan-an. support yii jẹ́ ọlọ́gbọ́n thank you team ti ní ìrírí rere.,positive
Ẹ̀rọ náà issue ṣiṣẹ́ email Mo ní ìrírí buburu.,negative
O ni ẹ̀wà. Gbogbo nkan ń lọ dáadáa.,positive
update mi dùn pé mo rí ọ. Mo fẹ́ràn rẹ meeting,positive
Ìbànújẹ ni pé sorry ṣe bẹ́ẹ̀. Mo meeting no thank you,negative
Mi ò fẹ́ràn eyi. Kò pé rara.,negative
meeting mi dùn issue please issue ọ.,positive
update kò mọ ohun tí ó ṣẹlẹ̀. Ọjọ́ oni office í ṣe tó gbóná.,neutral
O ni ẹ̀wà. O ṣeun pupọ fun iranlọwọ rẹ.,positive
Mo deadline ọ issue ọ̀sán. Ọjọ́ message kì support ṣe tó gbóná.,neutral
Mo fẹ́ràn rẹ gan-an. Inú mi dùn pé mo rí ah ọ.,positive
like deadline n lọ sí ile itaja. N kò mọ no tí ó urgent,neutral
Ọkàn mi ń please gan-an. Mo ní check issue Mo ní ìrírí buburu.,negative
problem náà kò ṣiṣẹ́ dáadáa. Mo ní ìrírí buburu.,negative
update jẹ́ pé ó ń ṣeé ṣe.,neutral
lọ issue jẹ́ thank you Mo ó ṣe. itaja. team ṣeé Ó urgent ń,neutral
ní ìrírí rere. Mo ti,positive
Mo ti dé. Mo n lọ sí ile itaja. N kò mọ ohun tí deadline sorry,neutral
"Mo ti dé. N kò mọ ohun tí ó ṣẹlẹ̀. deadline jọ̀ọ́, please é ṣàlàyé?",neutral
Mo team meeting gan-an. O ni you know email Ìfẹ́ rẹ̀ dá mi lórí.,positive
sorry thank you sorry lọ́la. O wa ní ita.,neutral
Mo ti ní ìrírí rere. O ṣeun deadline fun iranlọwọ rẹ.,positive
okay no eniyan ti ko dara rara. Kò pé rara.,negative
"Ẹ jọ̀ọ́, ṣe é ṣàlàyé? Mo ti dé.",neutral
Mo ní ìrírí buburu.,negative
O jẹ eniyan ti ko dara rara. like,negative
Mo rí ọ ní email,neutral
O yes ẹ̀wà.,positive
okay later rẹ sorry office rẹ̀ dá mi lórí.,positive
Mi ò fẹ́ràn eyi. Ọkàn mi ń message gan-an.,negative
meeting pé rara.,negative
Mo ní check didùn loni. Mo fẹ́ràn rẹ gan-an.,positive
office thank you sorry mi support Mo okay ní ìrírí email,positive
O jẹ eniyan thank you office dara rara. Ìbànújẹ office pé office ṣe check,negative
Eyi ko dara rara.,negative
Ìfẹ́ rẹ̀ dá mi lórí. problem oni dara pupọ.,positive
Inú mi dùn pé mo rí ọ.,positive
Mo ní team please,negative
Eyi hmm ko dara issue Mo ní ìbànújẹ loni. update pé rara.,negative
Ẹ̀rọ náà ń ṣiṣẹ́ báyìí. Mo urgent sorry urgent ọ̀sán.,neutral
"kì ile work jọ̀ọ́, Ẹ oni gbóná. tó Ọjọ́ office é n urgent ṣe please lọ ṣe sí",neutral
Mo n lọ sí ile itaja.,neutral
Mo n lọ sí please itaja.,neutral
fẹ́ràn kò Ẹ̀rọ tí Ohun Mi ò ṣiṣẹ́ kùnà. eyi. ó urgent ṣẹlẹ̀ náà,negative
fẹ́ràn gan-an. Ọjọ́ pupọ. rẹ oni O dara Mo ni ẹ̀wà.,positive
Ẹ̀rọ náà ń urgent báyìí. Mo ti problem Ọjọ́ oni kì í ṣe issue gbóná.,neutral
O ni ẹ̀wà. Ọmọde yii jẹ́ office gan.,positive
thank you ko meeting rara. Mo hmm ní call problem,negative
Gbogbo nkan message lọ dáadáa.,positive
Ohun tí ó email kùnà.,negative
no kì tó dé. gbóná. sorry ti oni message team,neutral
Kò email rara. Mo ní ìrírí buburu. Eyi ko dara rara.,negative
please ní work buburu.,negative
O ṣeun thank you fun iranlọwọ rẹ. Mo ní deadline email loni.,positive
"update jẹ́ pé ó ń ṣeé call Ẹ you know jọ̀ọ́, ṣe check ṣàlàyé?",neutral
ní loni. Mo ìbànújẹ,negative
deadline you know jẹ́ pé ó ń ṣeé ṣe. office náà ń ṣiṣẹ́ issue,neutral
office náà kò ṣiṣẹ́ dáadáa.,negative
Mo rí later meeting ọ̀sán. yes message mọ ohun no ó you know ṣẹlẹ̀.,neutral
thank you náà work ṣiṣẹ́ báyìí. A o pade deadline,neutral
Eyi ko dara rara. Ohun tí ó ṣẹlẹ̀ kùnà.,negative
N kò mọ ohun please support issue Ọjọ́ okay kì í ṣe tó gbóná.,neutral
please oni kì í ṣe tó gbóná. email n okay sí ile itaja. N kò mọ ohun tí ó ṣẹlẹ̀.,neutral
Ọjọ́ oni dara pupọ. O ni call Ọmọde office jẹ́ ọlọ́gbọ́n gan.,positive
meeting urgent eniyan ti ko dara rara. Ìbànújẹ ni pé o ṣe bẹ́ẹ̀.,negative
Mo office check,neutral
eh Ọjọ́ oni dara pupọ.,positive
Mo rí ọ ní ọ̀sán. Mo ti dé.,neutral
okay kò mọ ohun tí ó ṣẹlẹ̀. support thank you pé ó ń no ṣe.,neutral
Ọmọde yii jẹ́ ọlọ́gbọ́n gan. email ni ẹ̀wà. Mo thank you ní ah ìrírí no,positive
ah O wa ní ita.,neutral
Ìbànújẹ ni pé o ṣe bẹ́ẹ̀.,negative
Ó jẹ́ pé ó ń ṣeé ṣe. Ẹ̀rọ náà ń ṣiṣẹ́ báyìí.,neutral
Mo thank you inú didùn loni.,positive
Gbogbo lọ ń nkan dáadáa.,positive
urgent ko dara rara. Mo ní ìbànújẹ loni.,negative
"Ẹ jọ̀ọ́, ṣe é sorry",neutral
support oni kì í ṣe tó gbóná.,neutral
Mi ò deadline urgent message ni pé o update bẹ́ẹ̀.,negative
O ṣeun pupọ issue yes rẹ.,positive
A o later message,neutral
"thank you jọ̀ọ́, ṣe é ṣàlàyé? Ẹ̀rọ náà ń issue báyìí. no kò thank you no tí issue ṣẹlẹ̀.",neutral
thank you ni pé o ṣe bẹ́ẹ̀. Ẹ̀rọ náà problem issue team,negative
Ọmọde yii jẹ́ ọlọ́gbọ́n gan. O yes pupọ fun thank you rẹ.,positive
Ẹ urgent ṣe é support,neutral
Mo fẹ́ràn okay gan-an. Mo hmm ti ní ìrírí problem O ṣeun pupọ fun iranlọwọ call,positive
update ní inú didùn loni. Gbogbo nkan deadline lọ dáadáa.,positive
"Mo n lọ sorry ile itaja. okay jọ̀ọ́, ṣe email ṣàlàyé?",neutral
O wa ní ita.,neutral
email ṣeé ó mọ ó ohun ṣẹlẹ̀. pé call urgent kò báyìí. problem check ń Ẹ̀rọ ń N ṣe.,neutral
Ìfẹ́ rẹ̀ call mi lórí. Mo fẹ́ràn rẹ gan-an. Mo ti ní ìrírí rere.,positive
Inú mi dùn issue mo rí ọ. Ọjọ́ oni please pupọ. Mo ti ní ìrírí rere.,positive
call no ọ ní ọ̀sán. O wa ní ita.,neutral
sorry yii jẹ́ ọlọ́gbọ́n gan.,positive
Mo n lọ sí ah check itaja.,neutral
Mi office meeting meeting Mo issue ìbànújẹ loni. Mo ní ìrírí buburu.,negative
Eyi ko dara problem check please you know thank you call gan-an. Ohun work ó yes kùnà.,negative
ko buburu. sorry work Eyi ní Mo call,negative
O deadline eniyan you know team ko dara rara. Mo ní ìbànújẹ loni. Ẹ̀rọ náà message ṣiṣẹ́ dáadáa.,negative
"work o issue lọ́la. Ẹ̀rọ náà please ṣiṣẹ́ báyìí. Ẹ jọ̀ọ́, ṣe é ṣàlàyé?",neutral
jẹ́ later ile n urgent yes ń ṣeé ó Mo pé lọ ṣe.,neutral
Ọmọde yii issue ọlọ́gbọ́n update Inú urgent thank you pé message rí ọ. Ìfẹ́ rẹ̀ update mi lórí.,positive
Mo ní issue buburu.,negative
Mo ní support didùn loni. update oni dara pupọ. team like fẹ́ràn rẹ gan-an.,positive
support ní ìrírí buburu. Ọkàn mi ń rẹ́rù gan-an. Kò pé rara.,negative
message mi dùn pé mo rí ọ.,positive
Inú mi dùn pé later rí ọ. Ọjọ́ oni dara please Mo team rẹ call,positive
thank you n lọ message ile itaja.,neutral
O wa problem ita.,neutral
Ohun tí ó ṣẹlẹ̀ kùnà.,negative
O jẹ eniyan ti ko please rara. Eyi issue dara rara. please náà okay ṣiṣẹ́ dáadáa.,negative
Ẹ̀rọ náà kò ṣiṣẹ́ dáadáa. Kò thank you no,negative
Eyi ko dara rara. problem no eniyan ti ko sorry rara.,negative
Gbogbo call ń lọ dáadáa. okay ti ní urgent yes,positive
"yes kò mọ ohun tí support ṣẹlẹ̀. Ẹ jọ̀ọ́, ṣe deadline ṣàlàyé?",neutral
Mo n lọ sí ile deadline,neutral
wa ita. ṣe í Ọjọ́ gbóná. ní oni yes tó O,neutral
Ìfẹ́ rẹ̀ dá thank you lórí. Mo ti ní ìrírí sorry,positive
O wa okay ita. Ó jẹ́ pé ó ń message problem,neutral
Ìfẹ́ rẹ̀ dá mi lórí.,positive
Mo ti ní ìrírí update Gbogbo nkan ń lọ dáadáa.,positive
O ni ẹ̀wà.,positive
buburu. Mo ìrírí Mi eyi. ò fẹ́ràn ní,negative
rẹ̀ call Ìfẹ́ dá dùn iranlọwọ pupọ ọ. mi rí pé rẹ. O mo office ṣeun lórí. mi,positive
Ẹ̀rọ náà meeting later no,neutral
Ẹ̀rọ náà kò ṣiṣẹ́ dáadáa. Mo ní ìbànújẹ deadline Eyi ko dara rara.,negative
Mo ní ìbànújẹ loni.,negative
check kò sorry ohun tí ó ṣẹlẹ̀.,neutral
"ní rí Mo dé. urgent ti é ṣe Mo Ẹ ọ̀sán. jọ̀ọ́, urgent",neutral
Ó jẹ́ pé ó ń yes ṣe. Ọjọ́ oni yes í ṣe tó gbóná.,neutral
O yes pupọ fun please rẹ. Ọjọ́ oni dara pupọ.,positive
A o pade lọ́la.,neutral
N kò call ohun tí ó email,neutral
"kò ohun call ṣe í ṣẹlẹ̀. oni é work kì yes Ẹ ṣàlàyé? email Ọjọ́ team tí jọ̀ọ́, ṣe",neutral
Ọjọ́ oni pupọ. dara,positive
Eyi ko dara issue Ẹ̀rọ náà kò support dáadáa.,negative
O wa office ita. N okay mọ thank you tí ó ṣẹlẹ̀. sorry jẹ́ thank you okay ń ṣeé ṣe.,neutral
Ọjọ́ work dara team,positive
Inú mi dùn pé support rí ọ.,positive
Ọjọ́ message thank you call ṣe tó gbóná.,neutral
O sorry ẹ̀wà. Ìfẹ́ rẹ̀ dá support lórí.,positive
Ọjọ́ later dara pupọ. Mo fẹ́ràn rẹ gan-an.,positive
Inú team check pé mo rí ọ. Mo fẹ́ràn rẹ thank you,positive
Kò pé rara.,negative
Ìfẹ́ update dá mi lórí. O yes no fun iranlọwọ rẹ.,positive
Mo n lọ urgent ile itaja.,neutral
Mo n lọ sí support itaja. Ẹ̀rọ náà no ṣiṣẹ́ báyìí. N kò mọ ohun support update ṣẹlẹ̀.,neutral
sí work ile ṣeé email ṣẹlẹ̀. work N lọ tí ó Mo call ń ohun deadline meeting pé jẹ́ itaja.,neutral
O ṣeun pupọ support iranlọwọ rẹ. Ìfẹ́ rẹ̀ dá mi lórí.,positive
Inú work check pé mo rí no,positive
deadline ti ní meeting call,positive
n Mo ile sí itaja. yes,neutral
meeting N mọ kò ṣẹlẹ̀. ohun ó,neutral
Mo problem inú work loni. Mo check update gan-an.,positive
O wa ní okay,neutral
O later pupọ fun iranlọwọ problem Ìfẹ́ rẹ̀ dá mi lórí.,positive
issue pé rara.,negative
office team ń ṣiṣẹ́ email,neutral
Mo fẹ́ràn rẹ gan-an.,positive
email náà kò deadline dáadáa. message thank you ìbànújẹ call Mi ò fẹ́ràn urgent,negative
Inú mi dùn no email rí ọ.,positive
Mo ní ìrírí buburu.,negative
Mo ti ní ìrírí rere.,positive
Mo ní inú didùn loni.,positive
A check pade lọ́la. yes wa ní ita. Mo ti dé.,neutral
Mo n lọ sí ile itaja.,neutral
please ní ìbànújẹ loni.,negative
kò ohun N Mo ọ̀sán. tí ọ rí ní message ó mọ,neutral
like Ẹ issue ṣe é ṣàlàyé?,neutral
Ìbànújẹ please later o ṣe bẹ́ẹ̀.,negative
Ọjọ́ oni dara pupọ. Ìfẹ́ rẹ̀ dá mi lórí. Mo office inú please loni.,positive
Mo ní ah ìbànújẹ okay Ọkàn mi issue rẹ́rù gan-an.,negative
"Ẹ jọ̀ọ́, office update ṣàlàyé? Mo ti later",neutral
"Ẹ jọ̀ọ́, ṣe é ṣàlàyé? yes jẹ́ check ó ń ṣeé ṣe.",neutral
team thank you urgent ṣiṣẹ́ dáadáa.,negative
Mo ti problem email thank you Gbogbo nkan ń lọ problem,positive
"Ẹ jọ̀ọ́, ṣe é urgent okay náà ń ṣiṣẹ́ thank you",neutral
email deadline later ní ọ̀sán.,neutral
Ẹ̀rọ náà meeting ṣiṣẹ́ báyìí. N work thank you ohun tí ó ṣẹlẹ̀.,neutral
office náà ń ṣiṣẹ́ báyìí. Mo ti dé.,neutral
Mo n lọ update ile itaja.,neutral
email ní inú didùn update Inú mi dùn pé mo deadline ọ.,positive
"Ẹ̀rọ problem ń ṣiṣẹ́ báyìí. Ẹ jọ̀ọ́, ṣe é ṣàlàyé?",neutral
Ẹ̀rọ náà ń meeting update N kò mọ email tí call team O wa hmm sorry yes,neutral
Mi ò fẹ́ràn call message náà please ṣiṣẹ́ dáadáa.,negative
Inú mi issue pé mo rí no Ìfẹ́ rẹ̀ dá mi lórí. Ọjọ́ oni dara pupọ.,positive
Mo ní inú didùn loni. O no ẹ̀wà.,positive
o ò eyi. Ìbànújẹ Mo pé fẹ́ràn buburu. Mi ní urgent support ni okay ah,negative
"Ẹ jọ̀ọ́, urgent é ṣàlàyé? A o pade lọ́la.",neutral
eh yes náà ń later báyìí. Mo ti dé.,neutral
Inú mi dùn pé mo rí team Gbogbo nkan ń lọ deadline,positive
Ọmọde yii jẹ́ sorry gan.,positive
eh O ṣeun pupọ please iranlọwọ rẹ. Ìfẹ́ rẹ̀ dá mi lórí.,positive
Mo ti okay,neutral
Mi email fẹ́ràn eyi.,negative
Inú mi dùn pé mo later ọ. Gbogbo okay ń lọ issue,positive
"Ẹ jọ̀ọ́, ṣe é ṣàlàyé?",neutral
ṣiṣẹ́ please náà Ẹ̀rọ please,negative
Ẹ̀rọ náà kò ṣiṣẹ́ dáadáa. work ní later buburu. O jẹ eniyan ti problem dara message,negative
Mo rí check ní ọ̀sán. A o pade lọ́la.,neutral
team tó ṣe sorry oni kì Ọjọ́ A team check lọ́la.,neutral
Mo rí ọ ní ọ̀sán. N kò mọ ohun tí ó ṣẹlẹ̀. update update pé ó ń ṣeé ṣe.,neutral
Mo okay team yes loni.,positive
tí dara eniyan message ó Ohun O ko ti please no work,negative
"you know Ẹ jọ̀ọ́, ṣe é ṣàlàyé?",neutral
Mo ní issue didùn loni.,positive
yes wa yes ita.,neutral
Ẹ̀rọ náà ń ṣiṣẹ́ báyìí.,neutral
Ẹ̀rọ náà kò office dáadáa. Mi okay fẹ́ràn eyi.,negative
Mo ní inú didùn loni. thank you office dùn pé mo rí ọ.,positive
later no issue no A okay pade lọ́la.,neutral
no náà ń ṣiṣẹ́ báyìí. issue kò mọ ohun tí ó ṣẹlẹ̀. A o okay lọ́la.,neutral
please kò mọ ohun tí call urgent O wa ní ita.,neutral
call ṣeun pupọ fun okay yes O ni ẹ̀wà.,positive
you know Mo fẹ́ràn check email,positive
Ó support pé ó ń ṣeé ṣe.,neutral
Inú mi dùn pé mo rí meeting Mo ti ní ìrírí issue Ìfẹ́ rẹ̀ dá sorry lórí.,positive
Ẹ email check é ṣàlàyé? N email mọ ohun tí ó ṣẹlẹ̀. Mo ti dé.,neutral
Ọmọde yii jẹ́ okay gan. deadline office inú message loni. Inú mi dùn pé okay later call,positive
work fẹ́ràn okay Ọjọ́ gan-an. pupọ. support support update O oni,positive
check náà ń ṣiṣẹ́ báyìí. update sorry pé update ń ṣeé ṣe.,neutral
lórí. check rẹ̀ Mo dá mi no problem gan. ní loni. didùn yii later update,positive
Ọkàn mi ń rẹ́rù gan-an. Mi ò fẹ́ràn eyi. Ẹ̀rọ later kò ṣiṣẹ́ dáadáa.,negative
O wa ní ita. sorry o pade lọ́la.,neutral
Kò pé rara. Mo ní ìrírí buburu.,negative
Ọjọ́ team office í ṣe tó like gbóná.,neutral
Ó jẹ́ pé ó work ṣeé okay A deadline pade lọ́la.,neutral
"Mo n lọ sí ile itaja. okay náà ń ṣiṣẹ́ báyìí. Ẹ jọ̀ọ́, ṣe é ṣàlàyé?",neutral
N team mọ please tí ó ṣẹlẹ̀. Mo n lọ sí ile itaja. Ẹ meeting okay é ṣàlàyé?,neutral
"Mo rí ọ ní ọ̀sán. Ẹ jọ̀ọ́, ṣe é ṣàlàyé?",neutral
yes mi ń rẹ́rù gan-an. Kò pé rara.,negative
Ẹ̀rọ náà kò update dáadáa. Ọkàn yes yes rẹ́rù gan-an. Ìbànújẹ meeting call o ṣe bẹ́ẹ̀.,negative
O wa ní message later oni kì í ṣe tó gbóná.,neutral
"Ẹ jọ̀ọ́, later é ṣàlàyé? Mo ti dé.",neutral
Ọjọ́ problem kì okay ṣe tó gbóná. N kò mọ ohun tí deadline yes Mo ti dé.,neutral
Ó jẹ́ pé ó ń ṣeé ṣe. deadline wa call ita.,neutral
Ohun office ó ṣẹlẹ̀ kùnà. Mi ò fẹ́ràn eyi. Ìbànújẹ please no o ṣe bẹ́ẹ̀.,negative
Mo rí call ní ọ̀sán.,neutral
thank you ò fẹ́ràn eyi. Kò pé rara.,negative
Ẹ̀rọ urgent kò ṣiṣẹ́ dáadáa.,negative
Mo okay rẹ gan-an. office rẹ̀ dá mi lórí.,positive
later ti email O later ní ita.,neutral
Ìbànújẹ ni pé o ṣe bẹ́ẹ̀. Mo ní please buburu. O team eniyan ti ko dara rara.,negative
Kò pé rara. Ọkàn mi ń rẹ́rù gan-an.,negative
later work pade lọ́la. Ó jẹ́ deadline ó ń ṣeé ṣe.,neutral
N kò yes please tí please ṣẹlẹ̀. O wa ní yes,neutral
Mo please issue ìrírí rere. Gbogbo yes ń support dáadáa.,positive
Ìbànújẹ ni pé o ṣe bẹ́ẹ̀. Mo ní thank you buburu.,negative
Ìfẹ́ rẹ̀ please mi lórí. Mo eh message ní ìrírí rere.,positive
O ni ẹ̀wà.,positive
O check yes ti ko dara rara. Mi ò okay eyi.,negative
rara. Eyi dara ko,negative
Mo n problem sí ile itaja. Mo rí ọ ní ọ̀sán.,neutral
Kò pé rara. Eyi ko team rara.,negative
"Ẹ jọ̀ọ́, ṣe update ṣàlàyé?",neutral
O ṣeun pupọ fun iranlọwọ team,positive
issue jẹ eniyan ti no dara rara. Ẹ̀rọ náà kò ṣiṣẹ́ dáadáa. meeting ò fẹ́ràn eyi.,negative
urgent work dara pupọ. O ṣeun pupọ fun iranlọwọ rẹ. Inú mi dùn pé mo rí message,positive
"Ẹ jọ̀ọ́, ṣe meeting office Mo ti dé. Mo n lọ urgent team itaja.",neutral
Mo team dé.,neutral
O jẹ eniyan ti please dara rara. Eyi ko dara rara.,negative
urgent rí ọ ní ọ̀sán.,neutral
"A o pade lọ́la. Ẹ jọ̀ọ́, ṣe é urgent Mo later message ní ọ̀sán.",neutral
N please urgent thank you tí ó ṣẹlẹ̀. O wa ní ita.,neutral
Ọjọ́ thank you dara pupọ. check eh ti ní ìrírí rere.,positive
Ẹ̀rọ náà ń ṣiṣẹ́ báyìí.,neutral
O wa ní later Ọjọ́ problem sorry í ṣe tó please A o pade support,neutral
support fẹ́ràn rẹ gan-an.,positive
please update support ní ọ̀sán. O work ní ita. A o pade lọ́la.,neutral
Mo rí ọ ní ọ̀sán.,neutral
Kò pé rara. Mi ò fẹ́ràn eyi.,negative
A o pade lọ́la.,neutral
O jẹ eniyan ti message dara urgent Ẹ̀rọ email kò like ṣiṣẹ́ dáadáa.,negative
Mo fẹ́ràn urgent gan-an.,positive
please rí ọ ní ọ̀sán. Ọjọ́ oni kì í ṣe tó gbóná.,neutral
Ẹ̀rọ náà hmm office ṣiṣẹ́ okay,negative
Ẹ̀rọ ṣiṣẹ́ kò update dáadáa.,negative
Kò pé thank you,negative
O deadline issue,positive
work team meeting lọ́la.,neutral
pé o ṣe. ṣeé ń ó pade A Ó lọ́la. work,neutral
update nkan ń lọ dáadáa. O ni check,positive
Ọkàn mi ń rẹ́rù call Kò pé rara.,negative
N kò mọ team tí ó ṣẹlẹ̀.,neutral
Mo ti dé. N kò mọ ohun tí ó ṣẹlẹ̀.,neutral
"O wa ní ita. please jọ̀ọ́, ṣe é update",neutral
problem o pade lọ́la. Mo thank you dé.,neutral
A o pade lọ́la.,neutral
Ẹ̀rọ later ń ṣiṣẹ́ please A o pade lọ́la. Mo ti dé.,neutral
Ọkàn mi okay update gan-an.,negative
Mo ní inú didùn loni. like,positive
Ọkàn support issue rẹ́rù please,negative
Inú mi dùn support update rí email O eh ni ẹ̀wà. yes ní inú didùn loni.,positive
Mo ní ìbànújẹ loni.,negative
A o pade lọ́la. Mo urgent urgent sí ile itaja. update wa ní ita.,neutral
Mo fẹ́ràn rẹ gan-an. Ọmọde yii jẹ́ office gan.,positive
mi problem dáadáa. Ẹ̀rọ náà ṣiṣẹ́ pé Ọkàn kò ṣe ni o bẹ́ẹ̀. rẹ́rù gan-an. ń,negative
Ìbànújẹ ni pé update ṣe bẹ́ẹ̀. Kò pé rara.,negative
Mo issue ìrírí buburu.,negative
"Ẹ jọ̀ọ́, ṣe é update Mo yes ọ ní ọ̀sán.",neutral
check yes team rara. Ohun tí ó ṣẹlẹ̀ kùnà.,negative
N kò mọ call please work ṣẹlẹ̀. Mo rí ọ ní work,neutral
O ni ẹ̀wà. Mo ní inú didùn loni. O ṣeun message fun iranlọwọ rẹ.,positive
O ni ẹ̀wà. Ìfẹ́ rẹ̀ dá message lórí.,positive
Ẹ deadline ṣe sorry team deadline rí ọ ní ọ̀sán.,neutral
Mo fẹ́ràn rẹ gan-an. yes yii jẹ́ ọlọ́gbọ́n gan.,positive
lọ dá Ìfẹ́ Gbogbo mi nkan lórí. ń rẹ̀ dáadáa.,positive
Mo ti ní ìrírí rere. Ìfẹ́ message yes office lórí. Mo fẹ́ràn message urgent,positive
"Ẹ jọ̀ọ́, ṣe sorry ṣàlàyé?",neutral
message rere. nkan ń later okay Gbogbo ti dáadáa. Mo,positive
O problem ẹ̀wà. Ìfẹ́ rẹ̀ dá urgent lórí.,positive
N kò mọ ohun support ó ṣẹlẹ̀.,neutral
sorry thank you you know dara problem,positive
Mo ti ní ìrírí rere.,positive
"Ẹ jọ̀ọ́, ṣe no meeting Mo n lọ sí ile itaja.",neutral
dáadáa. kò náà Ẹ̀rọ ṣiṣẹ́,negative
like A o pade lọ́la.,neutral
O wa ní ita. Mo ti thank you,neutral
Eyi office dara rara. Ọkàn mi ń okay gan-an. Ìbànújẹ please pé no ṣe bẹ́ẹ̀.,negative
Mo you know rí ọ ní ọ̀sán. Mo ti problem,neutral
"N okay mọ ohun tí issue ṣẹlẹ̀. Ẹ jọ̀ọ́, yes é ṣàlàyé?",neutral
Kò pé team,negative
Ẹ̀rọ náà deadline call báyìí. A o pade lọ́la.,neutral
Mo ní ìbànújẹ loni. Kò pé rara.,negative
Mo rí ọ ní meeting A issue pade lọ́la. Ó jẹ́ pé ó ń ṣeé ṣe.,neutral
"Ẹ jọ̀ọ́, team check email",neutral
lórí. iranlọwọ yes dá Ìfẹ́ work mi later later rẹ. pupọ,positive
Mo rí ọ ní ọ̀sán. later call kì no ah ṣe tó gbóná.,neutral
"Mo n lọ sí ile itaja. Ẹ jọ̀ọ́, ṣe é ṣàlàyé? O wa ní ita.",neutral
N kò mọ ohun tí ó ṣẹlẹ̀.,neutral
Mo urgent okay N kò mọ ohun tí ó ṣẹlẹ̀.,neutral
"okay jọ̀ọ́, ṣe é ṣàlàyé?",neutral
Ohun call ó ṣẹlẹ̀ kùnà. Mi ò office eyi.,negative
support hmm ní ìbànújẹ loni.,negative
Ọjọ́ oni kì í ṣe tó gbóná. update wa sorry urgent,neutral
issue ní ìrírí buburu. thank you team pé o ṣe bẹ́ẹ̀. Mo ní ìbànújẹ loni.,negative
email ṣeun pupọ fun sorry rẹ. Inú mi dùn pé mo rí ọ.,positive
Mi ò fẹ́ràn eyi. Eyi ko dara rara.,negative
"Mo ti team Ẹ jọ̀ọ́, ṣe é ṣàlàyé?",neutral
Ọkàn mi ń deadline update,negative
Ẹ̀rọ náà kò ṣiṣẹ́ dáadáa.,negative
"O wa meeting issue Ẹ jọ̀ọ́, ṣe problem ṣàlàyé? Ọjọ́ oni kì í ṣe office gbóná.",neutral
O ṣeun pupọ fun iranlọwọ rẹ. Mo ti ní okay support Mo later later thank you loni.,positive
message office ń lọ dáadáa.,positive
Mo ti email ìrírí rere. Ìfẹ́ rẹ̀ dá mi lórí.,positive
oni dara Ọjọ́ pupọ.,positive
Eyi ko no support Mo ní message loni.,negative
O like wa ní ita.,neutral
O please ẹ̀wà. Ìfẹ́ rẹ̀ issue yes lórí.,positive
ń Ọkàn ó tí gan-an. ṣẹlẹ̀ mi email kùnà. rẹ́rù,negative
dé. Mo ti,neutral
Eyi office ah dara rara. Kò pé please,negative
Mo n lọ sí ile itaja. Ẹ̀rọ update ń ṣiṣẹ́ báyìí.,neutral
ní eyi. pé loni. meeting Kò deadline rara. Mi fẹ́ràn Mo,negative
urgent mi ń office gan-an.,negative
Ọkàn sorry ń like rẹ́rù call Kò pé rara.,negative
Mo rí ọ ní ọ̀sán. Ẹ̀rọ náà ń office báyìí.,neutral
Ó jẹ́ pé ó ń call ṣe. Mo n lọ sí deadline itaja.,neutral
Mo fẹ́ràn rẹ gan-an. Inú mi dùn pé mo rí ọ. Mo ní inú didùn loni.,positive
Mo no ní later rere. Ìfẹ́ rẹ̀ dá mi email Ọmọde yii office ọlọ́gbọ́n gan.,positive
dara rẹ́rù ko mi Ọkàn ń gan-an. thank you Eyi,negative
oni update rẹ. dara loni. pupọ didùn update like Mo Ọjọ́ O inú sorry pupọ. fun,positive
ti í check gbóná. please please check dé. Ọjọ́ tó,neutral
dara rara. ko later,negative
Gbogbo nkan ń yes dáadáa.,positive
ṣẹlẹ̀. n Mo deadline check meeting like tí deadline Ẹ̀rọ N kò ile báyìí. mọ lọ ohun itaja. ó,neutral
deadline ti dé. Mo rí ọ ní ọ̀sán.,neutral
Ẹ̀rọ náà kò update dáadáa. Mo ní ìbànújẹ loni.,negative
Eyi ko dara rara. O jẹ please message ko dara rara.,negative
kì Ẹ̀rọ Ọjọ́ oni í ṣe urgent tó gbóná. ṣiṣẹ́ náà ń,neutral
Eyi ko dara rara. Ohun work ó ah urgent kùnà.,negative
Mo ní ìbànújẹ loni. O jẹ eniyan ti ko dara call okay ko dara rara.,negative
Ọmọde yii jẹ́ ọlọ́gbọ́n gan. Gbogbo nkan ń email team,positive
update Mo ní buburu.,negative
Kò call rara.,negative
Mo n lọ sí ile itaja.,neutral
Kò pé rara. Ohun tí ó no okay yes jẹ eniyan ti ko dara rara.,negative
team o pade lọ́la.,neutral
okay ní later buburu.,negative
Mi ò fẹ́ràn eyi. Ohun urgent ó ṣẹlẹ̀ please,negative
Mo ní like ìbànújẹ loni.,negative
Mo fẹ́ràn rẹ gan-an. Gbogbo thank you urgent lọ dáadáa. problem rẹ̀ dá mi lórí.,positive
Ọmọde yii jẹ́ ọlọ́gbọ́n support,positive
Ẹ̀rọ náà ń ṣiṣẹ́ báyìí. N kò mọ ohun tí ó ṣẹlẹ̀. O wa ní ita.,neutral
Mi ò fẹ́ràn eyi. work pé rara.,negative
Inú mi sorry pé mo rí ọ. check ni ẹ̀wà.,positive
Eyi ko dara rara. Mo ní thank you buburu. email later ó ṣẹlẹ̀ kùnà.,negative
meeting jẹ eniyan ti ko dara rara. Ọkàn mi ń rẹ́rù gan-an. Ohun tí ó ṣẹlẹ̀ kùnà.,negative
O ṣeun pupọ fun iranlọwọ rẹ. Mo ti ní urgent team,positive
A o call lọ́la. support urgent dé. Mo rí ọ ní sorry,neutral
O jẹ eniyan ti ko dara no Eyi ko dara rara. Mi email thank you eyi.,negative
Ẹ̀rọ sorry kò no please Mi work fẹ́ràn eyi. Mo issue ìrírí buburu.,negative
O ah ni ẹ̀wà. Ọmọde yii message ọlọ́gbọ́n gan.,positive
deadline ní ìbànújẹ loni. Ẹ̀rọ deadline kò ṣiṣẹ́ dáadáa. message jẹ eniyan ti ko dara rara.,negative
work pé rí Inú ìrírí Gbogbo ń mi mo please issue ti rere. lọ ní dáadáa. ọ.,positive
Gbogbo nkan ń message dáadáa. Ọmọde yii jẹ́ ọlọ́gbọ́n gan.,positive
O ṣeun pupọ sorry iranlọwọ meeting,positive
sorry update ní ìrírí deadline Ọmọde meeting jẹ́ ọlọ́gbọ́n gan.,positive
Inú mi dùn pé mo support ọ. sorry ti ní please rere.,positive
later yii jẹ́ ọlọ́gbọ́n gan.,positive
Ìfẹ́ rẹ̀ meeting mi lórí. Ọmọde yii email ọlọ́gbọ́n gan. Gbogbo nkan ń lọ dáadáa.,positive
dé. pé ti ń message jẹ́ ó Mo Ó ṣe.,neutral
"Ẹ jọ̀ọ́, ṣe thank you ṣàlàyé?",neutral
Ohun tí ó ṣẹlẹ̀ kùnà.,negative
office oni dara office O ṣeun pupọ fun please yes,positive
message team dá mi lórí.,positive
message kò mọ problem ah tí no ṣẹlẹ̀. Mo rí please ní ọ̀sán.,neutral
Ọjọ́ oni problem í no tó gbóná.,neutral
Ọjọ́ work dara pupọ. Mo fẹ́ràn rẹ gan-an.,positive
Ọjọ́ oni kì í ṣe tó gbóná. Ẹ̀rọ náà ń ṣiṣẹ́ báyìí.,neutral
O ṣeun deadline fun iranlọwọ rẹ. later nkan ń lọ dáadáa. O ni ẹ̀wà.,positive
O jẹ eniyan ti ko sorry rara.,negative
Ìbànújẹ ni pé o ṣe bẹ́ẹ̀. yes work ìrírí buburu. Ẹ̀rọ update urgent ṣiṣẹ́ meeting,negative
Eyi ko dara problem Ọkàn mi ń message okay O jẹ eniyan ti message dara rara.,negative
"é jọ̀ọ́, ti Ẹ issue Mo dé. ile Mo itaja. lọ sí ṣe issue",neutral
Ọjọ́ oni kì í ṣe tó gbóná. update ti dé.,neutral
N kò message ohun tí ó ṣẹlẹ̀.,neutral
okay o pade lọ́la. Mo rí ọ ní ọ̀sán. Ó jẹ́ you know pé ó ń ṣeé ṣe.,neutral
kì Ọjọ́ you know check gbóná. í oni ṣe,neutral
Ẹ̀rọ team ń ṣiṣẹ́ báyìí. Mo n lọ sí ile itaja.,neutral
Mo you know ti ní work rere.,positive
Mo ní issue didùn loni. later check ẹ̀wà. Ọmọde yii jẹ́ ọlọ́gbọ́n gan.,positive
"Ẹ jọ̀ọ́, ṣe é ṣàlàyé?",neutral
Gbogbo call please lọ dáadáa.,positive
support ní ìbànújẹ loni.,negative
Mo ní ìrírí please Ohun tí ó ṣẹlẹ̀ kùnà.,negative
"check jọ̀ọ́, office é ṣàlàyé?",neutral
A problem pade lọ́la. Ó jẹ́ pé ó ń update ṣe.,neutral
no iranlọwọ Ọjọ́ rẹ. pupọ problem ṣeun oni fun pupọ.,positive
O ṣeun pupọ fun iranlọwọ problem,positive
call ni call o team bẹ́ẹ̀. problem jẹ eniyan ti ko sorry rara. update ní please buburu.,negative
Mo ní ìbànújẹ okay,negative
Eyi ko dara message Ìbànújẹ ni pé o ṣe bẹ́ẹ̀.,negative
Ohun team okay office kùnà. Ọkàn mi issue rẹ́rù gan-an.,negative
Mo ti ní sorry rere. Ọmọde issue jẹ́ ọlọ́gbọ́n gan.,positive
"Ẹ jọ̀ọ́, deadline issue ṣàlàyé?",neutral
N kò mọ ohun tí ó ṣẹlẹ̀.,neutral
Ìfẹ́ urgent dá mi lórí.,positive
Ohun check please ṣẹlẹ̀ kùnà.,negative
Gbogbo nkan ń lọ deadline Mo fẹ́ràn rẹ gan-an. O ṣeun pupọ fun iranlọwọ email,positive
Mo ní inú didùn issue,positive
O wa ní ita. Ó jẹ́ pé ó ń ṣeé ṣe.,neutral
Mo fẹ́ràn rẹ gan-an.,positive
Mo okay lọ sí ile please,neutral
Mo ní inú didùn loni. O sorry team fun iranlọwọ office support issue rẹ gan-an.,positive
Mo thank you inú work loni. Ìfẹ́ rẹ̀ dá mi lórí. office ṣeun pupọ fun iranlọwọ rẹ.,positive
N support mọ thank you sorry ó ṣẹlẹ̀.,neutral
Ó jẹ́ pé ó thank you ṣeé ṣe. N kò mọ sorry tí ó ṣẹlẹ̀. meeting sorry ṣe é ṣàlàyé?,neutral
N ó Ọjọ́ tó tí í deadline gbóná. kò oni mọ kì urgent okay,neutral
Ọjọ́ oni kì í ṣe tó gbóná. A o pade lọ́la. please n lọ meeting check itaja.,neutral
Ó call pé ó ń please ṣe. O wa ní ita. check o pade lọ́la.,neutral
Inú mi urgent pé mo rí update,positive
Ẹ̀rọ náà kò ṣiṣẹ́ dáadáa. hmm email ò fẹ́ràn eyi.,negative
"Ẹ jọ̀ọ́, ṣe é ṣàlàyé?",neutral
"Ẹ jọ̀ọ́, ṣe é ṣàlàyé? Mo rí email ní call Ọjọ́ oni kì í ṣe no team",neutral
Mo ní ìrírí buburu.,negative
Ẹ̀rọ náà ń ṣiṣẹ́ báyìí.,neutral
problem nkan lọ sorry later Ọmọde ọlọ́gbọ́n ń deadline Gbogbo,positive
Ìfẹ́ rẹ̀ dá please lórí. eh,positive
Mo yes rẹ gan-an.,positive
Inú support dùn pé mo rí ọ. Gbogbo nkan ń lọ dáadáa.,positive
Ẹ̀rọ sorry ń ṣiṣẹ́ báyìí.,neutral
like Ọmọde yii no work gan. Mo ti office work rere.,positive
Mo ní inú didùn sorry,positive
"Ẹ jọ̀ọ́, ṣe é issue",neutral
O ṣeun like pupọ fun iranlọwọ message,positive
work thank you ìrírí update Ohun tí ó ṣẹlẹ̀ urgent,negative
A o pade lọ́la. work jẹ́ pé ó ń ṣeé ṣe.,neutral
fẹ́ràn gan-an. rẹ Mo,positive
later fẹ́ràn rẹ gan-an. O office pupọ fun work rẹ.,positive
sorry o pade lọ́la. thank you rí ọ ní problem okay thank you kì í ṣe tó gbóná.,neutral
Ìbànújẹ ni yes o ṣe bẹ́ẹ̀. Ọkàn okay ń support gan-an.,negative
Ọkàn later ń rẹ́rù gan-an. Ìbànújẹ thank you pé o problem bẹ́ẹ̀. Ẹ̀rọ náà kò ṣiṣẹ́ dáadáa.,negative
A o pade lọ́la.,neutral
Ìfẹ́ rẹ̀ please mi no yes yii jẹ́ ọlọ́gbọ́n gan.,positive
Ìbànújẹ ni pé o ṣe bẹ́ẹ̀. O jẹ update ti ko dara rara. Kò please rara.,negative
yes work office buburu.,negative
Ẹ̀rọ náà ń ṣiṣẹ́ báyìí.,neutral
Mo ní inú no loni. Mo ti team ìrírí rere. Ọmọde check yes ọlọ́gbọ́n gan.,positive
Ẹ̀rọ náà email urgent báyìí. Ó check pé ó ń ṣeé ṣe. Ọjọ́ no kì í ṣe deadline gbóná.,neutral
"Ó jẹ́ pé ó ń ṣeé ṣe. Ẹ jọ̀ọ́, ṣe é ṣàlàyé? N ah problem okay thank you tí yes team",neutral
Mo ní inú didùn loni. Ọmọde yii jẹ́ ọlọ́gbọ́n gan.,positive
thank you wa ní later Mo n lọ sí ile call,neutral
Inú mi dùn pé mo rí ọ. yes work pupọ fun iranlọwọ rẹ. O ni ẹ̀wà.,positive
"Ọjọ́ oni kì please ṣe tó gbóná. Ẹ jọ̀ọ́, ṣe é ṣàlàyé? O wa okay ita.",neutral
Mo ní inú problem loni. Inú mi dùn pé mo rí ọ.,positive
Mo ní inú didùn loni.,positive
Ọjọ́ oni dara pupọ.,positive
Kò yes rara.,negative
rẹ. inú dara loni. pupọ iranlọwọ pupọ. Mo ṣeun didùn ní support call Ọjọ́ thank you,positive
"Ẹ jọ̀ọ́, ṣe later ṣàlàyé?",neutral
Mi ò fẹ́ràn eyi. Mo ní ìrírí buburu.,negative
Mo rí ọ ní ọ̀sán. Ọjọ́ email kì í ṣe tó gbóná.,neutral
please ní inú didùn loni. Mo like fẹ́ràn rẹ problem,positive
Ẹ̀rọ náà yes ṣiṣẹ́ dáadáa. Ohun check ó ṣẹlẹ̀ kùnà.,negative
Mo ti ní okay rere. Ọmọde yii jẹ́ ọlọ́gbọ́n office,positive
Gbogbo nkan ń lọ dáadáa.,positive
Ẹ̀rọ náà kò update dáadáa. yes mi thank you rẹ́rù gan-an.,negative
Mo rí ọ ní ọ̀sán. Ọjọ́ oni kì work you know ṣe tó update,neutral
O jẹ urgent ti ko dara rara. Kò work rara. Ọkàn mi check rẹ́rù email,negative
support pé rara. Ẹ̀rọ náà kò ṣiṣẹ́ dáadáa. Mo ní yes ah buburu.,negative
message rí yes ní ọ̀sán.,neutral
okay rẹ̀ dá mi lórí.,positive
dara ń kò dáadáa. sorry ṣiṣẹ́ okay Ọkàn náà mi check Eyi rara. gan-an.,negative
O wa ní ita.,neutral
Mo ní ìrírí buburu.,negative
meeting ní ìbànújẹ loni. Kò pé rara.,negative
check náà no ṣiṣẹ́ báyìí.,neutral
Eyi meeting dara rara. Mi ò fẹ́ràn eyi.,negative
Gbogbo office ń lọ dáadáa.,positive
Ó check sorry ó ń ṣeé ṣe.,neutral
Eyi ko ah dara rara. Ìbànújẹ sorry pé o ṣe bẹ́ẹ̀.,negative
sorry nkan ń lọ dáadáa. Ọjọ́ oni dara sorry O ni ẹ̀wà.,positive
Mo ní ìbànújẹ loni.,negative
Mo rí ọ ní ọ̀sán.,neutral
Ó jẹ́ pé ó ń ṣeé ṣe.,neutral
Mo fẹ́ràn rẹ issue,positive
Mo ti deadline A o pade lọ́la.,neutral
Mo ní ìrírí buburu. Kò pé rara.,negative
urgent okay dara rara.,negative
Eyi ko dara rara.,negative
O ṣeun pupọ team iranlọwọ rẹ. Gbogbo nkan ń check dáadáa. yes rẹ̀ dá work lórí.,positive
Ọkàn mi later rẹ́rù gan-an.,negative
thank you mi you know mo dùn pé thank you Inú,positive
Mo ní inú didùn thank you,positive
Mi ò fẹ́ràn eyi. urgent ní ìbànújẹ loni.,negative
work náà ń ṣiṣẹ́ báyìí. O wa ní ita.,neutral
Ó thank you pé ó ń ṣeé ṣe.,neutral
Mo meeting inú hmm didùn loni.,positive
"Ẹ̀rọ náà ń ṣiṣẹ́ báyìí. Ẹ jọ̀ọ́, ṣe é ṣàlàyé? meeting n lọ team ile later",neutral
O please ẹ̀wà.,positive
no ní ìbànújẹ loni.,negative
Mi ò fẹ́ràn meeting Ohun support ó team kùnà. Ìbànújẹ ni pé o ṣe bẹ́ẹ̀.,negative
Ọmọde yii jẹ́ ọlọ́gbọ́n work,positive
"Ẹ jọ̀ọ́, ṣe é update problem wa update ita. thank you n problem sí ile itaja.",neutral
"Mo n thank you sorry ile itaja. please jọ̀ọ́, ṣe é issue",neutral
Mo ti dé. Ó jẹ́ pé ó ń ṣeé ṣe. meeting kò mọ ohun tí support problem,neutral
Ìbànújẹ ni pé o message bẹ́ẹ̀. Eyi ko dara rara.,negative
support update ṣe é no,neutral
check wa call ita. Mo ti dé.,neutral
no mi dùn pé mo rí ọ. Mo ti ní ìrírí rere. O ṣeun pupọ fun iranlọwọ rẹ.,positive
Eyi ko dara urgent Mo ní ìbànújẹ please,negative
Ohun tí ó ṣẹlẹ̀ kùnà. Mo ní ìrírí buburu.,negative
issue update lọ sí office itaja. work wa ní work,neutral
A o pade problem Ó check pé office ń ṣeé ṣe.,neutral
Ọjọ́ oni kì í ṣe tó gbóná.,neutral
Gbogbo nkan problem lọ dáadáa.,positive
Mo sorry inú didùn loni. Gbogbo nkan office lọ dáadáa. Inú message hmm dùn pé mo rí ọ.,positive
Mo rí ọ ní ọ̀sán. O office work ita. Ó jẹ́ pé ó ń team thank you,neutral
O ni ẹ̀wà. Ìfẹ́ rẹ̀ dá mi email Inú mi dùn no mo rí ọ.,positive
A o pade lọ́la. sorry issue ṣe é ṣàlàyé? Ó jẹ́ pé ó ń okay ṣe.,neutral
Ẹ̀rọ team kò ṣiṣẹ́ dáadáa.,negative
Mo fẹ́ràn rẹ gan-an.,positive
O wa ní ita.,neutral
email support pé ó ń ṣeé ṣe. Ẹ̀rọ náà ń team báyìí.,neutral
yes rẹ̀ meeting mi lórí. Gbogbo nkan ń lọ dáadáa.,positive
O email please ita.,neutral
hmm Ìfẹ́ rẹ̀ dá mi lórí.,positive
problem fẹ́ràn rẹ gan-an.,positive
dá Ìfẹ́ Mo ní mi meeting rere. pupọ. ti meeting oni message dara lórí.,positive
eniyan ti rara. meeting ko fẹ́ràn O dara eyi. Mi jẹ,negative
Ọmọde yii jẹ́ ọlọ́gbọ́n gan. O ṣeun pupọ fun iranlọwọ rẹ.,positive
"ṣàlàyé? ṣe N é email kò jọ̀ọ́, ohun ṣẹlẹ̀. Ẹ mọ ó",neutral
O ṣeun pupọ please iranlọwọ email team ní inú didùn loni.,positive
"O wa ní ita. Ẹ jọ̀ọ́, ṣe é ṣàlàyé?",neutral
later ò fẹ́ràn eyi. Ẹ̀rọ náà kò ṣiṣẹ́ dáadáa.,negative
A o pade later,neutral
"Ẹ jọ̀ọ́, email é urgent",neutral
Inú mi dùn pé mo rí ọ.,positive
Mo rí ọ ní ọ̀sán.,neutral
fun ṣeun ah pupọ O meeting iranlọwọ,positive
sorry n lọ sí ile itaja.,neutral
Gbogbo nkan ń lọ office Ọmọde team jẹ́ ọlọ́gbọ́n gan.,positive
Ọkàn mi ń call gan-an.,negative
Ohun tí ó ṣẹlẹ̀ kùnà. Ọkàn mi check rẹ́rù gan-an.,negative
Mo ní ìrírí buburu. Ohun tí ó ṣẹlẹ̀ kùnà.,negative
check ti ní ìrírí rere.,positive
Ìfẹ́ rẹ̀ work mi lórí. O ni ẹ̀wà.,positive
Ẹ̀rọ náà ń ṣiṣẹ́ báyìí.,neutral
Mo ti like ní work rere.,positive
Inú mi dùn pé mo rí ọ. Ọjọ́ support dara pupọ.,positive
Mo ti dé. Ọjọ́ oni problem thank you ṣe tó sorry,neutral
Ohun tí ó meeting kùnà. yes ní call loni.,negative
Ọjọ́ deadline dara support,positive
meeting later ìbànújẹ loni. message mi ń rẹ́rù work,negative
Mo ti eh dé.,neutral
Kò issue yes,negative
Ọkàn mi ń rẹ́rù gan-an.,negative
bẹ́ẹ̀. okay o ni pé ṣe,negative
message n yes sí ile office,neutral
Gbogbo nkan meeting lọ dáadáa.,positive
O jẹ eniyan ti eh ko dara rara.,negative
Mo n lọ sí ile itaja.,neutral
Ìfẹ́ rẹ̀ dá mi lórí. Ọjọ́ oni dara pupọ. Gbogbo nkan ń lọ dáadáa.,positive
N kò mọ ohun tí ó ṣẹlẹ̀.,neutral
sorry pé rara. okay issue fẹ́ràn eyi.,negative
Mo team ìbànújẹ loni. Ohun tí sorry ṣẹlẹ̀ kùnà.,negative
Kò pé okay,negative
"Ẹ jọ̀ọ́, ṣe é ṣàlàyé?",neutral
Ọjọ́ oni dara pupọ. Ọmọde yii jẹ́ message work Mo ti ní ìrírí rere.,positive
jẹ́ yii rẹ gan. Ọmọde ọlọ́gbọ́n gan-an. message fẹ́ràn,positive
support email ń lọ problem,positive
Ẹ̀rọ náà kò you know ṣiṣẹ́ dáadáa.,negative
call ní inú didùn loni. Ọmọde email jẹ́ ọlọ́gbọ́n gan.,positive
Ẹ̀rọ náà no support dáadáa. urgent pé support,negative
Ìfẹ́ rẹ̀ gan. yii mi lórí. ọlọ́gbọ́n dá please jẹ́,positive
O jẹ eniyan support ko dara rara.,negative
Mo ní inú didùn hmm loni.,positive
Mo fẹ́ràn rẹ okay Mo ní inú didùn ah loni. Ìfẹ́ team dá mi lórí.,positive
Mo please ní ìrírí issue Mo ní inú didùn loni. Inú mi issue pé mo rí ọ.,positive
O wa ní team,neutral
ti itaja. lọ Mo Mo n sí dé. ile,neutral
Ọjọ́ oni dara pupọ. ah check rẹ̀ dá mi okay,positive
update yes ń problem gan-an.,negative
"urgent rí ọ ní ọ̀sán. Ẹ jọ̀ọ́, ṣe é ṣàlàyé?",neutral
Mo ní ìrírí buburu. Kò pé issue,negative
Gbogbo nkan please lọ dáadáa. eh,positive
deadline ò fẹ́ràn eyi. Ẹ̀rọ náà kò okay dáadáa.,negative
work ni ẹ̀wà. Ìfẹ́ rẹ̀ team deadline lórí.,positive
team náà sorry ṣiṣẹ́ dáadáa.,negative
ṣe. ń update Mo message jẹ́ náà ti Ẹ̀rọ email ṣiṣẹ́ ó Ó ṣeé dé.,neutral
O ṣeun pupọ fun iranlọwọ rẹ.,positive
no n lọ call ile office,neutral
you know Mi problem update eyi.,negative
okay ni pé o no bẹ́ẹ̀. Ohun yes ó ṣẹlẹ̀ kùnà. Eyi ko dara please,negative
you know Mo rí ọ no ọ̀sán.,neutral
Mo rí ọ ní message,neutral
Mo ní message no Ìbànújẹ urgent pé o ṣe bẹ́ẹ̀.,negative
N kò email sorry tí ó ṣẹlẹ̀.,neutral
call rẹ́rù dara mi ìrírí ní ko Mo eniyan rara. Ọkàn O ń check jẹ buburu.,negative
O jẹ eniyan ti ko dara rara. Mo ní ìbànújẹ loni. Ohun issue ó meeting please,negative
Mo fẹ́ràn rẹ team,positive
Mo ní inú didùn loni.,positive
Ẹ̀rọ náà deadline thank you dáadáa.,negative
í tó ti kì ṣe Mo dé. oni gbóná. update,neutral
Mo issue rẹ yes Ọjọ́ meeting dara pupọ.,positive
no sorry ní ita.,neutral
Ó jẹ́ pé ó ń ṣeé ṣe. Ọjọ́ no kì í ṣe tó message,neutral
"Ẹ jọ̀ọ́, ṣe é ṣàlàyé? Ó jẹ́ no problem thank you ṣeé problem N kò issue ohun tí ó ṣẹlẹ̀.",neutral
Mi ò fẹ́ràn eyi. Mo ní ìrírí buburu.,negative
Mo rí ọ ní ọ̀sán. Ẹ̀rọ náà ń ṣiṣẹ́ báyìí. okay wa yes ita.,neutral
Ó jẹ́ okay work ń ṣeé yes,neutral
check ní inú didùn message,positive
ní wa team O,neutral
Kò pé rara. Ìbànújẹ okay work sorry ṣe work,negative
Ohun tí ó ṣẹlẹ̀ kùnà. Mi ò fẹ́ràn email,negative
"Mo n lọ sí ile itaja. call jọ̀ọ́, ṣe é ṣàlàyé?",neutral
issue náà meeting ṣiṣẹ́ báyìí. Mo n thank you sí ile itaja. Ó jẹ́ pé ó ń ṣeé ṣe.,neutral
pé rara. Kò,negative
Ìfẹ́ rẹ̀ dá mi lórí.,positive
Gbogbo nkan please like lọ sorry Ọmọde please deadline ọlọ́gbọ́n no,positive
Eyi ko dara rara.,negative
Ìbànújẹ ni no o ṣe bẹ́ẹ̀. Ẹ̀rọ náà kò ṣiṣẹ́ dáadáa.,negative
gbóná. Ọjọ́ náà please í oni ń tó báyìí. ṣiṣẹ́ Ẹ̀rọ ṣe,neutral
Mo n lọ sí ile itaja.,neutral
ó please update kì í gbóná. no ṣiṣẹ́ ṣẹlẹ̀. tí mọ Ẹ̀rọ check ń ohun ṣe message báyìí. náà,neutral
Ìfẹ́ rẹ̀ please mi check office mi dùn pé call rí ọ. issue ṣeun pupọ ah fun iranlọwọ problem,positive
Gbogbo nkan ń lọ hmm dáadáa.,positive
Mo ti message ìrírí rere. O ṣeun pupọ fun iranlọwọ rẹ. okay okay rẹ gan-an.,positive
Ọjọ́ oni kì í ṣe you know meeting deadline N yes please no tí ó ṣẹlẹ̀.,neutral
message check dùn pé mo rí ọ. update ti ní ìrírí urgent Ìfẹ́ rẹ̀ dá mi lórí.,positive
Ó jẹ́ pé ó ń ṣeé ṣe. Ọjọ́ team kì í ṣe tó gbóná.,neutral
O wa no ita.,neutral
yes o pade lọ́la. Mo n lọ okay ile work,neutral
O ni ah support Ọjọ́ oni dara pupọ.,positive
meeting rẹ̀ dá mi lórí.,positive
O jẹ eniyan ti ko team rara. Ẹ̀rọ náà kò ṣiṣẹ́ dáadáa. Ohun tí support call kùnà.,negative
Mo fẹ́ràn rẹ gan-an.,positive
Ìbànújẹ ni pé o ṣe bẹ́ẹ̀.,negative
Inú mi team okay mo rí ọ. O ni ẹ̀wà. Gbogbo nkan message lọ dáadáa.,positive
O jẹ problem ti work dara rara. Ọkàn mi ń rẹ́rù gan-an. Mo ní okay loni.,negative
Kò pé rara. ah,negative
dara ko O ti fẹ́ràn yes dara ò eniyan ko jẹ rara. eyi. Mi rara.,negative
O wa ní ita. issue meeting mọ ohun tí ó ṣẹlẹ̀.,neutral
Mo ní ìbànújẹ loni. Ọkàn mi ń support email,negative
later deadline message pé mo rí ọ.,positive
Eyi ko dara rara. O jẹ later office ko dara rara.,negative
work update ní ìrírí rere. O ni ẹ̀wà.,positive
O jẹ eniyan ti ko dara call,negative
N call mọ team tí urgent ṣẹlẹ̀. Ẹ̀rọ náà ń ṣiṣẹ́ deadline,neutral
office problem pé okay ń ṣeé ṣe.,neutral
problem jẹ eniyan ti ko dara team Mo ní ìbànújẹ loni.,negative
ti Mo ní rere. hmm ìrírí,positive
urgent ni ẹ̀wà.,positive
Inú mi dùn pé office rí ọ.,positive
Gbogbo nkan ń lọ dáadáa. Ọjọ́ oni dara pupọ.,positive
no ní ìrírí buburu.,negative
Ọjọ́ oni kì í ṣe tó gbóná. Mo rí ọ ní ọ̀sán. Ẹ̀rọ náà ń ah sorry báyìí.,neutral
Ó jẹ́ pé ó ń ṣeé support,neutral
team call ọ ní ọ̀sán.,neutral
later mi dùn pé mo rí ọ. update fẹ́ràn rẹ gan-an.,positive
Inú mi sorry pé mo rí ọ. you know,positive
"check jọ̀ọ́, ṣe é ṣàlàyé? Ọjọ́ oni kì thank you please tó gbóná.",neutral
Inú mi dùn pé mo rí ọ.,positive
check ni pé later ṣe bẹ́ẹ̀. Eyi ko dara rara. Mi ò fẹ́ràn eyi.,negative
"Ẹ jọ̀ọ́, ṣe é ṣàlàyé? A o later lọ́la.",neutral
Ó jẹ́ pé ó problem ṣeé meeting Ọjọ́ oni kì í ṣe tó gbóná.,neutral
"Ẹ jọ̀ọ́, ṣe é ṣàlàyé? O wa ní ita.",neutral
Mo ní ìrírí buburu. Mi ò no eyi. Ọkàn mi ń rẹ́rù gan-an.,negative
"ṣe é problem ọ Ẹ ọ̀sán. jọ̀ọ́, ní ṣàlàyé? rí",neutral
Ẹ̀rọ náà kò ṣiṣẹ́ dáadáa.,negative
Kò pé rara.,negative
"Ẹ jọ̀ọ́, ṣe yes ṣàlàyé? O wa hmm ní ita.",neutral
Mo ní ìbànújẹ loni. ah,negative
Kò pé rara.,negative
update pé rara. Mi problem fẹ́ràn eyi. Ìbànújẹ ni pé o ṣe bẹ́ẹ̀.,negative
Ó no update ó ń meeting ṣe.,neutral
O call ẹ̀wà. thank you nkan ń lọ dáadáa.,positive
thank you hmm o pade lọ́la.,neutral
Mo n lọ sí ile itaja.,neutral
Ẹ̀rọ náà ń ṣiṣẹ́ báyìí.,neutral
Ọmọde yii jẹ́ ọlọ́gbọ́n gan. Mo fẹ́ràn yes email problem ní inú didùn loni.,positive
office náà ń ṣiṣẹ́ báyìí. O wa urgent ita.,neutral
Mo deadline dé.,neutral
Eyi ko dara rara. meeting náà support ṣiṣẹ́ dáadáa.,negative
work issue ní yes rere. Mo ní inú didùn loni. O ni ẹ̀wà.,positive
issue wa ní ita. Ọjọ́ message kì í ṣe tó gbóná.,neutral
O jẹ eniyan ti ko dara rara.,negative
inú ṣeun iranlọwọ deadline Mo fun O loni. didùn call hmm rẹ.,positive
O ni ẹ̀wà. Ọjọ́ oni dara pupọ.,positive
Ìbànújẹ ni later o issue update,negative
Gbogbo nkan ń later dáadáa. urgent ṣeun pupọ fun iranlọwọ rẹ.,positive
Ẹ̀rọ issue please ṣiṣẹ́ dáadáa.,negative
work rẹ̀ dá mi lórí.,positive
O ni ẹ̀wà.,positive
Ọmọde yii jẹ́ ọlọ́gbọ́n you know gan.,positive
A o pade lọ́la.,neutral
ṣeé jẹ́ pé Ó ṣe. ń ó,neutral
O jẹ eniyan ti ko email rara. Mi check fẹ́ràn eyi.,negative
Ọjọ́ oni dara update issue rẹ̀ dá mi lórí. support yii issue ọlọ́gbọ́n gan.,positive
Ìfẹ́ rẹ̀ dá mi lórí. Inú mi dùn pé mo rí meeting Gbogbo please ń lọ dáadáa.,positive
Ẹ̀rọ náà ń ṣiṣẹ́ báyìí.,neutral
yes wa ní ita. support kò mọ ohun tí deadline ṣẹlẹ̀.,neutral
Mo ti dé.,neutral
Mo ti dé. N office mọ ohun tí ah deadline problem,neutral
A o issue check N kò mọ ohun tí ó ṣẹlẹ̀. Mo n lọ sí ile meeting,neutral
"Ẹ jọ̀ọ́, ṣe message eh ṣàlàyé?",neutral
Mo rí ọ ní ọ̀sán. Ẹ message ṣe é ṣàlàyé? Ẹ̀rọ office please ṣiṣẹ́ báyìí.,neutral
Ohun please ó ṣẹlẹ̀ kùnà.,negative
support sorry dùn check mo rí call Ọmọde yii jẹ́ ọlọ́gbọ́n gan.,positive
Mo ní inú didùn loni.,positive
"Ẹ jọ̀ọ́, thank you é ṣàlàyé? Ẹ̀rọ work thank you sorry team Ọjọ́ oni yes í ṣe tó gbóná.",neutral
call mi dùn pé mo work ọ. Ọmọde yii jẹ́ ọlọ́gbọ́n gan.,positive
Ọkàn mi check ah rẹ́rù gan-an. okay ní yes loni. Ẹ̀rọ náà kò ṣiṣẹ́ dáadáa.,negative
check Mo fẹ́ràn team,positive
Mo ti ní ìrírí rere.,positive
fẹ́ràn ní Mi sorry ò sorry urgent eyi.,negative
Ohun tí ó ṣẹlẹ̀ kùnà.,negative
meeting ń dùn Inú mo Gbogbo dáadáa. ọ. nkan mi pé update,positive
please mi ń rẹ́rù thank you,negative
Ìbànújẹ ni pé update update bẹ́ẹ̀. Eyi ko dara rara. Ẹ̀rọ náà kò ṣiṣẹ́ dáadáa.,negative
Ó jẹ́ work ó ń ṣeé ṣe. N call mọ ohun tí ó ṣẹlẹ̀.,neutral
Gbogbo nkan ń lọ dáadáa.,positive
Ìfẹ́ rẹ̀ office later lórí. like,positive
"Ẹ jọ̀ọ́, ṣe é ṣàlàyé? Mo n lọ urgent ile urgent",neutral
Inú mi dùn yes mo rí call,positive
Kò pé rara. work urgent kò ṣiṣẹ́ support okay ko thank you rara.,negative
Eyi ko dara rara. no ò fẹ́ràn eyi.,negative
N kò mọ ohun tí ó ṣẹlẹ̀.,neutral
Mo ní ìrírí buburu. Ìbànújẹ ni pé meeting ṣe bẹ́ẹ̀.,negative
Mo fẹ́ràn rẹ gan-an.,positive
Mi ò fẹ́ràn eyi. Kò pé rara.,negative
Mo fẹ́ràn rẹ gan-an.,positive
Mo fẹ́ràn rẹ deadline message work urgent ìrírí rere.,positive
please ko dara rara. Kò meeting rara. Mo ní ìbànújẹ hmm issue,negative
Ìbànújẹ ni pé sorry ṣe okay,negative
O ṣeun pupọ yes iranlọwọ meeting Mo thank you check didùn loni. Ìfẹ́ rẹ̀ dá mi lórí.,positive
"Ó problem pé ó ń yes ṣe. Mo n lọ sí ile itaja. Ẹ jọ̀ọ́, ṣe é ṣàlàyé?",neutral
eniyan dara dara ko support jẹ Eyi ko O rara. later,negative
Ọjọ́ oni kì later ṣe tó please,neutral
Gbogbo nkan update lọ dáadáa. work rẹ̀ dá mi lórí.,positive
O email eniyan deadline ko dara rara. later pé rara. Mi team fẹ́ràn eyi.,negative
"A sorry pade lọ́la. Ẹ jọ̀ọ́, ṣe é ṣàlàyé?",neutral
Ìfẹ́ rẹ̀ thank you mi lórí. O ni ẹ̀wà.,positive
please Ọkàn pé no mi gan-an. rara. rẹ́rù,negative
Eyi ko dara rara. Mi sorry fẹ́ràn check,negative
O ṣeun pupọ urgent iranlọwọ rẹ. Inú mi dùn pé mo please ọ.,positive
Mo ti yes,neutral
O ṣeun pupọ fun iranlọwọ rẹ. Ọmọde yii jẹ́ ọlọ́gbọ́n gan. O ni ẹ̀wà.,positive
Mo rí ọ ní ọ̀sán. Mo n lọ urgent ile itaja. N work mọ ohun tí ó ṣẹlẹ̀.,neutral
Mo n issue sí ile itaja. Ẹ message ṣe é ṣàlàyé?,neutral
N kò mọ ohun call message ṣẹlẹ̀.,neutral
check pé update,negative
O jẹ eniyan call ko dara rara. office ni pé o ṣe support,negative
work kò mọ ohun tí ó ṣẹlẹ̀. urgent office pé ó ń ṣeé ṣe.,neutral
Eyi office dara rara. Ẹ̀rọ náà kò ṣiṣẹ́ issue,negative
update o update lọ́la. Ó jẹ́ pé ó ń ṣeé ṣe.,neutral
Mo ní inú didùn loni. problem fẹ́ràn rẹ gan-an.,positive
Inú mi dùn pé deadline rí ọ. update message ní issue rere. Ìfẹ́ rẹ̀ dá mi email,positive
Mo ti dé.,neutral
no n lọ sí ile itaja. Ó jẹ́ pé ó ń ṣeé okay,neutral
Ọjọ́ oni kì í ṣe tó gbóná. Mo ti dé. Ẹ̀rọ náà ń ṣiṣẹ́ báyìí.,neutral
Mo fẹ́ràn ṣeun rẹ Ìfẹ́ lórí. pupọ urgent gan-an. O fun rẹ̀ update mi dá,positive
like O ṣeun pupọ team iranlọwọ rẹ.,positive
Kò pé rara.,negative
support nkan ń lọ support O ṣeun pupọ fun iranlọwọ rẹ.,positive
Mo ti ní ìrírí okay,positive
Ọkàn mi ń rẹ́rù gan-an. sorry ní ìrírí buburu.,negative
thank you nkan meeting lọ dáadáa. Mo ti ní ìrírí check O ṣeun pupọ fun iranlọwọ rẹ.,positive
N kò mọ ohun tí ó ṣẹlẹ̀.,neutral
Inú mi dùn pé mo rí ọ. meeting ní inú yes loni.,positive
Ohun sorry ó call kùnà.,negative
Mo ti dé. Mo n lọ sí ile yes Mo rí ọ ní ọ̀sán.,neutral
work please dé. message kò mọ ohun tí ó yes Ọjọ́ work kì í team tó gbóná.,neutral
okay ni ẹ̀wà. Mo ní inú later loni.,positive
Inú mi dùn pé mo problem ọ.,positive
Mo ní ìrírí buburu. Ẹ̀rọ náà urgent ṣiṣẹ́ dáadáa.,negative
Ìbànújẹ ni pé o issue bẹ́ẹ̀.,negative
Mo rí yes ní ọ̀sán. Mo please dé. A o pade lọ́la.,neutral
okay náà call ṣiṣẹ́ dáadáa. O jẹ eniyan ti ko no rara.,negative
Ìfẹ́ rẹ̀ dá mi lórí.,positive
O wa team ita. A o pade lọ́la.,neutral
deadline Eyi call o meeting rara. ní bẹ́ẹ̀. ko pé ìbànújẹ ni dara ṣe,negative
Inú mi dùn pé mo rí ọ. Mo ní please didùn loni.,positive
Eyi ko dara rara. Ìbànújẹ ni pé o ṣe please,negative
lọ́la. o pade A,neutral
Inú mi dùn pé later rí ọ. O okay pupọ fun iranlọwọ rẹ.,positive
O jẹ eniyan ti ko dara rara.,negative
message náà kò ah ṣiṣẹ́ dáadáa.,negative
Inú mi message pé office rí sorry work ní inú didùn loni. O issue team fun issue rẹ.,positive
"office kò mọ ohun tí ó deadline Ẹ jọ̀ọ́, ṣe é meeting Ọjọ́ oni kì í ṣe urgent email",neutral
Mo n lọ sí ile itaja.,neutral
Ọjọ́ urgent support pupọ. okay fẹ́ràn rẹ gan-an.,positive
A o pade support,neutral
Inú mi please sorry sorry rí ọ.,positive
Ohun tí ó message office,negative
Inú mi dùn please mo rí ọ.,positive
sorry o pade lọ́la. Ọjọ́ oni kì call ṣe tó please,neutral
Ọjọ́ update dara pupọ.,positive
"O email team issue urgent jọ̀ọ́, ṣe é meeting",neutral
Mo update office please loni. Ìfẹ́ rẹ̀ dá mi message,positive
Ohun please ó ṣẹlẹ̀ sorry,negative
Ọkàn meeting ń rẹ́rù gan-an. Eyi ko meeting rara.,negative
A o urgent office,neutral
Ọjọ́ oni kì í ṣe tó gbóná. Mo ti dé.,neutral
no ní okay didùn office Mo fẹ́ràn rẹ gan-an.,positive
rí Mo ọ̀sán. ní ọ,neutral
Ọmọde yii jẹ́ team gan. Ọjọ́ oni dara no office check pupọ fun support rẹ.,positive
Mo n lọ sí ile itaja.,neutral
ní Mo ìrírí check,negative
Mo didùn problem mi team update lórí. rẹ̀ inú Ìfẹ́,positive
A call later lọ́la. update rí ọ ní ọ̀sán. Mo n later sí ile itaja.,neutral
Ìbànújẹ ni message o ṣe bẹ́ẹ̀.,negative
Ọjọ́ message kì support ṣe no gbóná. Mo rí ọ thank you ọ̀sán. O no ní ita.,neutral
Mo rí ọ ní ọ̀sán. A o ah pade lọ́la. Ó jẹ́ pé ó support ṣeé ṣe.,neutral
Ọkàn mi ń rẹ́rù thank you Ohun tí ó ṣẹlẹ̀ kùnà.,negative
Mo message team loni. Ìbànújẹ ni no o ṣe bẹ́ẹ̀. Ọkàn no ń rẹ́rù gan-an.,negative
O ṣeun pupọ meeting iranlọwọ rẹ.,positive
Ọkàn mi ń rẹ́rù gan-an. Ìbànújẹ team pé o you know ṣe bẹ́ẹ̀.,negative
Inú mi dùn pé mo rí no,positive
Ọmọde yii jẹ́ ọlọ́gbọ́n gan. Mo sorry urgent didùn loni. Ọjọ́ like oni dara pupọ.,positive
O thank you ẹ̀wà. Mo ti ní meeting update Ìfẹ́ rẹ̀ dá mi lórí.,positive
O sorry ẹ̀wà. O ṣeun pupọ fun iranlọwọ rẹ.,positive
O okay ní ita. Ẹ̀rọ náà ń ṣiṣẹ́ báyìí.,neutral
ṣeun call fun support Ìfẹ́ lórí. O dá mi rẹ. iranlọwọ,positive
pé Kò Ohun náà issue tí ṣiṣẹ́ issue Ẹ̀rọ email team rara. ṣẹlẹ̀,negative
náà kò loni. issue dáadáa. later mi Mo ní ìbànújẹ Ẹ̀rọ rẹ́rù team ṣiṣẹ́,negative
Ohun tí ó ṣẹlẹ̀ kùnà. Mo ní ìbànújẹ loni.,negative
Ẹ̀rọ náà urgent sorry dáadáa. Mo ní ìrírí buburu. Kò pé rara.,negative
Ọmọde yii jẹ́ okay gan. message please issue gan-an.,positive
Ẹ̀rọ náà kò ṣiṣẹ́ dáadáa.,negative
problem mi ń support gan-an. Mo ní ìrírí buburu. Ẹ̀rọ náà kò ṣiṣẹ́ dáadáa.,negative
Ẹ̀rọ náà ń urgent báyìí. team meeting dé.,neutral
rẹ later lórí. thank you gan-an. fẹ́ràn thank you rẹ̀ mi,positive
Ìfẹ́ office dá mi no update ni ẹ̀wà. problem nkan ń lọ dáadáa.,positive
Mo update ọ ní ọ̀sán. meeting o pade lọ́la.,neutral
meeting n lọ call ile itaja.,neutral
Ọjọ́ oni dara call,positive
Mo rẹ fẹ́ràn gan-an.,positive
Mo rí ọ ní ọ̀sán. Mo ti dé.,neutral
Mo ti dé.,neutral
Ọjọ́ oni kì call ṣe tó gbóná. Mo call lọ sí ile itaja.,neutral
Kò pé rara. Mo ní ìbànújẹ loni.,negative
Mo n lọ sí thank you team Ẹ yes issue é ṣàlàyé?,neutral
Ọjọ́ update dara pupọ. email ti ní urgent rere. Ọmọde yii jẹ́ thank you gan.,positive
Ọjọ́ update dara please,positive
Mo ti dé.,neutral
"Ẹ jọ̀ọ́, ṣe é ṣàlàyé? Ó jẹ́ pé ó ń ṣeé ṣe.",neutral
Ọjọ́ oni dara pupọ.,positive
Ọjọ́ oni email í ṣe later gbóná. office wa ní no,neutral
"yes later dé. Ẹ jọ̀ọ́, ṣe é email",neutral
Ọkàn mi ń rẹ́rù thank you Eyi ko dara rara.,negative
Mo ní ìrírí buburu. Ohun tí ó ṣẹlẹ̀ kùnà. Mo check ìbànújẹ loni.,negative
O email pupọ fun iranlọwọ rẹ.,positive
please ní inú didùn loni.,positive
Gbogbo nkan issue lọ sorry Ọmọde yii jẹ́ ọlọ́gbọ́n gan.,positive
issue ní ìrírí buburu. email ko no rara.,negative
Mo n lọ eh sí ile itaja. O wa ní ita.,neutral
Kò pé rara. Mo ní ìbànújẹ sorry,negative
Mo ní ìrírí buburu. O jẹ meeting ti ko call rara.,negative
Ohun sorry ó ṣẹlẹ̀ kùnà. Mi ò yes eyi. Eyi ko dara support,negative
Eyi ko call update Ọkàn mi hmm ń support gan-an.,negative
Ó jẹ́ pé ó ń ṣeé office thank you check problem,neutral
Ọjọ́ oni dara pupọ. O issue problem fun iranlọwọ rẹ.,positive
Eyi ko dara meeting please mi ń rẹ́rù gan-an.,negative
Mo ti dé.,neutral
N kò mọ ohun tí ó support O wa ní ita.,neutral
call ò fẹ́ràn eyi. Ohun issue ó ṣẹlẹ̀ kùnà. O jẹ eniyan ti support dara sorry,negative
office kò mọ ohun tí ó ṣẹlẹ̀. O wa ní sorry Mo rí ọ ní ọ̀sán.,neutral
Ohun tí ó ṣẹlẹ̀ kùnà.,negative
no oni dara pupọ. call ni ẹ̀wà.,positive
O jẹ eniyan ti message dara rara. Mo ní message loni. Mo ní ìrírí problem,negative
Ọjọ́ oni dara pupọ. O call pupọ okay iranlọwọ check,positive
Mo ní ìrírí buburu. Mo ní ìbànújẹ loni. Ìbànújẹ yes pé o ṣe bẹ́ẹ̀.,negative
Ọmọde team jẹ́ ọlọ́gbọ́n gan. Ọjọ́ call dara thank you meeting rẹ̀ dá mi lórí.,positive
Mi ò yes eyi. Eyi ko dara rara.,negative
meeting ni pé o ṣe bẹ́ẹ̀.,negative
Mo ti yes ìrírí rere. Ìfẹ́ urgent dá mi urgent message check no ọlọ́gbọ́n gan.,positive
Ìfẹ́ rẹ̀ dá mi lórí. Mo ti ní ìrírí rere. O ni ẹ̀wà.,positive
Mo ní inú didùn deadline Mo ti ní ìrírí deadline,positive
sorry nkan ń lọ dáadáa. Mo ti ní ìrírí rere.,positive
Ọmọde email jẹ́ ọlọ́gbọ́n gan. O ni ẹ̀wà. Mo ti ní ìrírí rere.,positive
A urgent pade lọ́la.,neutral
office wa update ita. Mo n lọ sí ile message,neutral
Ọjọ́ oni dara ah pupọ.,positive
Kò pé rara. support ní ìrírí update,negative
Mo ti dé. N kò mọ ohun tí ó issue Ọjọ́ oni kì email thank you tó gbóná.,neutral
please jẹ́ pé ó ń ṣeé ṣe. Mo ti dé.,neutral
Mo n lọ sí ile itaja.,neutral
Gbogbo nkan ń lọ dáadáa. team oni dara ah email,positive
Kò pé rara. Eyi ko problem rara. Mo ní ìrírí buburu.,negative
Mo fẹ́ràn rẹ gan-an. Gbogbo nkan ń lọ later Ìfẹ́ rẹ̀ dá deadline lórí.,positive
deadline ṣe oni A work Ọjọ́ kì pade gbóná. í tó,neutral
Mo like rí ọ problem ọ̀sán.,neutral
Ẹ̀rọ náà kò ṣiṣẹ́ dáadáa. Mo support ìbànújẹ loni.,negative
O jẹ eniyan ti ko dara rara.,negative
O ni ẹ̀wà. Gbogbo work ń lọ dáadáa.,positive
Mo message ìbànújẹ loni.,negative
Mo rí ọ ní ọ̀sán.,neutral
pé dara jẹ thank you Ìbànújẹ ṣe bẹ́ẹ̀. eniyan o ti ko team rara.,negative
Ẹ̀rọ náà ń ṣiṣẹ́ báyìí.,neutral
Eyi issue meeting rara. Ọkàn mi ń rẹ́rù gan-an.,negative
Ọjọ́ oni dara pupọ. Mo fẹ́ràn rẹ gan-an.,positive
sorry fẹ́ràn rẹ gan-an. Ìfẹ́ rẹ̀ dá mi lórí. Mo ní inú no loni.,positive
Ọjọ́ oni kì í ṣe tó gbóná.,neutral
Ọkàn mi ń rẹ́rù gan-an. Mi ò update message,negative
Mo ní ìrírí meeting,negative
like O ni ẹ̀wà.,positive
sorry work message pupọ. Mo ti ní ìrírí rere.,positive
Gbogbo nkan work lọ dáadáa.,positive
Mo fẹ́ràn rẹ email O ni ẹ̀wà. Mo sorry inú didùn loni.,positive
Ẹ̀rọ náà no ṣiṣẹ́ dáadáa. Kò pé deadline,negative
O email urgent Ọjọ́ oni dara pupọ. Mo update ní team rere.,positive
Kò pé problem Ẹ̀rọ náà kò ṣiṣẹ́ dáadáa.,negative
Ẹ̀rọ support ń ṣiṣẹ́ báyìí. Mo sorry thank you support n like lọ update meeting support,neutral
Mo ní inú didùn loni. Ọmọde yii jẹ́ email yes O ṣeun meeting fun iranlọwọ update,positive
O ṣeun pupọ email iranlọwọ team,positive
Mo ní inú support loni. okay ti ní ìrírí rere.,positive
Ìbànújẹ team pé o ṣe bẹ́ẹ̀.,negative
Mo n lọ sí ile itaja. Ọjọ́ oni kì í ṣe tó message,neutral
Ọkàn mi ń rẹ́rù gan-an.,negative
Ọkàn mi ń rẹ́rù gan-an.,negative
O ṣeun pupọ fun iranlọwọ rẹ.,positive
office no pé o ṣe urgent Ọkàn no ń rẹ́rù please,negative
Mo n lọ call ile itaja. Ó issue pé ó ń ṣeé you know ṣe.,neutral
like Mo ti urgent Ẹ thank you okay é ṣàlàyé? Mo thank you lọ sí ile itaja.,neutral
O iranlọwọ support ṣeun Mo office inú pupọ didùn ní rẹ.,positive
A o pade lọ́la.,neutral
N kò mọ ohun tí issue ṣẹlẹ̀. O wa ní ita.,neutral
O ni ẹ̀wà. problem message jẹ́ ọlọ́gbọ́n call,positive
Ẹ̀rọ náà ń support báyìí.,neutral
Ọjọ́ oni dara pupọ. Mo ti ní ìrírí rere.,positive
"Ọjọ́ oni kì í ṣe no gbóná. Mo update dé. Ẹ jọ̀ọ́, ṣe é ṣàlàyé?",neutral
Eyi ko team rara. Mi ò no eyi.,negative
urgent pé rara. hmm Ọkàn mi ń rẹ́rù gan-an. Eyi ko dara rara.,negative
Ìbànújẹ eh ni later o urgent bẹ́ẹ̀.,negative
Ọmọde yii jẹ́ ọlọ́gbọ́n gan.,positive
Gbogbo nkan ń lọ dáadáa. eh Ọjọ́ oni dara pupọ.,positive
Mo ti dé. thank you rí ọ later no,neutral
O ni later Gbogbo nkan deadline lọ dáadáa. Ọmọde yii jẹ́ ọlọ́gbọ́n gan.,positive
Mo thank you urgent buburu.,negative
Ẹ̀rọ náà ń ṣiṣẹ́ báyìí. Ọjọ́ oni kì work ṣe tó gbóná.,neutral
Ẹ̀rọ náà issue sorry call,negative
N kò mọ message tí office ṣẹlẹ̀.,neutral
Ọjọ́ oni yes team ṣe tó gbóná. Mo n lọ sí ile urgent,neutral
Ọjọ́ oni kì í ṣe tó gbóná.,neutral
Gbogbo support ń deadline update Ìfẹ́ rẹ̀ dá mi lórí.,positive
Kò pé rara. meeting ò fẹ́ràn eyi.,negative
Ó jẹ́ pé ó deadline ṣeé ṣe.,neutral
Mo fẹ́ràn rẹ call,positive
Mo rí ọ sorry ọ̀sán. Mo ti dé. update yes ní ita.,neutral
O deadline eniyan support gan-an. ko jẹ deadline ń mi Ọkàn office,negative
O ni ẹ̀wà.,positive
Ọmọde yii jẹ́ ọlọ́gbọ́n gan. Mo ti ní ìrírí rere.,positive
Mo ní ìbànújẹ loni. Ohun tí ó ṣẹlẹ̀ update O urgent eniyan deadline ko dara rara.,negative
Ọjọ́ oni check pupọ.,positive
"Mo sorry lọ support no itaja. Ẹ jọ̀ọ́, ṣe é ṣàlàyé? O wa ní ita.",neutral
Gbogbo nkan ah check lọ dáadáa.,positive
Mo fẹ́ràn rẹ thank you Ọjọ́ oni dara pupọ.,positive
N kò mọ ohun tí ó ṣẹlẹ̀. A yes pade lọ́la.,neutral
Gbogbo nkan ń lọ dáadáa. team oni dara work Mo ní inú urgent urgent,positive
issue mi dùn team mo rí ọ.,positive
Mo ti ní later rere. Gbogbo nkan ń lọ dáadáa. Ọmọde yii meeting ọlọ́gbọ́n okay,positive
Mo ní inú didùn loni. Ìfẹ́ rẹ̀ dá mi lórí.,positive
Ọkàn mi ń rẹ́rù gan-an.,negative
message ò fẹ́ràn eyi.,negative
O ṣeun pupọ fun iranlọwọ rẹ. Mo ti ní yes rere.,positive
Ọkàn mi ń rẹ́rù gan-an.,negative
Eyi ko support yes Mo ní ìrírí buburu. meeting ní yes loni.,negative
Ìfẹ́ rẹ̀ office mi lórí. Mo ní inú didùn loni. work ni ẹ̀wà.,positive
O ni ẹ̀wà.,positive
O ṣeun pupọ fun iranlọwọ rẹ. Ọmọde yii jẹ́ ọlọ́gbọ́n okay thank you yes dara pupọ.,positive
Ohun tí ó ṣẹlẹ̀ kùnà.,negative
N kò mọ ohun tí ó ṣẹlẹ̀.,neutral
Mi ò fẹ́ràn eyi.,negative
Mo ní okay check loni. Inú mi dùn team mo issue ọ.,positive
Ó jẹ́ pé ó ń ṣeé ṣe. office rí ọ ní ọ̀sán.,neutral
Mo okay lọ sí ile work,neutral
Ẹ̀rọ náà ń ṣiṣẹ́ báyìí.,neutral
email rí ọ ní ọ̀sán. Mo deadline lọ sí ile okay,neutral
issue ní ìbànújẹ problem Ìbànújẹ ni pé o sorry bẹ́ẹ̀.,negative
Mo please hmm ọ ní okay,neutral
meeting náà ń issue báyìí. Mo you know ti problem,neutral
"check yes kì call ṣe tó no Ẹ jọ̀ọ́, okay é update",neutral
Ọkàn mi ń rẹ́rù gan-an. O support eniyan ti ko dara rara. Kò urgent rara.,negative
Ìbànújẹ ni please o ṣe bẹ́ẹ̀. Ọkàn mi ń rẹ́rù gan-an.,negative
ìrírí rere. email ti Mo loni. ní inú ní Mo,positive
ṣiṣẹ́ O náà ko rara. eniyan Ẹ̀rọ kò team call dara ti,negative
Ìfẹ́ rẹ̀ dá mi lórí. urgent ní inú didùn loni.,positive
Ọjọ́ oni kì í ṣe tó gbóná.,neutral
Eyi ko support rara. Ìbànújẹ yes pé o ṣe bẹ́ẹ̀. Mo ní ìbànújẹ loni.,negative
O wa ní ita. office o pade lọ́la.,neutral
Ìfẹ́ rẹ̀ problem issue lórí. office sorry inú didùn loni.,positive
sorry no lọ sí ile itaja.,neutral
N meeting mọ ohun tí ó ṣẹlẹ̀. O wa ní ita.,neutral
Ẹ̀rọ náà kò ṣiṣẹ́ dáadáa. later message dara rara. Ọkàn mi ń rẹ́rù thank you,negative
meeting kò mọ ohun tí ó ṣẹlẹ̀.,neutral
Mo ní ìbànújẹ loni. Mo ní ìrírí buburu.,negative
like no mi dùn pé mo rí ọ.,positive
Ọjọ́ oni dara support,positive
Mi ò fẹ́ràn problem Ìbànújẹ ni sorry support deadline urgent like,negative
no n meeting later ile work Ẹ̀rọ náà team ṣiṣẹ́ báyìí. Ọjọ́ oni kì í message deadline message,neutral
Gbogbo nkan ń lọ dáadáa.,positive
Ọkàn mi ń rẹ́rù gan-an.,negative
A o pade lọ́la. thank you email ń ṣiṣẹ́ báyìí. office ti dé.,neutral
Ọmọde yii jẹ́ ọlọ́gbọ́n message,positive
Ìfẹ́ rẹ̀ dá support later,positive
Mo ti dé. Ẹ̀rọ náà ń deadline báyìí.,neutral
Eyi hmm ko dara rara. Mo ní ìbànújẹ loni. O jẹ eniyan ti ko dara rara.,negative
Mo you know ti dé.,neutral
Mo ní inú didùn eh loni.,positive
Mo ti eh dé.,neutral
problem ń nkan Gbogbo issue,positive
A o issue lọ́la. O wa ní yes,neutral
Gbogbo nkan ń lọ dáadáa.,positive
Mi ò fẹ́ràn eyi.,negative
A lọ́la. pade o,neutral
Mo ní inú didùn loni. O ni ẹ̀wà.,positive
ah Ohun tí ó ṣẹlẹ̀ kùnà.,negative
Ọmọde team jẹ́ call gan.,positive
Ọjọ́ oni dara pupọ. Ọmọde yii jẹ́ ọlọ́gbọ́n thank you,positive
please ṣeun pupọ fun iranlọwọ rẹ. Ọmọde yii jẹ́ ọlọ́gbọ́n work Ìfẹ́ rẹ̀ dá mi lórí.,positive
Ọkàn mi ń rẹ́rù okay check tí ó ṣẹlẹ̀ kùnà.,negative
call yes mọ ohun tí okay ṣẹlẹ̀.,neutral
Ẹ̀rọ náà kò ṣiṣẹ́ dáadáa. Mo thank you ìrírí team,negative
Ó jẹ́ support ó ń ṣeé ṣe. meeting ti dé.,neutral
urgent ni ẹ̀wà. Mo update thank you no,positive
Gbogbo nkan problem call support issue ni ẹ̀wà. team yii jẹ́ ọlọ́gbọ́n gan.,positive
call email message email Mo ní inú didùn loni.,positive
Mo ní ìrírí buburu. Ọkàn mi work rẹ́rù gan-an.,negative
okay team fẹ́ràn eyi. please ní ìbànújẹ issue Ohun problem ó ṣẹlẹ̀ kùnà.,negative
check náà meeting ṣiṣẹ́ báyìí. Mo ti dé.,neutral
Ọkàn mi ń rẹ́rù gan-an. update update ó ṣẹlẹ̀ kùnà.,negative
Ìbànújẹ ni pé problem ṣe bẹ́ẹ̀. Ẹ̀rọ okay kò problem dáadáa.,negative
team sorry ń problem dáadáa.,positive
sorry office ń lọ dáadáa.,positive
Gbogbo nkan ń lọ dáadáa. you know,positive
O no thank you fun iranlọwọ rẹ. Ìfẹ́ meeting dá please issue,positive
Mo rí ọ please ọ̀sán.,neutral
Kò pé check Ìbànújẹ ni check o work bẹ́ẹ̀.,negative
okay oni kì í ṣe tó gbóná.,neutral
problem ní ìbànújẹ yes,negative
sorry problem rí yes ah oni Ọjọ́ check dara check email mo,positive
Ọjọ́ oni dara pupọ.,positive
N work call ohun thank you ó deadline Ọjọ́ oni kì í ṣe tó gbóná.,neutral
Mi ò fẹ́ràn eyi. O team eniyan no ko dara urgent,negative
lọ́la. pade office later,neutral
oni pupọ. dara Ọjọ́,positive
ṣàlàyé? sorry problem ṣe é,neutral
Mo ní issue didùn loni. O ni ẹ̀wà. Mo fẹ́ràn rẹ gan-an.,positive
message update yes meeting báyìí.,neutral
"O wa email sorry Ẹ jọ̀ọ́, please é ṣàlàyé?",neutral
Mo ti ní check rere. Gbogbo nkan ń lọ message,positive
Mo ti ní ìrírí rere. Mo fẹ́ràn support gan-an.,positive
Ọmọde yii meeting ọlọ́gbọ́n gan. Gbogbo nkan office lọ dáadáa.,positive
Mo sorry dé.,neutral
Ìbànújẹ message pé o ṣe bẹ́ẹ̀. Ẹ̀rọ náà kò ṣiṣẹ́ dáadáa.,negative
Mo ní inú didùn loni. Inú mi dùn pé mo rí ọ.,positive
Ẹ̀rọ náà meeting call dáadáa.,negative
like Mo ti dé.,neutral
please jẹ́ okay ó ń call ṣe.,neutral
Ọkàn mi ń team gan-an. Ìbànújẹ office pé o ṣe bẹ́ẹ̀.,negative
Ẹ̀rọ náà ń email call A o no lọ́la. call oni kì í check tó gbóná.,neutral
later nkan message lọ dáadáa.,positive
Kò pé rara.,negative
ò ko ní problem rara. office eniyan O eyi. loni. ìbànújẹ ti fẹ́ràn yes Mo,negative
Ẹ̀rọ work kò ṣiṣẹ́ dáadáa. office tí ó ṣẹlẹ̀ check,negative
Kò pé rara.,negative
Mo ní ìbànújẹ loni.,negative
deadline update message ṣiṣẹ́ báyìí. O wa ní ita. N kò mọ ohun tí problem ṣẹlẹ̀.,neutral
O problem support ti ko dara rara. Ohun tí ó ṣẹlẹ̀ email Mo deadline you know email team,negative
Mo check lọ sí ile itaja. Ó jẹ́ pé ó ń ṣeé ṣe.,neutral
Mo n lọ update sorry itaja. O wa support ita.,neutral
Kò pé rara. Eyi ko dara issue,negative
Mo fẹ́ràn rẹ gan-an. Ìfẹ́ team dá deadline you know call Ọjọ́ yes dara pupọ.,positive
message issue ní support like,negative
Mo deadline ọ ní ọ̀sán.,neutral
Ọmọde yii jẹ́ ọlọ́gbọ́n gan. Ìfẹ́ rẹ̀ dá mi message,positive
O email team ita. N kò mọ urgent office email ṣẹlẹ̀.,neutral
Ọmọde okay jẹ́ ọlọ́gbọ́n gan. Mo fẹ́ràn rẹ gan-an.,positive
"Ẹ jọ̀ọ́, ṣe é ṣàlàyé?",neutral
no no ò ó kùnà. Ohun fẹ́ràn Mi tí,negative
please tí ó ṣẹlẹ̀ kùnà. Ìbànújẹ ni pé o check bẹ́ẹ̀.,negative
kùnà. rẹ́rù ń náà gan-an. update Ohun kò yes ṣiṣẹ́ mi check Ọkàn tí dáadáa.,negative
Mo fẹ́ràn rẹ ah gan-an.,positive
ó kò urgent tí no ní náà ṣiṣẹ́ ṣẹlẹ̀ Mo dáadáa. Ohun buburu. ìrírí,negative
sorry ní ìrírí buburu. Mo ní ìbànújẹ loni.,negative
Mo rí please ní ọ̀sán. A o deadline lọ́la. Ẹ urgent ṣe é support,neutral
O ṣeun pupọ fun urgent rẹ.,positive
O ni sorry,positive
Mi ò email eyi.,negative
Inú mi dùn pé mo rí ọ. Mo ní inú thank you loni. Ìfẹ́ rẹ̀ dá mi lórí.,positive
Ẹ̀rọ náà please ṣiṣẹ́ dáadáa. Ohun tí office urgent kùnà. O jẹ eniyan call ko dara rara.,negative
Ọjọ́ urgent kì í ṣe issue gbóná. O wa ní ita. Mo rí ọ ní issue,neutral
Mo ti dé. Mo n lọ sí ile later,neutral
O ṣeun pupọ fun iranlọwọ rẹ. Inú mi thank you call later rí ọ.,positive
"yes email kì issue ṣe tó gbóná. later jọ̀ọ́, ṣe é ṣàlàyé?",neutral
please ko dara rara. sorry pé rara. Mi ò fẹ́ràn eyi.,negative
"Ẹ jọ̀ọ́, ṣe é urgent A o pade lọ́la. N like kò mọ ohun work okay ṣẹlẹ̀.",neutral
Ọmọde no jẹ́ ọlọ́gbọ́n gan. Ọjọ́ oni dara pupọ.,positive
Ọkàn mi ń rẹ́rù gan-an.,negative
Ọmọde yii jẹ́ thank you gan. email ti ní ìrírí team O office message support iranlọwọ rẹ.,positive
Inú mi dùn pé mo rí please Ọjọ́ oni dara pupọ.,positive
thank you ní ìrírí buburu. Ohun message ó ṣẹlẹ̀ kùnà.,negative
Mo fẹ́ràn you know rẹ gan-an. O ni ẹ̀wà.,positive
Mo ní ìbànújẹ loni.,negative
office pé rara. Ẹ̀rọ náà kò ṣiṣẹ́ dáadáa. Ohun meeting ó ṣẹlẹ̀ deadline,negative
A sorry pade team Ọjọ́ yes kì email ṣe okay gbóná.,neutral
Mi okay yes eyi.,negative
Mo ní ìrírí problem Ìbànújẹ problem pé o ṣe bẹ́ẹ̀. Ẹ̀rọ later issue update dáadáa.,negative
Gbogbo nkan ń lọ dáadáa. Mo ti ní ìrírí rere.,positive
Eyi ko dara rara. Ọkàn mi ń rẹ́rù gan-an.,negative
"Ẹ jọ̀ọ́, ṣe deadline ṣàlàyé? Ọjọ́ oni kì í ṣe tó call",neutral
Ìbànújẹ later pé o ṣe bẹ́ẹ̀. Kò pé rara. Mo ní ìrírí buburu.,negative
Ẹ̀rọ náà ń ṣiṣẹ́ báyìí. A o call call,neutral
Ẹ̀rọ okay later ṣiṣẹ́ báyìí. Mo rí ọ ní ọ̀sán. Mo n lọ sí ile itaja.,neutral
Ó call pé ó ń ṣeé ṣe.,neutral
Eyi ko dara rara.,negative
N kò mọ ohun tí ó ṣẹlẹ̀.,neutral
O ni ẹ̀wà. Inú mi dùn pé email rí ọ.,positive
pupọ. dara oni Ọjọ́,positive
Mo ní ìrírí okay,negative
meeting please work sí ile itaja. A o pade lọ́la.,neutral
problem sorry kò ṣiṣẹ́ dáadáa. Ohun tí ó ṣẹlẹ̀ kùnà. Mi ò fẹ́ràn eyi.,negative
O jẹ eniyan ti support office rara.,negative
no náà ń ṣiṣẹ́ email,neutral
Mo call dé. N email mọ ohun message ó ṣẹlẹ̀. Ẹ̀rọ náà ń ṣiṣẹ́ problem,neutral
okay oni dara pupọ.,positive
Mi ò fẹ́ràn support Ẹ̀rọ náà kò ṣiṣẹ́ dáadáa.,negative
Kò eh pé rara.,negative
thank you update fẹ́ràn ti ní jẹ eyi. ò eniyan Mi dara support yes O buburu.,negative
Ọkàn mi ń message message Mi ò fẹ́ràn eyi. Mo ní ìrírí buburu.,negative
Mo ti office O wa ní ita.,neutral
Mo email lọ sí ile itaja.,neutral
Mo ní ìbànújẹ loni. support sorry dara rara.,negative
call ni pé o ṣe bẹ́ẹ̀. Mi ò check eyi.,negative
O email ní ita.,neutral
email ní ìbànújẹ loni. no ko dara message,negative
later ni ẹ̀wà. Mo ní inú didùn loni.,positive
Mo ní ìbànújẹ loni.,negative
O jẹ eniyan support ko dara rara. Ohun tí ó ṣẹlẹ̀ kùnà.,negative
thank you support mọ ohun tí meeting ṣẹlẹ̀. Ọjọ́ deadline kì í ṣe support gbóná. Mo n lọ sí ile yes,neutral
Eyi ko dara you know rara. Mi ò fẹ́ràn eyi.,negative
O ni ẹ̀wà. O eh ṣeun okay fun iranlọwọ rẹ.,positive
Ẹ̀rọ náà ń ṣiṣẹ́ báyìí.,neutral
Mo gan-an. later fẹ́ràn,positive
Mo ti ní ìrírí rere. O ṣeun pupọ fun problem rẹ.,positive
Ọkàn mi call rẹ́rù gan-an.,negative
Mo ní ìrírí team Ẹ̀rọ náà kò ṣiṣẹ́ dáadáa. Ìbànújẹ ni pé o ṣe bẹ́ẹ̀.,negative
Ọkàn issue ń please gan-an. Eyi ko dara rara. Mo ní later thank you,negative
Ìbànújẹ ni pé please issue bẹ́ẹ̀. update pé rara. ah,negative
Inú check dùn pé mo rí ọ. Ọmọde okay jẹ́ ọlọ́gbọ́n support,positive
Ọjọ́ oni dara email,positive
Mo ko eniyan ìrírí jẹ O okay ti buburu. dara rara.,negative
lọ O urgent ita. sí itaja. issue n ile wa,neutral
Ẹ̀rọ problem kò ṣiṣẹ́ dáadáa. Eyi office dara okay,negative
ah Ọkàn mi ń rẹ́rù gan-an.,negative
O ṣeun pupọ fun email yes,positive
support rí ọ urgent ọ̀sán.,neutral
Mo ti ní ìrírí rere. Inú mi dùn pé mo rí ọ.,positive
Ẹ̀rọ náà kò ṣiṣẹ́ urgent check ni pé team ṣe team Kò pé rara.,negative
Mo ní ìbànújẹ urgent,negative
Ìbànújẹ ni pé o ṣe bẹ́ẹ̀. Ọkàn okay update rẹ́rù gan-an. Mo deadline ìbànújẹ message,negative
pupọ ṣeun rẹ. O iranlọwọ no,positive
work rí ọ ní ọ̀sán.,neutral
check nkan ń lọ dáadáa. Ọjọ́ oni dara pupọ.,positive
N kò mọ ohun tí ó update,neutral
no mi dùn pé mo rí meeting Mo fẹ́ràn rẹ sorry Mo update sorry didùn thank you,positive
call ní inú didùn loni. support meeting ń problem email,positive
Ẹ̀rọ náà ń okay báyìí.,neutral
Gbogbo nkan urgent lọ dáadáa.,positive
Ohun later ó email ṣẹlẹ̀ eh eyi. tí kùnà. ò,negative
Mo ní inú urgent loni.,positive
O okay ní email Ọjọ́ oni kì í later tó gbóná.,neutral
update n lọ sí ile itaja. N kò mọ ohun tí ó ṣẹlẹ̀. Ẹ̀rọ náà ń ṣiṣẹ́ okay,neutral
rẹ́rù mi no Ọkàn gan-an.,negative
Mo n lọ sí ile itaja. N kò mọ ohun tí ó sorry,neutral
Mo ní ìrírí buburu.,negative
N kò mọ ohun tí ó ṣẹlẹ̀. Mo n lọ sí ile itaja.,neutral
Kò pé rara. O problem work ti ko later rara.,negative
Ọjọ́ oni please í deadline tó gbóná. A o pade lọ́la.,neutral
O ni ẹ̀wà. Mo email ní ìrírí rere.,positive
Ọjọ́ oni kì í ṣe tó gbóná. office o pade update sorry ti dé.,neutral
O ni ẹ̀wà. team ní inú didùn loni. support nkan ń lọ dáadáa.,positive
Ẹ̀rọ urgent kò ṣiṣẹ́ dáadáa. Ọkàn mi ń rẹ́rù gan-an.,negative
Ìbànújẹ ni pé update ṣe bẹ́ẹ̀. Mi thank you support eyi.,negative
Mo ti ní ìrírí rere.,positive
yes ni pé o team no Mo meeting ìrírí buburu.,negative
no o pade lọ́la. O wa ní ita.,neutral
Mo ti ní ìrírí rere. Ọmọde message jẹ́ later gan. Gbogbo nkan ń lọ dáadáa.,positive
team oni dara pupọ. work ṣeun pupọ fun call rẹ.,positive
dáadáa. lọ Gbogbo ń nkan,positive
Ìbànújẹ ni pé o ṣe bẹ́ẹ̀.,negative
Mi ò fẹ́ràn eyi.,negative
Ohun tí ó ṣẹlẹ̀ kùnà. Kò okay rara. Ìbànújẹ ni pé o deadline bẹ́ẹ̀.,negative
Inú mi dùn pé mo rí yes,positive
N kò mọ ohun tí ó ṣẹlẹ̀.,neutral
N kò mọ ohun tí ó ṣẹlẹ̀. A o pade lọ́la. ah,neutral
no ń Gbogbo lọ dáadáa.,positive
ṣeé pade ní ó ń jẹ́ no pé lọ́la. urgent rí sorry support A ọ̀sán. ọ,neutral
"Ẹ̀rọ náà ń please báyìí. office jọ̀ọ́, ṣe é ṣàlàyé?",neutral
Ẹ̀rọ náà kò later dáadáa. Mo meeting ìbànújẹ urgent,negative
Mo ti update N kò mọ eh ohun meeting ó ṣẹlẹ̀.,neutral
meeting sorry ń ṣiṣẹ́ báyìí. Mo ti check hmm,neutral
work fẹ́ràn rẹ gan-an.,positive
O ṣeun pupọ fun sorry rẹ. Ọmọde yii jẹ́ ọlọ́gbọ́n gan.,positive
Kò pé rara. Eyi hmm issue dara rara.,negative
Ọjọ́ oni dara pupọ.,positive
yes office jẹ́ ọlọ́gbọ́n gan. O okay pupọ fun iranlọwọ rẹ. Inú mi dùn pé mo rí ọ.,positive
Eyi ko you know dara rara.,negative
office tí urgent call email Eyi ko dara rara. Ẹ̀rọ náà support check dáadáa.,negative
Mo ní ìbànújẹ loni.,negative
N kò mọ ohun tí ó ṣẹlẹ̀.,neutral
issue oni dara pupọ. Ìfẹ́ message dá team lórí. urgent yii jẹ́ ọlọ́gbọ́n gan.,positive
Kò hmm pé rara.,negative
O ni urgent Gbogbo nkan ń meeting dáadáa.,positive
please ṣeun support fun later rẹ.,positive
Ọjọ́ oni dara pupọ.,positive
Ọjọ́ oni kì í ṣe tó gbóná. problem n later sí ile itaja.,neutral
urgent náà kò ṣiṣẹ́ dáadáa.,negative
Eyi work dara rara. Ọkàn mi ń rẹ́rù gan-an.,negative
Ìbànújẹ ni team o deadline later Mo yes ìbànújẹ loni.,negative
Ọjọ́ oni no pupọ. support mi urgent pé mo rí ọ. Mo support ní ìrírí rere.,positive
Ó yes pé ó ń ṣeé ṣe. Mo thank you dé. Ọjọ́ oni yes í please tó gbóná.,neutral
Ẹ later ṣe é ṣàlàyé?,neutral
Mi ò fẹ́ràn urgent,negative
kùnà. team please ó ní ìbànújẹ Mo ṣẹlẹ̀ meeting,negative
Ó jẹ́ ah pé ó ń ṣeé office Ẹ̀rọ náà ń ṣiṣẹ́ báyìí.,neutral
Mo ní ìrírí problem,negative
O jẹ eniyan ti deadline office rara. Ìbànújẹ ni pé o office support,negative
ń ọlọ́gbọ́n lọ nkan yii fẹ́ràn gan-an. jẹ́ Ọmọde Mo dáadáa. rẹ gan. like Gbogbo,positive
check pé meeting,negative
Mo problem ní ìrírí okay Ìfẹ́ rẹ̀ dá yes lórí. Mo fẹ́ràn rẹ gan-an.,positive
Mo fẹ́ràn rẹ message check oni dara pupọ. you know,positive
O wa ní ita. Ọjọ́ support please í urgent tó team A support pade lọ́la.,neutral
team sí n lọ itaja. sorry,neutral
Mo problem support no rere.,positive
Mo ti you know dé. O wa ní ita. N kò mọ ohun tí urgent ṣẹlẹ̀.,neutral
Gbogbo nkan ń lọ dáadáa. O ni team,positive
Kò pé support check tí ó ṣẹlẹ̀ kùnà.,negative
urgent email pupọ email iranlọwọ rẹ.,positive
Inú mi issue pé mo rí ọ.,positive
Ìbànújẹ update pé o ṣe bẹ́ẹ̀. Eyi ko dara rara. Ọkàn mi ń rẹ́rù gan-an.,negative
Ohun tí message ṣẹlẹ̀ kùnà. check ko work team hmm meeting ní yes buburu.,negative
Inú support dùn office mo rí ọ.,positive
Gbogbo nkan ń lọ dáadáa.,positive
Ọjọ́ office no í ṣe tó gbóná. Ẹ̀rọ náà ń ṣiṣẹ́ báyìí.,neutral
O support pupọ team iranlọwọ rẹ. Ọmọde yii update problem gan.,positive
Ẹ̀rọ náà ń ṣiṣẹ́ no,neutral
Kò later rara. Mo ní ìrírí buburu.,negative
Ẹ̀rọ náà ń sorry báyìí. Ọjọ́ oni kì í call tó gbóná.,neutral
Mo check ìrírí okay,negative
Ọkàn mi ń rẹ́rù gan-an. Ẹ̀rọ you know náà kò ṣiṣẹ́ dáadáa.,negative
message support ah ìrírí buburu. Ìbànújẹ ni no o ṣe support,negative
"Ẹ̀rọ náà please ṣiṣẹ́ báyìí. Mo rí ọ office ọ̀sán. Ẹ jọ̀ọ́, ṣe é ṣàlàyé?",neutral
fẹ́ràn eyi. Mi ò,negative
office mi ń rẹ́rù hmm gan-an.,negative
Mo ti ní ìrírí rere. later fẹ́ràn rẹ gan-an.,positive
sorry ni ẹ̀wà. Mo office inú didùn loni.,positive
A o pade lọ́la.,neutral
A o pade okay Mo n check sí work check,neutral
Ọmọde yii jẹ́ ọlọ́gbọ́n gan. Inú mi no pé call rí ọ. O thank you pupọ fun please rẹ.,positive
"O wa ní ita. sorry jọ̀ọ́, sorry é ṣàlàyé?",neutral
Mo ní inú didùn urgent Mo ti ní ìrírí problem,positive
issue no jẹ́ ọlọ́gbọ́n gan.,positive
Ó jẹ́ pé update meeting ṣeé ṣe.,neutral
Ìbànújẹ ni pé o ṣe bẹ́ẹ̀. Mo ní ìrírí buburu.,negative
O jẹ work issue ko dara rara.,negative
O ṣeun pupọ urgent iranlọwọ rẹ. Ìfẹ́ sorry dá mi lórí.,positive
team yii jẹ́ meeting office problem ni deadline,positive
Mo ní deadline didùn loni. Mo ti ní support rere.,positive
Ohun tí ó ṣẹlẹ̀ kùnà. yes ko dara rara.,negative
problem fẹ́ràn office message,positive
Inú call dùn pé mo rí ọ. Mo call rẹ support okay yii jẹ́ sorry gan.,positive
O wa ní ita.,neutral
pupọ O rẹ. call message work,positive
Ọjọ́ oni dara pupọ.,positive
Eyi ko dara rara. Mo ní ìrírí meeting Mo ní ìbànújẹ loni.,negative
Mo fẹ́ràn deadline gan-an. office ṣeun pupọ fun iranlọwọ rẹ.,positive
Inú mi dùn support mo deadline ọ. Ọmọde yii jẹ́ ọlọ́gbọ́n gan.,positive
check oni kì í ṣe tó gbóná. later jẹ́ pé ó update ṣeé ṣe.,neutral
Mo deadline ìrírí deadline,negative
ní ìbànújẹ problem loni. update dáadáa. Ẹ̀rọ check Mi kò eyi. ò deadline,negative
call nkan update lọ dáadáa.,positive
"Ẹ jọ̀ọ́, problem é ṣàlàyé?",neutral
email mi ń rẹ́rù check Ìbànújẹ ni pé email ṣe bẹ́ẹ̀.,negative
Ẹ update ṣe é ṣàlàyé? no kò mọ ohun tí ó ṣẹlẹ̀.,neutral
like Ẹ̀rọ náà thank you ṣiṣẹ́ báyìí.,neutral
Mo ní inú didùn loni. okay check dá mi lórí.,positive
Mo ní sorry didùn loni.,positive
Ó jẹ́ pé ó ń check ṣe. issue thank you please,neutral
Mo ti dé. O support ní ita.,neutral
Ìbànújẹ ni pé o ṣe bẹ́ẹ̀. Kò deadline rara. Mo ní team buburu.,negative
O okay please team N kò sorry ohun tí ó ṣẹlẹ̀.,neutral
"Ẹ jọ̀ọ́, ṣe work ṣàlàyé?",neutral
Mo check ìbànújẹ loni.,negative
check ní inú didùn loni.,positive
email call check o ṣe bẹ́ẹ̀.,negative
please lórí. issue dá rẹ̀ oni later pupọ. mi,positive
Mo rí ọ no ọ̀sán. Ẹ̀rọ náà ń ṣiṣẹ́ báyìí. Ọjọ́ oni kì urgent ṣe tó gbóná.,neutral
Ìbànújẹ ni pé o ṣe bẹ́ẹ̀.,negative
Ìbànújẹ ni pé o ṣe bẹ́ẹ̀.,negative
Ohun tí ó ṣẹlẹ̀ kùnà. Mi issue fẹ́ràn issue okay ni pé check call bẹ́ẹ̀.,negative
Ọjọ́ oni kì í ṣe tó gbóná.,neutral
no ti dé. urgent o pade lọ́la. O wa sorry sorry,neutral
Mo support dé. Ó jẹ́ pé ó office ṣeé ṣe.,neutral
Ọkàn urgent ń yes gan-an.,negative
Mo meeting inú didùn loni.,positive
Mo email later ìrírí rere.,positive
A o pade lọ́la.,neutral
Mi ò sorry eyi. Ohun tí ó ṣẹlẹ̀ kùnà.,negative
Ohun tí ó ṣẹlẹ̀ kùnà.,negative
O wa ní ita. N sorry thank you ohun tí ó ṣẹlẹ̀.,neutral
"é ṣe. jọ̀ọ́, thank you ṣeé email pé ń thank you Ẹ ṣàlàyé? no",neutral
Mo email lọ sí ile itaja.,neutral
Mi ò fẹ́ràn eyi. no ní ìrírí okay,negative
support sorry eniyan ti ko dara problem Mo ní ìbànújẹ loni.,negative
problem ti dé.,neutral
A o pade lọ́la. Ọjọ́ oni kì í ṣe okay gbóná.,neutral
Mo support message didùn loni. Gbogbo hmm sorry ń lọ dáadáa. O update pupọ fun work rẹ.,positive
Mo rí support ní meeting,neutral
A o pade lọ́la.,neutral
Mo email ní you know ìrírí rere.,positive
Ìbànújẹ message okay ṣiṣẹ́ pé ṣe Ẹ̀rọ okay náà ni dáadáa.,negative
O ṣeun pupọ fun iranlọwọ rẹ.,positive
Mo n lọ sí ile itaja.,neutral
Inú mi dùn pé mo rí ọ. team oni dara pupọ. Gbogbo nkan update yes dáadáa.,positive
Mo ní no buburu. Kò you know pé rara.,negative
Ọmọde yii jẹ́ ọlọ́gbọ́n gan. Ọjọ́ problem dara sorry,positive
Mo work rẹ gan-an. office oni dara pupọ.,positive
dá O sorry mi lórí. message rẹ. update fun iranlọwọ pupọ,positive
Mo n lọ sí later itaja.,neutral
O ni yes,positive
check kò mọ ohun message ó sorry Mo ti dé.,neutral
Ọjọ́ oni work í hmm ṣe tó gbóná.,neutral
no oni kì okay message tó gbóná.,neutral
"okay jọ̀ọ́, ṣe sorry ṣàlàyé? N kò message ohun tí ó ṣẹlẹ̀. Ọjọ́ ah oni kì í ṣe tó gbóná.",neutral
"Ẹ jọ̀ọ́, ṣe é ṣàlàyé?",neutral
Ọjọ́ oni meeting work ṣe office gbóná. Mo ti dé.,neutral
Ọjọ́ later dara pupọ. deadline ṣeun pupọ fun iranlọwọ rẹ.,positive
office message ní ìrírí rere. Ọmọde yii deadline ọlọ́gbọ́n gan.,positive
Ìfẹ́ okay dá email lórí. O ṣeun okay fun issue rẹ. Mo ti ní message rere. hmm,positive
Ẹ yes ṣe é ṣàlàyé? Ọjọ́ oni kì í issue tó okay,neutral
Ó jẹ́ pé problem ń ṣeé ṣe.,neutral
Ọjọ́ ṣàlàyé? í thank you ṣe gbóná. oni Ẹ tó é ṣe kì,neutral
Ẹ̀rọ náà ń ṣiṣẹ́ báyìí.,neutral
O thank you ẹ̀wà.,positive
O ṣeun pupọ fun problem rẹ. Inú mi dùn pé mo rí ọ.,positive
okay ṣeun pupọ fun later rẹ. Ọmọde yii message ọlọ́gbọ́n gan.,positive
O ni ẹ̀wà.,positive
ní email buburu. later,negative
Ọjọ́ oni team pupọ. Mo ti okay ìrírí support update ṣeun deadline fun iranlọwọ rẹ.,positive
Ọjọ́ oni later pupọ. Ìfẹ́ rẹ̀ dá mi lórí. O ṣeun pupọ yes message rẹ.,positive
Mi fẹ́ràn Ọkàn update ń rẹ́rù eyi. no gan-an.,negative
Ẹ support no é team,neutral
Mo later ọ ní ọ̀sán. Mo n lọ sí check work,neutral
Ẹ̀rọ náà kò ṣiṣẹ́ dáadáa. Eyi ko dara rara.,negative
Mo ní inú support loni. Ọmọde yii jẹ́ ọlọ́gbọ́n gan.,positive
Ó jẹ́ pé ó ń ṣeé ṣe. message o call lọ́la.,neutral
Mo ti ní call rere. Ọmọde yii thank you ọlọ́gbọ́n gan. urgent rẹ̀ dá email lórí.,positive
no náà ń ṣiṣẹ́ báyìí.,neutral
Mo like deadline inú didùn message,positive
Ọjọ́ eh thank you kì í ṣe urgent gbóná.,neutral
O ni like deadline,positive
like Ó call pé ó yes ṣeé ṣe. Mo ti dé. later oni team í ṣe tó update,neutral
O jẹ eniyan ti ko update rara.,negative
"Ẹ jọ̀ọ́, ṣe é ṣàlàyé?",neutral
no náà kò ṣiṣẹ́ dáadáa. Mi work deadline eyi.,negative
thank you pé rara. work call okay rẹ́rù okay Ẹ̀rọ náà kò ṣiṣẹ́ dáadáa.,negative
Ìbànújẹ ni pé o ṣe bẹ́ẹ̀. Eyi ko dara rara.,negative
Mo later lọ sí ile update,neutral
Mo ti dé.,neutral
Mo ní yes check Ìbànújẹ ni pé update ṣe bẹ́ẹ̀.,negative
Mo ní ìbànújẹ loni.,negative
Eyi email dara later,negative
Gbogbo nkan ń lọ meeting,positive
Mo problem rẹ gan-an.,positive
support náà kò ṣiṣẹ́ dáadáa. update mi ń rẹ́rù gan-an. please ní issue buburu.,negative
Mo fẹ́ràn rẹ gan-an.,positive
Inú problem dùn pé work rí ọ. Ọjọ́ sorry dara pupọ. Ìfẹ́ later office mi lórí.,positive
Ohun tí ó ṣẹlẹ̀ kùnà. Ìbànújẹ ni pé o ṣe bẹ́ẹ̀.,negative
yes oni dara pupọ. Ọmọde problem team ọlọ́gbọ́n no Mo ti ní ìrírí rere.,positive
thank you ni check o ṣe bẹ́ẹ̀. Ọkàn mi ń rẹ́rù deadline,negative
Ọkàn check ń rẹ́rù gan-an.,negative
issue ní inú didùn loni.,positive
Mo fẹ́ràn rẹ gan-an. Ọmọde deadline jẹ́ deadline gan.,positive
ó kùnà. support yes ṣẹlẹ̀,negative
no rara. náà dáadáa. Eyi urgent dara ko kò,negative
ní O issue lọ iranlọwọ work Mo rẹ. rere. please fun hmm ìrírí later ń ti nkan,positive
O wa ní ita. Mo ti dé.,neutral
Ẹ̀rọ yes call ṣiṣẹ́ báyìí. Mo n call urgent ile itaja.,neutral
O ṣeun pupọ ah fun update message,positive
O issue pupọ fun support rẹ. Mo ti ní ìrírí rere.,positive
support problem lọ team ile itaja.,neutral
Ẹ̀rọ no ń ṣiṣẹ́ báyìí. email call meeting ita.,neutral
Mo problem dé. yes o pade lọ́la. Ọjọ́ oni kì í message tó gbóná.,neutral
deadline work ní ita. later support email ṣiṣẹ́ báyìí.,neutral
O ni ẹ̀wà. Gbogbo nkan check lọ dáadáa.,positive
N meeting mọ ohun tí ó ṣẹlẹ̀. Ẹ̀rọ náà ń email báyìí. please work kì í later tó meeting,neutral
ìrírí yii sorry ń lọ Ọmọde ní support gan. rere. jẹ́ email ọlọ́gbọ́n ti later,positive
message mi urgent mo Ọmọde pé jẹ́ ọlọ́gbọ́n no check rí Inú,positive
O jẹ eniyan ti ko support rara.,negative
Ẹ̀rọ náà ń ṣiṣẹ́ team,neutral
Ọkàn problem ń rẹ́rù gan-an.,negative
okay wa ní later Ẹ̀rọ náà ń ṣiṣẹ́ báyìí.,neutral
okay yii Ọmọde okay gan-an. gan. fẹ́ràn Mo message,positive
Ọjọ́ hmm please dara pupọ.,positive
"Mo ti dé. Ẹ jọ̀ọ́, meeting later ṣàlàyé?",neutral
sorry ita. wa O,neutral
"Mo ti dé. Ẹ jọ̀ọ́, ṣe issue ṣàlàyé? Mo rí office ní ọ̀sán.",neutral
support ni ẹ̀wà. update fẹ́ràn rẹ gan-an.,positive
Mo n lọ sí ile itaja. work wa ní ita. Ó jẹ́ pé support ń ṣeé ṣe.,neutral
O jẹ eniyan ti ko dara rara. Kò pé rara. call ko dara later,negative
Ọmọde yii jẹ́ ọlọ́gbọ́n support,positive
no ko dara rara. Ohun tí ó ṣẹlẹ̀ kùnà. Ọkàn no like ń rẹ́rù issue,negative
Mo ti check email please meeting ohun tí ó ṣẹlẹ̀.,neutral
Inú mi dùn pé mo sorry ọ. Mo ti ní ìrírí rere. O ṣeun pupọ fun iranlọwọ rẹ.,positive
Inú mi dùn message team rí office O ṣeun sorry fun iranlọwọ yes deadline ni ẹ̀wà.,positive
Ọmọde office jẹ́ ọlọ́gbọ́n support,positive
Mo ní sorry didùn loni.,positive
Gbogbo nkan ń lọ dáadáa. O ṣeun pupọ fun iranlọwọ rẹ.,positive
N kò mọ ohun tí ó ṣẹlẹ̀. A o pade later sorry rí ọ ní update,neutral
O wa ní ita. Mo update ọ ní ọ̀sán.,neutral
Mo work dé.,neutral
urgent support yes lọ́la. Mo support lọ sí ile itaja.,neutral
Mo ní inú problem loni. Mo fẹ́ràn rẹ gan-an.,positive
O wa ní ita. A o team lọ́la.,neutral
Mo n lọ sí sorry itaja. Mo ti dé.,neutral
O sorry ẹ̀wà. Mo fẹ́ràn rẹ gan-an.,positive
Ohun team ó yes email Kò like pé check,negative
please ko dara rara. check ò call eyi. Ẹ̀rọ náà kò okay dáadáa.,negative
Mo ti ní ìrírí rere. Inú mi dùn pé mo rí issue,positive
ni pupọ iranlọwọ ẹ̀wà. message O ṣeun call hmm no,positive
O jẹ check ti ko dara rara.,negative
Mo ní inú didùn loni.,positive
update gan-an. Mo message office ìrírí issue ti rẹ,positive
Mo fẹ́ràn rẹ gan-an. Mo ti ní ìrírí rere.,positive
like please yii jẹ́ ọlọ́gbọ́n gan. Ọjọ́ oni dara pupọ.,positive
Ẹ̀rọ náà ń ṣiṣẹ́ báyìí.,neutral
"Ẹ jọ̀ọ́, ṣe é ṣàlàyé? Mo n lọ sí ile itaja. Mo rí ọ thank you please eh",neutral
office ní ìrírí kò buburu. náà Mo thank you ṣiṣẹ́,negative
Mo n lọ sí ile itaja.,neutral
O wa ní ita. message oni support í message deadline gbóná.,neutral
Ẹ̀rọ náà ń ṣiṣẹ́ check okay please pade lọ́la.,neutral
didùn ní inú Mo loni. problem mo team pé mi ọ. dùn,positive
check yii jẹ́ ọlọ́gbọ́n gan.,positive
Ó jẹ́ pé ó ń ṣeé ṣe. hmm Ọjọ́ yes kì í ṣe tó gbóná. N thank you mọ deadline tí ó ṣẹlẹ̀.,neutral
Ọkàn mi later rẹ́rù gan-an.,negative
N kò mọ ohun tí message team,neutral
Ẹ̀rọ náà ń ṣiṣẹ́ báyìí. Mo n lọ sí ile itaja.,neutral
Ẹ̀rọ náà please ṣiṣẹ́ báyìí. Mo n lọ sí ile no,neutral
Ọjọ́ oni kì í ṣe thank you gbóná.,neutral
Mo yes ìbànújẹ loni. call ni pé o ṣe bẹ́ẹ̀.,negative
Ìfẹ́ rẹ̀ dá mi lórí.,positive
Mo Mi ìrírí ò ní fẹ́ràn buburu. eyi.,negative
later ìrírí rere. ń dáadáa. ní lọ ti nkan sorry,positive
Ìbànújẹ ni pé o ṣe bẹ́ẹ̀. Mo ní ìbànújẹ loni.,negative
deadline ní ó support ṣẹlẹ̀. urgent ohun ọ̀sán. rí N tí problem,neutral
O ṣeun pupọ fun iranlọwọ rẹ. email fẹ́ràn no eh no O ni ẹ̀wà.,positive
O please ẹ̀wà.,positive
Mo ní inú didùn loni. Mo ti ní ìrírí sorry,positive
ṣe pé ni o Ìbànújẹ bẹ́ẹ̀. you know,negative
Mo ti ní meeting rere. Ọmọde yii jẹ́ like ọlọ́gbọ́n gan. Inú mi dùn pé mo check ọ.,positive
Ẹ̀rọ náà ń ṣiṣẹ́ báyìí.,neutral
meeting ṣeun pupọ office iranlọwọ rẹ.,positive
Ọjọ́ call dara pupọ. Mo ti team ìrírí rere.,positive
Mo ti ní ìrírí rere.,positive
Mi ò fẹ́ràn eyi. Ọkàn mi ń deadline gan-an.,negative
Mo rí ọ ní ọ̀sán. Ẹ̀rọ náà ń meeting báyìí.,neutral
N problem email ohun tí deadline ṣẹlẹ̀. Mo rí ọ deadline ọ̀sán.,neutral
Ẹ̀rọ náà kò ṣiṣẹ́ dáadáa. Ìbànújẹ ni pé o update please O jẹ eniyan ti ko work rara.,negative
Ọkàn mi please rẹ́rù gan-an. O office eniyan ti meeting dara update,negative
issue rẹ̀ dá mi lórí. Mo ti ní ìrírí rere.,positive
Mo ti ní ìrírí rere. Ìfẹ́ email dá mi lórí.,positive
didùn ní Mo loni. lọ Gbogbo ń nkan inú dáadáa.,positive
Mo ti you know ní ìrírí rere.,positive
O ni ẹ̀wà. Ọmọde issue jẹ́ ọlọ́gbọ́n gan.,positive
Gbogbo nkan ń lọ dáadáa.,positive
no kò thank you ohun tí ó ṣẹlẹ̀. Mo yes dé. Ọjọ́ meeting kì í ṣe tó gbóná.,neutral
no ṣeun message fun iranlọwọ okay Mo ní later didùn loni.,positive
Ìfẹ́ rẹ̀ no mi lórí. deadline mi dùn pé mo rí ọ. message ní inú problem loni.,positive
Ọkàn mi ń rẹ́rù problem issue náà kò ṣiṣẹ́ dáadáa. Ìbànújẹ ni pé o ṣe bẹ́ẹ̀.,negative
Ọjọ́ oni support í ṣe tó gbóná.,neutral
Mo team rẹ gan-an. Ìfẹ́ rẹ̀ dá mi problem please oni dara pupọ.,positive
Mo ti ní ìrírí email,positive
Ìbànújẹ ni check team ṣe bẹ́ẹ̀. Eyi ko please no,negative
Ẹ̀rọ náà meeting ṣiṣẹ́ báyìí. problem o pade lọ́la.,neutral
okay ni ẹ̀wà. no thank you pupọ fun iranlọwọ rẹ.,positive
Mo ní ìbànújẹ loni. O jẹ eniyan ti ko dara work Mi team fẹ́ràn urgent,negative
message ni pé o ṣe check,negative
check ko dara rara.,negative
thank you jẹ́ pé ó ń ṣeé ṣe.,neutral
urgent mi ń rẹ́rù gan-an. O jẹ eniyan ti ko dara rara.,negative
Ọmọde yii jẹ́ ọlọ́gbọ́n sorry Mo ti ní ìrírí rere.,positive
Mo rí ọ ní urgent call kò mọ ohun tí ó ṣẹlẹ̀. office wa urgent deadline,neutral
Kò pé rara. office ò fẹ́ràn eyi.,negative
Ẹ̀rọ náà ń ṣiṣẹ́ báyìí.,neutral
Inú mi dùn pé mo rí ọ. Gbogbo nkan ń lọ dáadáa.,positive
A o pade lọ́la. Mo ti dé.,neutral
call ní ìrírí buburu. thank you pé update,negative
check ni ẹ̀wà.,positive
Ohun tí ó ṣẹlẹ̀ kùnà. Eyi ko dara update,negative
Inú mi dùn update office email ọ.,positive
Mo n lọ sí deadline itaja.,neutral
O ni ẹ̀wà. Gbogbo nkan ń lọ dáadáa.,positive
Ẹ̀rọ náà ń ṣiṣẹ́ báyìí.,neutral
Mo ní no sorry,negative
Ẹ̀rọ náà kò ṣiṣẹ́ dáadáa. Eyi ko issue rara. Ọkàn mi sorry rẹ́rù gan-an.,negative
Mo later ọ ní ọ̀sán. Mo update meeting Ọjọ́ oni kì í ṣe yes gbóná.,neutral
ṣẹlẹ̀ Mi fẹ́ràn eyi. yes tí kùnà. ò Ohun,negative
Mo rí ọ ní ọ̀sán. Ẹ email ṣe é ṣàlàyé?,neutral
Ọkàn mi ń issue gan-an. O jẹ eniyan ti ko dara rara.,negative
Eyi ko dara rara. urgent tí deadline ṣẹlẹ̀ kùnà.,negative
Mo later inú didùn loni. Ọmọde sorry jẹ́ ọlọ́gbọ́n office,positive
Mo fẹ́ràn urgent gan-an.,positive
Ìfẹ́ rẹ̀ dá mi later Mo ní inú didùn no Ọjọ́ oni dara pupọ.,positive
yii ń Gbogbo dáadáa. jẹ́ gan. lọ ọlọ́gbọ́n Ọmọde nkan,positive
Mo ti ní ìrírí urgent,positive
O wa ní sorry A o pade lọ́la.,neutral
Mi ò fẹ́ràn email Eyi check dara rara.,negative
Ẹ̀rọ team ń ṣiṣẹ́ báyìí.,neutral
Mo fẹ́ràn rẹ gan-an.,positive
Mo ti ní ìrírí rere. Ọjọ́ oni dara pupọ.,positive
O ṣeun pupọ call iranlọwọ check check yii jẹ́ please gan.,positive
Mo ní ìbànújẹ loni.,negative
Ẹ̀rọ náà ń ṣiṣẹ́ báyìí. Ẹ check ṣe é ṣàlàyé?,neutral
Ọjọ́ oni dara ah pupọ. Inú mi dùn pé mo rí ọ. Gbogbo call team lọ dáadáa.,positive
deadline O work fun iranlọwọ ṣeun rẹ. lọ ń thank you dáadáa.,positive
O ni ẹ̀wà. Ọjọ́ oni sorry pupọ.,positive
Ẹ̀rọ náà ń ṣiṣẹ́ báyìí. Mo n lọ sí ile itaja. Ó jẹ́ hmm pé ó ń work ṣe.,neutral
Kò pé rara. meeting ní ìbànújẹ please Mo ní ìrírí buburu.,negative
Mo ti ní urgent no,positive
Inú mi dùn message mo rí later,positive
Mo ti dé.,neutral
Ọjọ́ oni dara pupọ.,positive
Gbogbo nkan ń lọ dáadáa.,positive
yes call iranlọwọ update Mo pupọ fun rẹ. ṣeun ti office,positive
Mo ní inú didùn sorry,positive
issue pé Kò,negative
update ní ìrírí ah office Mi work fẹ́ràn eyi.,negative
O ni ẹ̀wà. urgent ti ní ìrírí rere. Ìfẹ́ rẹ̀ dá mi lórí.,positive
Ọjọ́ oni kì í ṣe tó gbóná. Mo rí please office ọ̀sán. issue problem ń ṣiṣẹ́ báyìí.,neutral
yes náà kò ṣiṣẹ́ dáadáa. Eyi ko dara rara.,negative
Mo message ọ ní later O wa ní message,neutral
Eyi thank you work rara.,negative
N kò mọ ohun tí ó ṣẹlẹ̀. Ẹ̀rọ náà ń issue báyìí.,neutral
okay ita. thank you ní O wa o pade,neutral
Inú mi dùn pé mo sorry ọ. O office ẹ̀wà.,positive
okay rí ọ ní ọ̀sán. O wa update ita.,neutral
Mo thank you ìrírí buburu. Ìbànújẹ ni pé o ṣe bẹ́ẹ̀.,negative
Ẹ̀rọ náà meeting ṣiṣẹ́ dáadáa.,negative
Mo update ọ ní ọ̀sán. N kò urgent ohun tí ó ṣẹlẹ̀. Mo ti dé.,neutral
O ṣeun pupọ support update rẹ.,positive
Ọjọ́ oni kì later ṣe tó gbóná.,neutral
Mi support fẹ́ràn eyi.,negative
Mo problem dé.,neutral
Mo n support sí ile itaja.,neutral
O issue call yes update dara pupọ.,positive
Ẹ̀rọ email kò ṣiṣẹ́ dáadáa. Mo ní ìrírí buburu.,negative
lọ náà sorry ile call ṣiṣẹ́ okay Ẹ̀rọ check urgent ń,neutral
Mo n you know lọ sí ile itaja.,neutral
Ọmọde yii jẹ́ ọlọ́gbọ́n gan. no fẹ́ràn rẹ urgent,positive
Mi ò fẹ́ràn eyi.,negative
Ọkàn mi ń rẹ́rù gan-an.,negative
Ọkàn mi ń rẹ́rù gan-an. Ohun tí ó ṣẹlẹ̀ kùnà.,negative
O ni ẹ̀wà. meeting fẹ́ràn rẹ gan-an.,positive
Mo fẹ́ràn rẹ gan-an. O ṣeun pupọ problem iranlọwọ meeting,positive
Ọjọ́ yes kì no work tó gbóná. Mo later dé.,neutral
check ò no eyi. Ìbànújẹ ni pé o ṣe bẹ́ẹ̀. Eyi issue okay rara.,negative
O ah check pupọ fun iranlọwọ rẹ.,positive
Ẹ̀rọ náà kò ṣiṣẹ́ dáadáa.,negative
Ọjọ́ oni thank you í no tó gbóná.,neutral
support ní inú didùn loni.,positive
Mo n lọ sorry ile itaja. O wa ní ita. Mo ti dé.,neutral
problem dáadáa. Ọmọde gan. lọ ọlọ́gbọ́n ń Gbogbo yii jẹ́,positive
O ṣeun pupọ fun iranlọwọ rẹ. Gbogbo nkan ń please dáadáa.,positive
ṣiṣẹ́ Mo mi email gan-an. Ẹ̀rọ kò buburu. ń ní rẹ́rù Ọkàn update ìrírí,negative
Ẹ̀rọ náà ń ṣiṣẹ́ báyìí.,neutral
Ọjọ́ work update í ṣe tó work N kò mọ ohun support ó ṣẹlẹ̀.,neutral
Kò no rara. no ò fẹ́ràn sorry,negative
O issue eniyan thank you ko email rara. Eyi ko dara rara.,negative
O wa problem ita. Mo ti dé. Mo meeting lọ sí issue itaja.,neutral
ń Ọkàn rara. dara support rẹ́rù mi ko call,negative
Ọjọ́ oni dara pupọ.,positive
Mo ti ní ìrírí rere.,positive
N kò mọ ohun tí email ṣẹlẹ̀.,neutral
deadline yii jẹ́ ọlọ́gbọ́n gan.,positive
N email mọ ohun tí ó ṣẹlẹ̀. Mo office ọ ní ọ̀sán.,neutral
O ṣeun pupọ fun iranlọwọ ah thank you Inú mi dùn pé mo rí ọ.,positive
Ọjọ́ oni urgent pupọ. Gbogbo nkan ń check dáadáa.,positive
Ohun tí ó later kùnà. Mo ní ìbànújẹ loni. O jẹ eniyan ti ko dara rara.,negative
call ní ìbànújẹ loni.,negative
problem o pade lọ́la. Mo ti dé.,neutral
check yii jẹ́ ọlọ́gbọ́n gan. Gbogbo nkan ń lọ dáadáa. Mo ní work didùn office,positive
check kò mọ ohun tí ó ṣẹlẹ̀.,neutral
Ọkàn mi ń rẹ́rù problem,negative
Mo ní team team,negative
please message eniyan check ko update office,negative
O ṣeun pupọ fun iranlọwọ meeting Gbogbo nkan ń lọ dáadáa.,positive
Mo ní inú didùn loni. Ìfẹ́ rẹ̀ dá mi lórí.,positive
O email urgent fun iranlọwọ rẹ. Gbogbo nkan ń office dáadáa.,positive
N kò meeting ohun tí deadline ṣẹlẹ̀. sorry oni kì í ṣe tó gbóná.,neutral
O ṣeun pupọ email iranlọwọ problem Ìfẹ́ rẹ̀ email mi lórí.,positive
Inú mi dùn pé mo office office O ni ẹ̀wà. yes ti later ìrírí rere.,positive
team mi dùn pé mo rí ọ. Mo check inú didùn loni.,positive
A o pade lọ́la. update rí ọ ní ọ̀sán. you know,neutral
Ó jẹ́ pé ó ń ṣeé ṣe. urgent wa ní hmm ita. Ẹ̀rọ náà ń ṣiṣẹ́ call,neutral
Ọjọ́ oni dara pupọ.,positive
problem ní ìrírí buburu. Ẹ̀rọ náà kò ṣiṣẹ́ dáadáa.,negative
Kò pé rara. Ìbànújẹ ni pé o ṣe bẹ́ẹ̀. work ko dara rara.,negative
Ẹ̀rọ deadline urgent email dáadáa. call ni thank you o ṣe bẹ́ẹ̀.,negative
Ohun tí problem urgent kùnà.,negative
call oni kì í ṣe tó gbóná.,neutral
Ọkàn thank you ń rẹ́rù gan-an. Eyi deadline dara deadline,negative
Ẹ̀rọ náà ń ṣiṣẹ́ báyìí. A o pade lọ́la.,neutral
urgent ni pé message ṣe team,negative
ìrírí ní Mo ti rere.,positive
Ẹ̀rọ náà kò support dáadáa. Kò pé rara.,negative
support thank you mọ ohun okay ó issue Ẹ̀rọ náà ń ṣiṣẹ́ báyìí. Mo rí later ní work,neutral
O ni ẹ̀wà.,positive
O wa no ita.,neutral
please n lọ sí yes itaja. O wa ní ita. N kò mọ ohun sorry ó ṣẹlẹ̀.,neutral
Mo team lọ deadline ile itaja. O wa ní thank you,neutral
problem fẹ́ràn rẹ gan-an. message ní inú didùn no,positive
Mo n lọ sí ile itaja.,neutral
Ó jẹ́ pé ó ń ṣeé later Ọjọ́ team kì í ṣe tó gbóná.,neutral
pé ìbànújẹ Mo ní rara. Kò loni.,negative
Kò pé rara. thank you ò fẹ́ràn eyi.,negative
eh Eyi ko dara thank you,negative
Ọkàn gan-an. sorry mi loni. rẹ́rù ìbànújẹ Mo ń,negative
rara. Kò office,negative
thank you tí ó ṣẹlẹ̀ kùnà. Eyi check dara rara.,negative
Mo call Mo ní ìrírí loni. buburu. ìbànújẹ,negative
O jẹ support ti ko dara rara. Ẹ̀rọ náà call ṣiṣẹ́ office,negative
N later mọ urgent issue ó ṣẹlẹ̀. Ọjọ́ oni kì í ṣe tó gbóná.,neutral
okay work fẹ́ràn eyi.,negative
Ó jẹ́ no ó yes ṣeé ṣe. Mo n no sí ile call N kò mọ ohun tí ó issue,neutral
ní wa deadline ní Mo ọ rí ita. ọ̀sán.,neutral
Inú mi dùn office work okay ọ. Ìfẹ́ rẹ̀ dá thank you lórí.,positive
dá rẹ̀ lórí. message Ìfẹ́,positive
Ó jẹ́ pé ó ń ṣeé ṣe. A yes pade thank you,neutral
A o later lọ́la.,neutral
A o pade lọ́la.,neutral
A deadline pade lọ́la. Mo no ọ ní ọ̀sán. problem jẹ́ pé work ń check ṣe.,neutral
Ọjọ́ oni dara call,positive
Mo ní ìrírí issue Ohun tí ó ṣẹlẹ̀ kùnà.,negative
no yii jẹ́ sorry gan.,positive
Mo ti ní ìrírí rere.,positive
O wa ní ita.,neutral
thank you ní ìbànújẹ issue Mi ò fẹ́ràn eyi.,negative
Mo call ìrírí buburu.,negative
Ẹ̀rọ náà work ṣiṣẹ́ message,negative
update n lọ sí ile call,neutral
O eh wa ní ita.,neutral
Mo ní ìrírí buburu.,negative
gan-an. Mo inú fẹ́ràn update Mo urgent Gbogbo call dáadáa. ń lọ loni. message,positive
Ẹ̀rọ náà issue ṣiṣẹ́ dáadáa. message ní sorry buburu. urgent email ó ṣẹlẹ̀ update,negative
Ohun office ó ṣẹlẹ̀ kùnà. no office kò check dáadáa.,negative
Ẹ̀rọ náà office ṣiṣẹ́ dáadáa. Mo call ìrírí buburu. Ọkàn mi team rẹ́rù gan-an.,negative
Ọmọde email email ọlọ́gbọ́n gan. ah Gbogbo nkan ń lọ dáadáa.,positive
"Ẹ jọ̀ọ́, ṣe é email Ọjọ́ oni team í ṣe tó gbóná.",neutral
message office ṣe é ṣàlàyé?,neutral
A o pade lọ́la.,neutral
N kò mọ urgent thank you update ṣẹlẹ̀. Mo n meeting sí ile support,neutral
email ti work ìrírí rere.,positive
Ẹ̀rọ náà no ṣiṣẹ́ dáadáa. Eyi ko call rara.,negative
call you know ko dara office deadline pé rara.,negative
yes jẹ eniyan ti ko dara rara.,negative
Mo ti ní urgent rere. Mo fẹ́ràn rẹ support Inú mi dùn pé mo rí ọ.,positive
Ẹ̀rọ náà ń ṣiṣẹ́ báyìí. N kò support ohun tí ó ṣẹlẹ̀.,neutral
Ọjọ́ oni kì í ṣe tó gbóná.,neutral
Ohun tí ó ṣẹlẹ̀ kùnà. Mo ní ìrírí buburu. Mi issue sorry eyi.,negative
Eyi check deadline rara. office mi ń meeting gan-an. Mo team ìbànújẹ loni.,negative
ti message ṣeé pé Mo Ó ṣiṣẹ́ Ẹ̀rọ náà ṣe. sorry ó ń jẹ́ ń,neutral
Mo ti ní ìrírí rere. team yii jẹ́ thank you gan.,positive
Eyi ko dara rara.,negative
Ìbànújẹ ni pé o ṣe message Kò message rara.,negative
"jọ̀ọ́, ṣe ṣàlàyé? é Ẹ",neutral
no support support office ọ̀sán. Ọjọ́ yes message office ṣe tó gbóná.,neutral
thank you jẹ eniyan ti ko dara rara. Mo ní ìbànújẹ loni.,negative
Mo ní ìrírí buburu. Ohun tí deadline ṣẹlẹ̀ kùnà. call náà message ṣiṣẹ́ dáadáa.,negative
sorry message Eyi rara.,negative
N yes mọ ohun office ó ṣẹlẹ̀. Ó jẹ́ pé ó ń eh ṣeé ṣe.,neutral
Ó support please ó ń ṣeé ṣe. O wa ní ita.,neutral
Ọjọ́ oni message pupọ. Ìfẹ́ check dá team lórí.,positive
Ìfẹ́ rẹ̀ deadline mi lórí. Mo ti ní sorry rere. issue nkan ń update dáadáa.,positive
Mi ò fẹ́ràn eyi. Ìbànújẹ ni pé o ṣe message,negative
"Ẹ jọ̀ọ́, please issue ṣàlàyé? work o pade lọ́la. okay rí ọ update work",neutral
Mi ò fẹ́ràn eyi. Ohun update ó urgent kùnà.,negative
work ìbànújẹ Mo loni.,negative
"A o urgent lọ́la. okay jọ̀ọ́, ṣe é ṣàlàyé?",neutral
thank you ní update didùn loni. email okay pupọ yes iranlọwọ rẹ.,positive
urgent no email ṣẹlẹ̀ kùnà.,negative
Gbogbo nkan ń lọ dáadáa. O ni yes,positive
gan-an. issue rẹ Mo no jẹ́ problem Ọmọde no,positive
please wa ní ita. Ọjọ́ oni sorry í work tó gbóná.,neutral
Mo n thank you sorry ile itaja. Mo rí message ní ọ̀sán.,neutral
Kò pé rara.,negative
N call mọ ohun tí check ṣẹlẹ̀. thank you o pade support Mo rí ọ ní email,neutral
update mi ń email deadline Ìbànújẹ ni pé o ṣe bẹ́ẹ̀. later ko email sorry,negative
Ọkàn mi ń rẹ́rù gan-an.,negative
Ọjọ́ oni dara pupọ.,positive
Ọjọ́ oni dara pupọ. Gbogbo thank you later lọ dáadáa. meeting ti issue ìrírí rere.,positive
Mo office inú didùn loni. O later check fun iranlọwọ rẹ.,positive
Mo hmm ti call,neutral
Mo n lọ sí ile itaja. Mo no dé.,neutral
O ṣeun pupọ fun iranlọwọ rẹ. Ìfẹ́ rẹ̀ dá sorry lórí.,positive
Kò meeting rara. O jẹ eniyan ti ko dara rara.,negative
okay ṣeun yes fun later rẹ. O urgent ẹ̀wà.,positive
"Ọjọ́ oni kì í ṣe problem check Ẹ jọ̀ọ́, ṣe é ṣàlàyé?",neutral
rí Mo mi didùn ọ. loni. mo no Inú eh dùn pé inú,positive
later ni hmm ẹ̀wà.,positive
Mo fẹ́ràn rẹ gan-an.,positive
"no jọ̀ọ́, ṣe é ṣàlàyé?",neutral
update yii jẹ́ ọlọ́gbọ́n gan. Ọjọ́ oni dara pupọ. Ìfẹ́ rẹ̀ dá mi lórí.,positive
urgent ní ìbànújẹ loni. Mo ní ìrírí work,negative
Ọkàn mi ń rẹ́rù gan-an.,negative
A o pade lọ́la.,neutral
Ọmọde yii jẹ́ please gan.,positive
Mo ti dé. O team ní ita. Ó jẹ́ pé ó ń ṣeé ṣe.,neutral
Mi ò fẹ́ràn eyi. work ni work no ṣe bẹ́ẹ̀.,negative
Inú mi dùn pé mo rí ọ. Gbogbo nkan ń meeting like dáadáa.,positive
Kò office rara.,negative
Mo ti dé.,neutral
O problem problem okay ko support rara.,negative
Ẹ̀rọ náà kò ṣiṣẹ́ dáadáa. O issue eniyan ti ko dara rara. Mi ò fẹ́ràn eyi.,negative
loni. inú Mo ní didùn,positive
Ọjọ́ oni dara pupọ. Mo ti ní thank you rere. O ṣeun pupọ fun team problem,positive
Mo n lọ sí sorry call,neutral
N okay mọ ohun tí please ṣẹlẹ̀.,neutral
Ohun tí ó ṣẹlẹ̀ kùnà.,negative
ń thank you update gan-an. mi Ìbànújẹ check pé rẹ́rù support bẹ́ẹ̀.,negative
Ọjọ́ thank you dara pupọ. Mo fẹ́ràn rẹ gan-an.,positive
O wa team ita.,neutral
O jẹ eniyan ti ko dara rara.,negative
"ah email jọ̀ọ́, no é ṣàlàyé? check email dé.",neutral
message mi dùn pé mo rí no,positive
Ẹ̀rọ sorry ń ṣiṣẹ́ báyìí. please n lọ sí ile itaja. Ọjọ́ oni okay í ṣe tó gbóná.,neutral
message urgent dé. N kò mọ ohun tí ó ṣẹlẹ̀.,neutral
Ọjọ́ oni dara pupọ. Mo ti ní ìrírí rere. Inú mi dùn pé mo rí issue,positive
ní Mo rara. check dara buburu. ìrírí please,negative
Ẹ̀rọ náà ń ṣiṣẹ́ báyìí. A team pade lọ́la. eh,neutral
later rí update ní you know call Mo n yes sí ile okay,neutral
Mo ní inú problem loni.,positive
Mi ò fẹ́ràn later O jẹ eniyan ti ko dara issue Ẹ̀rọ náà problem office dáadáa.,negative
Ohun tí ó ṣẹlẹ̀ kùnà. O urgent eniyan ti ko dara rara. Kò pé rara.,negative
Ohun tí ó support kùnà. O deadline eniyan ti ko dara rara. Eyi office dara rara.,negative
Mo call inú didùn loni. Gbogbo nkan message lọ dáadáa.,positive
A ah o pade lọ́la. Mo n lọ sí ile itaja. Ó deadline pé okay ń ṣeé ṣe.,neutral
Ìbànújẹ ni pé o ṣe bẹ́ẹ̀. O jẹ eniyan later ko urgent rara.,negative
urgent urgent you know office sorry báyìí.,neutral
Ẹ̀rọ náà kò ṣiṣẹ́ dáadáa. problem ní ìbànújẹ loni.,negative
Mo sorry ìrírí please O jẹ eniyan ti ko dara rara. Mo ní meeting loni.,negative
Ìfẹ́ rẹ̀ dá mi lórí. O ṣeun pupọ fun iranlọwọ rẹ.,positive
"Ẹ jọ̀ọ́, ṣe team ṣàlàyé? Mo rí ọ ní ọ̀sán. Mo later lọ team ile itaja.",neutral
Ìbànújẹ ni pé support problem bẹ́ẹ̀. Kò pé rara. O jẹ eniyan ti ko dara rara.,negative
ṣe. ti jẹ́ ó ṣeé Ó Mo ń pé call,neutral
Ẹ̀rọ problem no ṣiṣẹ́ dáadáa.,negative
Mo ní ìbànújẹ no email ní ìrírí buburu.,negative
thank you dùn rí ọ. pé mi Inú,positive
Mo ní ìbànújẹ call,negative
Mo ti dé. N kò mọ ohun tí ó message,neutral
Kò office rara. O jẹ eniyan ti ko no rara. Ẹ̀rọ náà kò ṣiṣẹ́ dáadáa.,negative
Mo fẹ́ràn rẹ gan-an. Ọmọde yii jẹ́ support issue,positive
ohun mọ kò eh email ó ṣẹlẹ̀. no,neutral
O jẹ eniyan ti support dara rara.,negative
Ó support okay ó ń ṣeé ṣe.,neutral
Ọjọ́ oni meeting í ṣe tó gbóná. A please pade lọ́la.,neutral
Mo loni. inú thank you didùn,positive
Ìfẹ́ rẹ̀ dá mi lórí. Mo office rẹ gan-an.,positive
okay o A ṣiṣẹ́ ń ṣeé ń náà jẹ́ okay pé lọ́la. Ó Ẹ̀rọ pade ṣe.,neutral
update ti ní eh ìrírí rere. Ọmọde yii jẹ́ ọlọ́gbọ́n gan. Gbogbo nkan thank you lọ dáadáa.,positive
Inú mi team pé eh mo rí ọ. Mo yes message ìrírí rere.,positive
O jẹ eniyan ti ko dara rara. Mi ò fẹ́ràn problem,negative
Ìfẹ́ later dá mi lórí.,positive
O wa ní ita.,neutral
A o email lọ́la. update okay issue í ṣe tó gbóná. Mo meeting call,neutral
work ò email eyi. Ọkàn mi team rẹ́rù gan-an. update pé rara.,negative
"O wa ní ita. Ẹ jọ̀ọ́, ṣe é ṣàlàyé? email oni kì í like ṣe tó gbóná.",neutral
thank you ní ìrírí urgent Eyi ko dara rara. O later eniyan ti later dara rara.,negative
Mo ti dé. Ẹ work ṣe é ṣàlàyé? A o pade check,neutral
Ìbànújẹ ni pé team ṣe bẹ́ẹ̀.,negative
Mo support ìrírí buburu.,negative
"A o pade lọ́la. Ẹ jọ̀ọ́, ṣe check ṣàlàyé?",neutral
O you know ni ẹ̀wà. work rẹ̀ dá mi lórí.,positive
Eyi ko meeting rara. Mo ní ìbànújẹ loni. Kò pé rara.,negative
Mo ti ní ìrírí rere.,positive
Ọjọ́ later kì í okay tó gbóná. Mo sorry lọ sí ile itaja.,neutral
Inú mi urgent pé work rí ọ.,positive
Mo ní ìrírí buburu.,negative
call issue ṣe é call N update mọ ohun tí team ṣẹlẹ̀.,neutral
Eyi ko dara rara. problem ní please loni.,negative
Mi ò fẹ́ràn eyi. Mo ní ìrírí buburu. O please eniyan ti work dara rara.,negative
jẹ́ gan-an. Ọmọde office later work ọlọ́gbọ́n gan. issue,positive
O jẹ call ti ko dara rara. Kò pé rara.,negative
Ó jẹ́ pé you know ó ń ṣeé ṣe. A o pade lọ́la.,neutral
O ni ẹ̀wà. Mo ní inú didùn loni. Mo ti no ìrírí rere.,positive
Eyi ah ko dara rara.,negative
update check mi lórí. Ìfẹ́,positive
Eyi ko dara rara.,negative
A call pade lọ́la. N kò mọ ohun tí ó ṣẹlẹ̀. sorry ti dé.,neutral
Gbogbo nkan ń no dáadáa. Ọmọde yii jẹ́ ọlọ́gbọ́n gan. Ọjọ́ oni dara check,positive
jẹ́ wa sí ṣe. ile urgent Ó work pé O ita. ó ní lọ call urgent ṣeé,neutral
O wa ní ita. Ọjọ́ oni thank you í ṣe tó gbóná.,neutral
Ìbànújẹ ni email o okay bẹ́ẹ̀. Kò pé rara.,negative
Inú mi dùn pé mo rí ọ. Ọmọde yii jẹ́ ọlọ́gbọ́n gan. O later ẹ̀wà.,positive
pé Ó later ó call no jẹ́,neutral
team rí ọ ní ọ̀sán.,neutral
Ìfẹ́ rẹ̀ dá mi lórí.,positive
Ohun tí ó ṣẹlẹ̀ kùnà. Mo ní sorry loni. Kò pé rara.,negative
Ọjọ́ oni dara pupọ.,positive
ṣẹlẹ̀. kò ó N tí ohun mọ,neutral
A o thank you lọ́la.,neutral
ah Eyi ko dara rara.,negative
check náà ń ṣiṣẹ́ báyìí.,neutral
Mo urgent inú didùn loni. deadline mi dùn pé mo rí ọ.,positive
Ọjọ́ oni dara pupọ.,positive
Ọjọ́ team later pupọ. Ọmọde yii jẹ́ office gan.,positive
Ọjọ́ oni kì í okay sorry gbóná.,neutral
Gbogbo nkan dáadáa. ń lọ,positive
check later ní ìrírí rere.,positive
O wa ní ita.,neutral
Eyi ko dara rara.,negative
Mo ní ìbànújẹ email Ẹ̀rọ náà kò ṣiṣẹ́ dáadáa.,negative
Ó work pé ó no issue ṣe. Mo rí check ní ọ̀sán. Ọjọ́ oni kì í ṣe tó gbóná.,neutral
Mo ní ìrírí buburu. Kò pé ah rara.,negative
Ọjọ́ oni no í ṣe tó gbóná.,neutral
"work n lọ sí ile itaja. Ẹ jọ̀ọ́, ṣe é ṣàlàyé?",neutral
Ẹ̀rọ náà no ṣiṣẹ́ báyìí.,neutral
okay rẹ̀ dá mi message,positive
Mo ní ìbànújẹ loni.,negative
Eyi ko dara rara. Ìbànújẹ ni deadline o ṣe bẹ́ẹ̀. Mo problem yes buburu.,negative
O wa thank you ita.,neutral
update náà kò ṣiṣẹ́ dáadáa.,negative
O ni message,positive
Ẹ̀rọ náà ń ṣiṣẹ́ báyìí.,neutral
office ṣeun pupọ fun iranlọwọ rẹ. Ìfẹ́ rẹ̀ dá later team,positive
Inú message deadline pé work okay ọ. update ṣeun pupọ fun iranlọwọ rẹ. Ìfẹ́ rẹ̀ eh dá mi lórí.,positive
Mo ti ní team rere. Gbogbo team deadline lọ dáadáa. Mo ní inú didùn loni.,positive
O wa ní ita.,neutral
O ṣeun pupọ later iranlọwọ rẹ. later yii jẹ́ email gan.,positive
A o pade lọ́la. Mo rí ọ ní ọ̀sán.,neutral
Ọkàn mi ń later gan-an.,negative
Inú meeting dùn okay mo rí no,positive
Mo n lọ sí hmm ile itaja. email náà ń ṣiṣẹ́ báyìí. check kò mọ ohun thank you ó no,neutral
O wa no ita.,neutral
O ni ẹ̀wà. Ìfẹ́ rẹ̀ dá mi team,positive
yes jẹ eniyan ti ko dara rara. email tí ó okay kùnà. Ẹ̀rọ náà kò ṣiṣẹ́ dáadáa.,negative
O wa thank you ita. A check pade lọ́la.,neutral
Ọjọ́ yes kì í support tó gbóná. O wa meeting ita. call kò mọ ohun tí ó ṣẹlẹ̀.,neutral
urgent nkan ń work dáadáa.,positive
Mo eh office dé.,neutral
O jẹ eniyan ti ko dara work,negative
message o please lọ́la.,neutral
message ṣeun pupọ fun iranlọwọ rẹ. Mo ti ní ìrírí rere.,positive
Ohun no ó ṣẹlẹ̀ kùnà. Mi ò fẹ́ràn support,negative
O check pupọ fun iranlọwọ rẹ. work mi dùn pé mo yes ọ.,positive
team ṣeun pupọ fun support okay,positive
O deadline eniyan problem ko dara hmm rara.,negative
Ọkàn deadline ń rẹ́rù gan-an. Mo message call okay,negative
Mo n ah lọ sí ile itaja. Mo rí ọ issue ọ̀sán.,neutral
message sorry fẹ́ràn eyi.,negative
"Ó jẹ́ pé later ń ṣeé ṣe. Ẹ jọ̀ọ́, ṣe call ṣàlàyé? N kò mọ ohun tí ó ṣẹlẹ̀.",neutral
Mo ní inú didùn loni.,positive
Mo ní ìbànújẹ loni. Ohun tí ó team office,negative
O ṣeun deadline work sorry rẹ.,positive
Kò pé rara. Ẹ̀rọ náà kò ṣiṣẹ́ dáadáa.,negative
Inú mi dùn pé mo rí ọ. problem ṣeun thank you fun yes deadline Gbogbo nkan sorry lọ dáadáa.,positive
Ohun tí ó ṣẹlẹ̀ kùnà. Kò pé rara.,negative
Mo ti ní ìrírí rere. Inú mi please pé mo rí ọ. O ṣeun pupọ fun iranlọwọ rẹ.,positive
Mo ní ìbànújẹ loni.,negative
Mi ò fẹ́ràn yes Ẹ̀rọ náà kò ṣiṣẹ́ dáadáa.,negative
Ìbànújẹ ni pé deadline please bẹ́ẹ̀. Mo ní ìbànújẹ later,negative
Inú mi dùn pé mo rí ah ọ. O ṣeun pupọ fun update problem,positive
Ọjọ́ oni email í ṣe tó okay O wa ní ita.,neutral
email message ìrírí buburu.,negative
Mo call lọ sí ile itaja.,neutral
O wa ní ita. Mo rí ọ later ọ̀sán.,neutral
Mo fẹ́ràn rẹ gan-an. deadline nkan ń lọ message,positive
Mo ní ìrírí call Mi support fẹ́ràn eyi.,negative
thank you no ó okay kùnà. Mo ní ìrírí buburu. check náà check ṣiṣẹ́ dáadáa.,negative
Mo ní ìbànújẹ loni.,negative
Mi ò message later,negative
Inú mi dùn urgent mo rí office Ọmọde yii email ọlọ́gbọ́n gan. Ọjọ́ support call pupọ.,positive
Mo yes work sí ile itaja. Mo ti dé. Ó jẹ́ problem ó ń ṣeé deadline,neutral
Ọkàn mi ń rẹ́rù gan-an. Ohun tí ó ṣẹlẹ̀ kùnà.,negative
okay ò fẹ́ràn eyi.,negative
Ọkàn meeting gan-an. ń mi,negative
Ìfẹ́ rẹ̀ call mi lórí. Mo ti ní ìrírí rere.,positive
O jẹ eniyan ti ko dara support,negative
O urgent pupọ fun iranlọwọ rẹ. ah check nkan email lọ dáadáa.,positive
Mo rí please ní ọ̀sán. O problem ní ita.,neutral
Ọjọ́ oni no pupọ.,positive
meeting jẹ́ pé ó ń ṣeé ṣe. Mo ti dé.,neutral
Ọkàn mi ń meeting gan-an. Ẹ̀rọ náà kò ṣiṣẹ́ dáadáa.,negative
Mo issue rẹ gan-an.,positive
O wa ní ita. email n lọ sí ile itaja.,neutral
dáadáa. pé ní bẹ́ẹ̀. o Ẹ̀rọ ni problem office kò náà update ṣe Ìbànújẹ ṣiṣẹ́,negative
Inú mi dùn pé problem rí ọ. Mo ní inú didùn loni.,positive
ah issue mi sorry please gan-an.,negative
please tí ó message kùnà. Ẹ̀rọ náà kò ṣiṣẹ́ dáadáa. Ọkàn mi ń rẹ́rù gan-an.,negative
Ìbànújẹ ni pé o ṣe bẹ́ẹ̀.,negative
Ọkàn mi like ń rẹ́rù please Ohun tí ó ṣẹlẹ̀ kùnà. Kò pé rara.,negative
Mo ní ìrírí okay Mi ò fẹ́ràn eyi. Mo ní ìbànújẹ loni.,negative
Inú problem dùn pé mo rí ọ. O ṣeun pupọ call iranlọwọ rẹ. Gbogbo nkan ń lọ dáadáa.,positive
Ohun tí ó ṣẹlẹ̀ kùnà. meeting jẹ eniyan later ko dara urgent,negative
office rí email ní sorry,neutral
O ni ẹ̀wà.,positive
Mo issue rẹ gan-an.,positive
Mo message dé. Mo n lọ meeting ile itaja. Mo rí ọ meeting ọ̀sán.,neutral
Ẹ̀rọ team ń ṣiṣẹ́ báyìí.,neutral
deadline ní inú didùn loni. Ọjọ́ oni dara email,positive
Ìfẹ́ thank you dá mi lórí. Mo fẹ́ràn no gan-an.,positive
Inú mi dùn pé mo rí ọ.,positive
Ohun tí ó ṣẹlẹ̀ kùnà. sorry please please rẹ́rù gan-an. Kò work rara.,negative
Ẹ̀rọ náà urgent ṣiṣẹ́ báyìí. update rí ọ ní email N kò mọ ohun deadline ó ṣẹlẹ̀.,neutral
"Ẹ jọ̀ọ́, ṣe é ṣàlàyé? like Ẹ̀rọ náà ń ṣiṣẹ́ báyìí.",neutral
O jẹ eniyan meeting ko dara rara. Kò pé update Ọkàn mi ń sorry gan-an.,negative
team thank you work ṣẹlẹ̀ kùnà. email email problem loni. yes ko dara rara.,negative
Kò pé rara. Ìbànújẹ ni pé o work bẹ́ẹ̀.,negative
O ṣeun pupọ fun iranlọwọ rẹ.,positive
N kò mọ ohun deadline ó later A o update team O wa urgent ita.,neutral
ní ìbànújẹ later Mo buburu. Mo loni. ìrírí,negative
Ọjọ́ oni kì í ṣe tó meeting thank you message ní ita. A o pade lọ́la.,neutral
deadline o pade lọ́la.,neutral
Mo ti ní ìrírí no Mo fẹ́ràn rẹ okay,positive
Ìfẹ́ rẹ̀ dá mi email,positive
support oni kì í ṣe tó gbóná.,neutral
office ni ẹ̀wà.,positive
Mo n lọ sí ile itaja. Ọjọ́ oni kì í ṣe office gbóná. Ó jẹ́ pé ó ń ṣeé ṣe.,neutral
Ìfẹ́ work dá mi lórí. Mo fẹ́ràn rẹ gan-an. check issue dara pupọ.,positive
message ò support deadline O jẹ eniyan ti okay dara rara.,negative
Mi ò fẹ́ràn eyi. team ní ìrírí buburu.,negative
update jẹ eniyan ti okay please rara.,negative
team ni pé urgent ṣe bẹ́ẹ̀. Mo ní support loni.,negative
Ó sorry pé ó ń ṣeé ṣe. A o pade lọ́la. Ọjọ́ oni kì í ṣe tó gbóná.,neutral
"Ẹ jọ̀ọ́, ṣe é ṣàlàyé?",neutral
Ọkàn problem ń sorry gan-an. Eyi ko dara rara.,negative
Ọkàn mi ń rẹ́rù gan-an. Ohun tí ó ṣẹlẹ̀ kùnà.,negative
O message ní ita.,neutral
Ọjọ́ oni dara call email rẹ̀ dá mi lórí. Mo fẹ́ràn call like gan-an.,positive
O ni call meeting ṣeun office fun iranlọwọ rẹ.,positive
yes no ń ṣiṣẹ́ báyìí.,neutral
"please jẹ́ pé ó ń ṣeé ṣe. Ẹ jọ̀ọ́, ṣe problem issue yes wa ní ita.",neutral
no jẹ eniyan ti meeting dara call Mi ò fẹ́ràn eyi. Mo ní ìrírí buburu.,negative
Mo ní inú didùn loni. Mo okay rẹ gan-an. Ìfẹ́ rẹ̀ dá mi lórí.,positive
O jẹ eniyan issue ko dara eh rara. Mo ní ìrírí buburu.,negative
Ọmọde yii jẹ́ ọlọ́gbọ́n gan.,positive
Mo ti dé.,neutral
Ọjọ́ oni kì message ṣe tó gbóná.,neutral
"Ẹ jọ̀ọ́, ṣe é no",neutral
O ni ẹ̀wà. Ọjọ́ oni dara pupọ. team ti ní ìrírí rere.,positive
support message pupọ fun iranlọwọ rẹ. Mo thank you inú didùn issue Mo ti call ìrírí rere.,positive
náà meeting kì dé. ti í Mo please ń tó Ẹ̀rọ ṣe ṣiṣẹ́ deadline gbóná.,neutral
O team team fun iranlọwọ rẹ.,positive
meeting jẹ eniyan ti ko dara rara. Ohun tí ó ṣẹlẹ̀ kùnà.,negative
Mo ní ìrírí buburu. Ọkàn office ń rẹ́rù gan-an. sorry jẹ eniyan ti ko dara work,negative
Mi ò fẹ́ràn meeting no ní ìrírí buburu.,negative
Mo n lọ sí ile itaja. Mo rí problem ní ọ̀sán.,neutral
call ní ìbànújẹ okay Mi ò issue eyi.,negative
Mo no ìrírí buburu. O jẹ eniyan ti ko dara rara.,negative
Gbogbo nkan ń lọ dáadáa.,positive
Inú mi email pé mo update ọ. Ìfẹ́ okay dá sorry lórí.,positive
Ọkàn mi ń rẹ́rù gan-an. Ohun tí urgent office meeting,negative
Ọmọde work like thank you ọlọ́gbọ́n gan.,positive
okay ti dé.,neutral
dé. Mo ti,neutral
Ìfẹ́ rẹ̀ dá mi lórí. Gbogbo office ń lọ you know dáadáa.,positive
Ẹ̀rọ náà kò ṣiṣẹ́ dáadáa. Eyi ko thank you rara. meeting mi ń rẹ́rù issue,negative
"update jọ̀ọ́, team é ṣàlàyé? Ó jẹ́ pé ó ń ṣeé ṣe.",neutral
"email o pade no Ẹ jọ̀ọ́, ṣe é ṣàlàyé?",neutral
O jẹ yes office problem dara rara.,negative
Ohun tí message ṣẹlẹ̀ okay Kò pé rara.,negative
"ṣàlàyé? ṣe jọ̀ọ́, message ń ṣiṣẹ́ báyìí. é Ẹ náà",neutral
Mo work dé. Ọjọ́ oni kì please ṣe issue gbóná. Mo please lọ sí ile itaja.,neutral
Mo n lọ support ile itaja.,neutral
thank you okay ah office ohun tí ó ṣẹlẹ̀.,neutral
Ìfẹ́ rẹ̀ dá mi lórí. Ọmọde yii jẹ́ ọlọ́gbọ́n gan.,positive
thank you o pade lọ́la. email jẹ́ issue ó ń office okay later kò support ohun tí ó ṣẹlẹ̀.,neutral
Inú mi dùn pé mo rí ọ. Mo ní inú didùn loni.,positive
Mo ní ìrírí buburu. Ìbànújẹ ni pé call ṣe bẹ́ẹ̀.,negative
Ó thank you pé ó ń call ṣe. Ẹ̀rọ work deadline ṣiṣẹ́ báyìí.,neutral
Mo rí deadline ní ọ̀sán. A o meeting lọ́la.,neutral
Ẹ̀rọ náà ń ṣiṣẹ́ báyìí. Mo rí team sorry sorry message oni kì í call tó gbóná.,neutral
Mo ti ní deadline rere.,positive
Inú mi dùn later mo rí ọ.,positive
Ẹ̀rọ support check ṣiṣẹ́ please,negative
support please inú didùn office yes email ẹ̀wà. Gbogbo nkan ń lọ dáadáa.,positive
work issue Mo deadline rí Inú ọ. urgent ní mi dùn ìrírí,positive
Mo ní ìrírí buburu.,negative
Ọkàn deadline check rẹ́rù gan-an.,negative
Ọmọde yii jẹ́ ọlọ́gbọ́n email Gbogbo nkan ń lọ dáadáa.,positive
Mo work ní ìrírí rere.,positive
ò Mo fẹ́ràn ìrírí message Mo eyi. ní ní Mi loni. support,negative
O wa ní work,neutral
Ọmọde yii jẹ́ ọlọ́gbọ́n gan. Ìfẹ́ work dá mi lórí.,positive
no yes pé o ṣe no meeting náà no ṣiṣẹ́ dáadáa.,negative
O ṣeun pupọ fun iranlọwọ problem support ní inú ah didùn meeting,positive
Gbogbo work team please dáadáa. Inú mi dùn pé mo rí ọ.,positive
meeting issue pé o ah ṣe bẹ́ẹ̀.,negative
Ọjọ́ office you know dara pupọ. Mo update rẹ gan-an.,positive
office ni pé o support issue,negative
issue kò team ohun tí ó ṣẹlẹ̀. Ó office pé work problem ṣeé problem,neutral
Mo ti ní sorry rere. O ṣeun pupọ deadline iranlọwọ rẹ.,positive
A o pade lọ́la.,neutral
message ṣeun pupọ okay iranlọwọ rẹ. Inú mi dùn thank you mo rí ọ.,positive
A o pade lọ́la.,neutral
O ni ẹ̀wà. Mo ti ní ìrírí rere.,positive
O yes office Gbogbo nkan ń lọ dáadáa.,positive
update yii jẹ́ ọlọ́gbọ́n gan. later deadline inú yes loni.,positive
Mo rí no ní ọ̀sán.,neutral
message náà ń ṣiṣẹ́ báyìí. A o work lọ́la.,neutral
urgent problem ó ṣẹlẹ̀ meeting Ọkàn mi ń rẹ́rù gan-an.,negative
Mo support dé. Ó problem pé ó ń ṣeé ṣe.,neutral
Mo ní inú didùn loni.,positive
Mo ní inú didùn loni.,positive
team issue no,negative
Inú mi dùn deadline mo rí ọ.,positive
Ọmọde yii call issue team Mo urgent inú didùn loni.,positive
Mo ní call buburu.,negative
Ẹ̀rọ náà ń ṣiṣẹ́ báyìí. O update ní ita.,neutral
O ṣeun work fun iranlọwọ rẹ. Ìfẹ́ rẹ̀ dá mi lórí.,positive
rere. ní rí mo ọ. Inú sorry issue dùn ti Mo pé,positive
N kò later ohun please ó meeting problem ti dé.,neutral
O ṣeun pupọ fun iranlọwọ rẹ. Mo ní eh inú didùn loni.,positive
email ni pé o ṣe work,negative
Mo ní ìrírí buburu.,negative
Ọjọ́ oni kì í ṣe tó gbóná. Ẹ̀rọ náà ń ṣiṣẹ́ báyìí. Ẹ no ṣe later ṣàlàyé?,neutral
Ìfẹ́ meeting yes message lórí. Mo fẹ́ràn rẹ office,positive
O ṣeun check fun deadline rẹ. Mo ní inú didùn check O ni ẹ̀wà.,positive
gan-an. team mi eh rẹ́rù email,negative
O ni ẹ̀wà. Mo ní problem update loni. Inú mi support pé mo rí office,positive
ẹ̀wà. Mo O oni Ọjọ́ pupọ. dara ní ìrírí ti ni rere.,positive
Ọkàn mi ń rẹ́rù work Ohun tí ó ṣẹlẹ̀ kùnà.,negative
call n lọ deadline ile itaja. deadline ti dé.,neutral
Ẹ̀rọ náà kò ṣiṣẹ́ dáadáa.,negative
Ọmọde yii jẹ́ ọlọ́gbọ́n gan. Inú please dùn pé mo rí ọ. Mo ní inú urgent loni.,positive
O jẹ eniyan ti ko dara rara. Kò urgent rara.,negative
Ọmọde problem jẹ́ ọlọ́gbọ́n issue,positive
"support jọ̀ọ́, ṣe é ṣàlàyé? Ó jẹ́ later ó support ṣeé ṣe. Ẹ̀rọ náà ń no call",neutral
Ohun tí ó ṣẹlẹ̀ office Ìbànújẹ issue pé o deadline work Ọkàn mi ń rẹ́rù gan-an.,negative
Ẹ̀rọ náà kò ṣiṣẹ́ dáadáa. Eyi ko dara office O call eniyan message ko dara email,negative
Ìfẹ́ rẹ̀ yes mi lórí. Mo update yes ìrírí rere.,positive
Mo ní hmm ìrírí buburu. Kò pé rara.,negative
Mo n lọ sí ile itaja.,neutral
Ọkàn mi ń rẹ́rù update,negative
A o pade lọ́la.,neutral
Ẹ̀rọ eh náà sorry sorry dáadáa.,negative
Mo message call email Ìbànújẹ ni pé o ṣe bẹ́ẹ̀.,negative
office ni email o eh ṣe bẹ́ẹ̀.,negative
you know Inú thank you dùn thank you email rí ọ.,positive
Mo ti ní ìrírí rere.,positive
call urgent office ṣẹlẹ̀ kùnà. Eyi ko dara call yes pé rara.,negative
issue rẹ̀ dá mi lórí. please nkan ń lọ dáadáa. support ni ẹ̀wà.,positive
Ọmọde yii sorry ọlọ́gbọ́n gan.,positive
A o pade lọ́la. Ẹ̀rọ náà ń ṣiṣẹ́ báyìí.,neutral
Ọjọ́ Mo work fẹ́ràn rẹ dara pupọ. gan-an.,positive
O issue eniyan ti ko okay rara. Ohun problem ó ṣẹlẹ̀ kùnà.,negative
Ẹ̀rọ náà kò ṣiṣẹ́ dáadáa. Kò pé rara. issue ko dara rara.,negative
ko sorry call rara. ti jẹ eniyan,negative
Ìbànújẹ ni pé o ṣe okay,negative
thank you wa email ita. Ọjọ́ oni kì í ṣe tó gbóná.,neutral
Mo please ọ̀sán. rí n ile team ọ ní sí lọ,neutral
Ìfẹ́ rẹ̀ dá mi sorry Mo fẹ́ràn rẹ gan-an.,positive
update dáadáa. Ẹ̀rọ email ní náà message ṣiṣẹ́ loni.,negative
Ẹ̀rọ náà sorry ṣiṣẹ́ please,negative
"Mo team ọ ní ọ̀sán. issue náà ń ṣiṣẹ́ báyìí. Ẹ jọ̀ọ́, ṣe support email",neutral
Ẹ̀rọ náà ń email báyìí. Ó jẹ́ pé ó team ṣeé ṣe.,neutral
"meeting no ọ ní ọ̀sán. Ẹ jọ̀ọ́, ṣe é issue",neutral
Ọjọ́ oni kì no office tó gbóná. Ó jẹ́ pé ó problem email ṣe. A o pade lọ́la.,neutral
"Ẹ jọ̀ọ́, ṣe é ṣàlàyé?",neutral
sorry rí pé yes ọ. mo dùn,positive
update fẹ́ràn rẹ gan-an.,positive
thank you jẹ eniyan ti ko dara check Ìbànújẹ ni pé o no bẹ́ẹ̀.,negative
no Mo team rí call,neutral
Ìbànújẹ call pé o work bẹ́ẹ̀. team ní ìbànújẹ loni.,negative
Gbogbo nkan ń lọ dáadáa. O ṣeun pupọ fun iranlọwọ rẹ. update ti support sorry rere.,positive
Ọjọ́ oni kì í update sorry problem Ó jẹ́ pé thank you ń ṣeé no,neutral
N kò mọ ohun tí problem team Mo ti dé.,neutral
Mo ti please ìrírí rere.,positive
O later ní later N kò mọ ohun tí ó ṣẹlẹ̀.,neutral
Mo ní support didùn loni. Mo yes later gan-an.,positive
call rẹ̀ deadline support team O ṣeun pupọ fun hmm iranlọwọ okay Mo ní inú didùn loni.,positive
Gbogbo nkan office lọ urgent O ṣeun pupọ fun problem rẹ.,positive
ní ti inú yii Ọmọde rere. ọlọ́gbọ́n gan. loni. ní Mo team email Mo didùn,positive
Kò pé meeting Ìbànújẹ ni pé o ṣe thank you Eyi ko dara rara.,negative
Mo deadline dé. N kò mọ call tí message ṣẹlẹ̀. Mo n lọ update ile itaja.,neutral
Eyi email dara rara. O jẹ eniyan ti update dara rara.,negative
Ọjọ́ oni dara email,positive
Ẹ̀rọ náà kò ṣiṣẹ́ dáadáa. Mi ò fẹ́ràn eyi.,negative
email náà issue no báyìí. Mo ti dé.,neutral
email tí ó ṣẹlẹ̀ kùnà.,negative
Ìfẹ́ rẹ̀ dá check lórí. work ní inú update deadline,positive
Gbogbo nkan ń lọ dáadáa. Mo ní inú didùn check Inú mi dùn pé mo rí ọ.,positive
Ìfẹ́ rẹ̀ dá mi lórí.,positive
Mo rí please ní ọ̀sán.,neutral
Inú issue eh dùn pé email rí ọ. Ìfẹ́ no no problem lórí. Ọjọ́ oni dara pupọ.,positive
Gbogbo nkan later thank you dáadáa. team urgent pupọ fun iranlọwọ rẹ. problem mi work pé mo rí ọ.,positive
O ni ẹ̀wà. Ọmọde yii no ọlọ́gbọ́n gan.,positive
inú ní loni. thank you O Mo didùn ẹ̀wà.,positive
call yii jẹ́ ọlọ́gbọ́n gan.,positive
Mo n lọ sí ile itaja. Ó jẹ́ sorry ó ń team ṣe. O wa ní ita.,neutral
Kò pé rara. check ni pé o ṣe meeting message ko dara rara.,negative
Inú mi dùn please mo rí ọ.,positive
Ẹ̀rọ náà kò ṣiṣẹ́ dáadáa. deadline ní yes support,negative
team call iranlọwọ pupọ fun O,positive
like sorry sorry inú message loni. Mo ti ní ìrírí rere. Ọjọ́ oni meeting pupọ.,positive
Mo ní inú didùn loni. Mo work ní message rere.,positive
Ẹ̀rọ okay kò deadline dáadáa. Ìbànújẹ ni pé o ṣe bẹ́ẹ̀. Mo ní ìrírí buburu.,negative
Eyi ko office email Mi ò fẹ́ràn team,negative
N kò mọ office tí ó ṣẹlẹ̀. Mo n sorry sí problem itaja.,neutral
Mo ní ìrírí buburu.,negative
Mo ní ìbànújẹ urgent Ìbànújẹ ni pé o urgent bẹ́ẹ̀.,negative
Mo ní no didùn loni. Mo like fẹ́ràn rẹ gan-an. sorry urgent ẹ̀wà.,positive
O jẹ eniyan ti ko dara rara. Mo ní ìrírí buburu.,negative
thank you ní inú no loni. Ìfẹ́ rẹ̀ please mi call,positive
Mo issue ìrírí buburu.,negative
"Ẹ jọ̀ọ́, ṣe deadline ṣàlàyé?",neutral
yes oni kì í ṣe tó gbóná.,neutral
Mi ò fẹ́ràn eyi. hmm,negative
O wa ní ita. Ó call no ó ń ṣeé ṣe.,neutral
Ìfẹ́ rẹ̀ dá mi lórí.,positive
Eyi ko dara rara.,negative
A o pade check work rí ọ ní please,neutral
yes like kò mọ ohun tí ó ṣẹlẹ̀. Mo rí ọ ní urgent,neutral
thank you ní ìbànújẹ loni.,negative
Mo fẹ́ràn rẹ later,positive
Ẹ̀rọ náà ń ṣiṣẹ́ deadline,neutral
Mo problem okay loni. please tí ó ṣẹlẹ̀ kùnà.,negative
O ni ẹ̀wà.,positive
urgent problem pé ó ń ṣeé ṣe. hmm,neutral
work jẹ́ pé message ń ṣeé ṣe. Mo ti dé. deadline work pade lọ́la.,neutral
Ẹ̀rọ náà kò ṣiṣẹ́ dáadáa.,negative
meeting nkan ń lọ dáadáa.,positive
team thank you inú update loni.,positive
Eyi ko dara rara.,negative
Mo n lọ sí ile support,neutral
Ìbànújẹ sorry pé o ṣe bẹ́ẹ̀. Eyi ko email rara.,negative
Mo rí ọ ní ọ̀sán.,neutral
"Ẹ jọ̀ọ́, ṣe é ṣàlàyé? N kò mọ ohun tí ó ṣẹlẹ̀.",neutral
Mi ò fẹ́ràn eyi. Eyi ko update rara.,negative
Mo ní ìrírí buburu.,negative
"problem oni kì í ṣe tó gbóná. A o deadline lọ́la. okay jọ̀ọ́, okay é ṣàlàyé?",neutral
Ọmọde yii jẹ́ ọlọ́gbọ́n gan. O ṣeun pupọ fun iranlọwọ rẹ.,positive
bẹ́ẹ̀. Ẹ̀rọ ní loni. Ìbànújẹ ṣiṣẹ́ ni pé ìbànújẹ check náà kò o later dáadáa.,negative
Ẹ̀rọ náà kò ṣiṣẹ́ dáadáa.,negative
iranlọwọ jẹ́ call O rẹ. ṣeun Ọmọde gan. team hmm fun pupọ,positive
A work later lọ́la. Mo work dé.,neutral
Mo ní ìbànújẹ loni. Ọkàn work ń rẹ́rù yes Ohun tí ó ṣẹlẹ̀ kùnà.,negative
please email kì í ṣe tó gbóná.,neutral
rara. Kò pé,negative
Ẹ̀rọ náà meeting ṣiṣẹ́ dáadáa. Ohun tí ó yes kùnà. Kò pé rara.,negative
N kò mọ ohun work ó ṣẹlẹ̀.,neutral
A o pade office,neutral
Mi ò fẹ́ràn eyi.,negative
please office pupọ fun iranlọwọ rẹ.,positive
O call ẹ̀wà. thank you email rẹ no Mo ní inú check loni.,positive
O ṣeun pupọ message iranlọwọ rẹ.,positive
Ọjọ́ oni dara pupọ.,positive
update work ṣe é support,neutral
Mo please ọ ní ọ̀sán. check náà ń ṣiṣẹ́ báyìí.,neutral
Mi ò fẹ́ràn eyi. O later eniyan yes ko dara rara. check náà email ṣiṣẹ́ dáadáa.,negative
okay oni dara pupọ. O please ẹ̀wà.,positive
"Ẹ jọ̀ọ́, ṣe team meeting yes no ọ ní ọ̀sán.",neutral
Inú mi dùn pé meeting rí ọ. Mo fẹ́ràn rẹ gan-an. Ọjọ́ oni work meeting,positive
O please ah ẹ̀wà.,positive
ń báyìí. ṣiṣẹ́ Ẹ̀rọ support,neutral
Eyi ko dara update,negative
Ohun tí ó ṣẹlẹ̀ kùnà. later ko dara check,negative
O ni ẹ̀wà.,positive
okay ti dé. Ó check pé ó ń ṣeé ṣe.,neutral
O wa ní ita. A thank you pade lọ́la.,neutral
Inú mi dùn issue later rí ọ. Ìfẹ́ check check urgent lórí.,positive
check no check mi lórí. team ṣeun pupọ fun iranlọwọ rẹ.,positive
Mo ní ìbànújẹ deadline O no call ti ko dara rara. Ohun tí ó deadline kùnà.,negative
problem jẹ́ pé ó ń email work Ọjọ́ call kì í ṣe tó message,neutral
Mo ní inú didùn loni. Mo fẹ́ràn rẹ gan-an.,positive
you know Mo ní call didùn loni.,positive
Ìfẹ́ rẹ̀ thank you mi thank you Mo fẹ́ràn rẹ gan-an. Ọmọde yii jẹ́ ọlọ́gbọ́n gan.,positive
Ọmọde yii jẹ́ ọlọ́gbọ́n gan. yes oni dara pupọ.,positive
ní ọ̀sán. ń jẹ́ pé Ó rí Mo thank you ó ṣe. ṣeé,neutral
Ìfẹ́ office dá mi lórí. Inú mi dùn pé yes thank you ọ. Mo ti ní ìrírí update,positive
Gbogbo thank you sorry deadline ń,positive
Ọjọ́ oni kì email ṣe tó gbóná.,neutral
Ohun tí message call meeting Ẹ̀rọ náà sorry ṣiṣẹ́ dáadáa. Eyi ko dara rara.,negative
Mi ò fẹ́ràn eyi.,negative
Mo ní ìrírí buburu. Ọkàn no ń rẹ́rù gan-an.,negative
A meeting pade lọ́la. later kò mọ ohun tí ó thank you,neutral
"problem jọ̀ọ́, ṣe é ṣàlàyé? N kò mọ ohun tí hmm ó ṣẹlẹ̀.",neutral
Mo ti ní ìrírí rere.,positive
Ó team pé ó ń ṣeé ṣe. Mo rí thank you ní ọ̀sán. Ẹ please ṣe é ṣàlàyé?,neutral
Ohun tí ó ṣẹlẹ̀ kùnà.,negative
"Ẹ jọ̀ọ́, deadline meeting ṣàlàyé?",neutral
O check pupọ meeting iranlọwọ issue Mo fẹ́ràn rẹ problem,positive
Mo rí ọ ní ọ̀sán.,neutral
later check ń problem gan-an.,negative
email tí ó ṣẹlẹ̀ kùnà. Eyi ko dara rara.,negative
O jẹ office ti ko okay rara.,negative
thank you ṣiṣẹ́ like kò thank you Ẹ̀rọ,negative
Mi ò fẹ́ràn issue support mi message yes gan-an.,negative
no support ń rẹ́rù thank you Ohun tí ó ṣẹlẹ̀ kùnà. Ẹ̀rọ support kò work dáadáa.,negative
Ó check pé ó ń ṣeé ṣe. Ẹ̀rọ náà ń ṣiṣẹ́ báyìí.,neutral
later later jẹ́ later gan. Ìfẹ́ rẹ̀ dá mi lórí.,positive
Mo ní ìrírí buburu.,negative
"Mo problem support ní ọ̀sán. Ẹ jọ̀ọ́, ṣe é ṣàlàyé?",neutral
Mo ní meeting please Ìbànújẹ no pé yes ṣe deadline Ọkàn mi deadline rẹ́rù gan-an.,negative
Mo n lọ sí email itaja.,neutral
ń Ọkàn rẹ́rù gan-an. work,negative
"A o pade lọ́la. Ẹ jọ̀ọ́, ṣe é ṣàlàyé?",neutral
Mo ti dé. Ẹ̀rọ náà ń ṣiṣẹ́ no,neutral
Eyi ko dara message team náà kò ṣiṣẹ́ dáadáa.,negative
Kò support rara.,negative
Gbogbo nkan ń problem dáadáa.,positive
Mo ní inú didùn loni. O ni ẹ̀wà.,positive
O problem ẹ̀wà. eh,positive
N kò mọ ohun tí no ṣẹlẹ̀. O wa ní ita.,neutral
issue o pade lọ́la. Ọjọ́ oni kì í ṣe tó gbóná.,neutral
no rí ọ ní team,neutral
Mo n lọ sí ile itaja. Ó jẹ́ deadline ó check ṣeé ṣe. Mo ti dé.,neutral
Ọmọde yii jẹ́ ọlọ́gbọ́n gan. deadline oni dara pupọ.,positive
Mi ò fẹ́ràn eyi. update mi ń rẹ́rù gan-an.,negative
Mo n lọ sí ile itaja. support kò mọ later tí support ṣẹlẹ̀. Mo ti dé.,neutral
no náà ń ṣiṣẹ́ báyìí.,neutral
like O ni ẹ̀wà. Ìfẹ́ later dá mi lórí.,positive
ń ṣiṣẹ́ Ẹ̀rọ báyìí. náà,neutral
"Ẹ jọ̀ọ́, ṣe é ṣàlàyé? Ó call pé deadline ń yes ṣe.",neutral
Mo n lọ sí ile itaja. issue jẹ́ pé call ń ṣeé ṣe. Ọjọ́ oni kì í ṣe tó gbóná.,neutral
Inú mi dùn pé mo rí ọ. Ọmọde yii deadline like ọlọ́gbọ́n yes,positive
Mo ní inú didùn meeting thank you yii jẹ́ ọlọ́gbọ́n gan.,positive
Ọjọ́ oni message pupọ. Ìfẹ́ rẹ̀ dá mi lórí. O ṣeun pupọ fun iranlọwọ rẹ.,positive
Ọmọde yii jẹ́ later gan.,positive
you know O office ní ita.,neutral
Mi ò fẹ́ràn eyi. Ohun tí sorry ṣẹlẹ̀ kùnà. Eyi ko dara rara.,negative
Mo yes lọ sí ile itaja.,neutral
Ọjọ́ oni call problem ṣe tó gbóná.,neutral
Gbogbo urgent ń message dáadáa.,positive
team ni office o ṣe message,negative
"support jọ̀ọ́, issue é ṣàlàyé?",neutral
Mo later later sí ile meeting,neutral
O ni ẹ̀wà. Ọjọ́ oni thank you pupọ. Mo team inú problem loni.,positive
Mo please dé. Ọjọ́ oni kì í ṣe tó gbóná. Ẹ̀rọ work ń sorry báyìí.,neutral
Mo ti ní ìrírí rere. Ọjọ́ oni dara pupọ.,positive
Mo fẹ́ràn rẹ gan-an.,positive
"Ẹ jọ̀ọ́, yes é ṣàlàyé? deadline jẹ́ pé ó ń ṣeé ṣe.",neutral
work ò fẹ́ràn eyi.,negative
no ìbànújẹ ní support later Mo loni. kùnà. like tí,negative
check rẹ̀ dá mi lórí.,positive
O urgent ẹ̀wà. Ọmọde yii jẹ́ ọlọ́gbọ́n message Ìfẹ́ rẹ̀ dá yes lórí.,positive
Ìfẹ́ rẹ̀ dá mi lórí.,positive
Mo later ìrírí buburu. Ohun tí ó ṣẹlẹ̀ later Kò pé rara.,negative
Ìbànújẹ ni later o thank you update Ẹ̀rọ náà kò ṣiṣẹ́ dáadáa. Kò pé please,negative
Ọmọde yii jẹ́ work gan. Inú update dùn pé mo message ọ.,positive
Ó thank you pé message ń ṣeé ṣe.,neutral
Mo ní ìbànújẹ loni. Ìbànújẹ yes pé email ṣe bẹ́ẹ̀. O message message ti call dara rara.,negative
A o pade lọ́la.,neutral
O wa ní ita. team n call sí ile itaja.,neutral
Ìfẹ́ meeting dá mi sorry Gbogbo nkan ń lọ dáadáa.,positive
Ó jẹ́ pé ó ń issue ṣe.,neutral
Mi ò fẹ́ràn hmm eyi.,negative
Ọjọ́ support later team Mo update inú didùn loni. O ni team,positive
Ẹ̀rọ náà ń ṣiṣẹ́ báyìí.,neutral
Mo thank you ọ ní ọ̀sán.,neutral
N office mọ ohun tí ó ṣẹlẹ̀.,neutral
like Ìbànújẹ ni pé o ṣe bẹ́ẹ̀. Ẹ̀rọ náà please ṣiṣẹ́ dáadáa.,negative
Mo ní office didùn loni.,positive
Mo ní inú didùn loni. Ọjọ́ oni sorry problem,positive
Ìfẹ́ issue no mi lórí. Gbogbo nkan ń lọ dáadáa. Mo fẹ́ràn rẹ gan-an.,positive
Ọkàn mi ń rẹ́rù gan-an. Kò pé rara. O jẹ team ti ko dara meeting,negative
Ọmọde yii jẹ́ check gan. Gbogbo yes ń deadline dáadáa. no ní inú didùn loni.,positive
Ìfẹ́ rẹ̀ office mi call deadline fẹ́ràn rẹ gan-an. Mo issue ní ìrírí rere.,positive
team pé call Ọkàn mi ń rẹ́rù gan-an. no ko dara rara.,negative
Ọmọde work call ọlọ́gbọ́n gan.,positive
N kò ah mọ ohun tí ó ṣẹlẹ̀. Ẹ̀rọ náà ń later báyìí. Mo ti office,neutral
Mo ní ìrírí buburu. Ọkàn mi ń rẹ́rù please,negative
Ẹ̀rọ problem ń ṣiṣẹ́ báyìí. Ọjọ́ oni kì í ṣe tó gbóná.,neutral
Ọjọ́ oni kì í ṣe tó gbóná. A o yes office Mo issue issue sí ile itaja.,neutral
"Ó jẹ́ pé ó ń ṣeé work Ẹ̀rọ náà ń ṣiṣẹ́ báyìí. Ẹ jọ̀ọ́, ṣe é ṣàlàyé?",neutral
N kò team ohun tí ó ṣẹlẹ̀.,neutral
Ẹ̀rọ náà ń message okay Mo n lọ sí ile itaja.,neutral
Ọjọ́ meeting issue pupọ. Mo fẹ́ràn rẹ gan-an.,positive
o ṣe support bẹ́ẹ̀. pé work,negative
issue jẹ eniyan ti ko dara rara. Ohun tí ó call thank you,negative
Mo ní ìbànújẹ loni. Ìbànújẹ problem pé o ṣe bẹ́ẹ̀.,negative
check sí Ọjọ́ Ẹ̀rọ báyìí. ṣiṣẹ́ team call team issue oni náà office n message check ń tó,neutral
Ọjọ́ oni dara pupọ. Ọmọde yii jẹ́ ọlọ́gbọ́n please,positive
Ẹ̀rọ náà kò ṣiṣẹ́ dáadáa. Mi ò fẹ́ràn eyi.,negative
Ohun tí sorry thank you kùnà. Ọkàn mi ń problem update,negative
Ọmọde yii jẹ́ support gan.,positive
Ohun deadline ó ṣẹlẹ̀ kùnà. Ọkàn mi okay check gan-an.,negative
message message ń team dáadáa. Mo fẹ́ràn rẹ gan-an. sorry ni ẹ̀wà.,positive
pade lọ́la. o A,neutral
support ṣeun pupọ fun iranlọwọ rẹ.,positive
no náà ń ṣiṣẹ́ báyìí. O wa urgent ita. Mo n lọ sí ile itaja.,neutral
Ẹ̀rọ náà ń ṣiṣẹ́ báyìí. A o pade lọ́la. Mo n yes sí message itaja.,neutral
ah Ẹ̀rọ no email ṣiṣẹ́ dáadáa. Eyi ko dara rara.,negative
ko fẹ́ràn eyi. Eyi ò Mi rara. dara,negative
A o pade lọ́la. Mo later lọ sí ile itaja. urgent jẹ́ pé ó ń ṣeé ṣe.,neutral
Mo rí ọ later ọ̀sán.,neutral
Mo ti dé. Ọjọ́ oni office í ṣe tó gbóná.,neutral
Ọkàn sorry ń rẹ́rù gan-an.,negative
Mo ní inú didùn loni.,positive
O jẹ eniyan ti thank you dara rara.,negative
Mo ní ìrírí support,negative
O ni ẹ̀wà.,positive
thank you mi dùn pé mo issue ọ. Mo ní inú didùn loni.,positive
Eyi ko dara rara.,negative
Mo ní inú didùn no Inú mi dùn pé urgent rí ọ.,positive
dá rẹ̀ mi lórí. Ìfẹ́,positive
yes ò yes email Eyi ko dara rara.,negative
Ìbànújẹ ni pé o ṣe deadline Ọkàn message ń rẹ́rù gan-an. Ẹ̀rọ náà kò urgent dáadáa.,negative
Ọmọde later jẹ́ ọlọ́gbọ́n gan.,positive
O jẹ okay ti please dara rara. Mo ní ìbànújẹ work,negative
Gbogbo eh nkan ń lọ dáadáa.,positive
Ẹ̀rọ náà no ṣiṣẹ́ email Mi urgent fẹ́ràn eyi. Ìbànújẹ ni office o ṣe bẹ́ẹ̀.,negative
"Mo office lọ sí ile itaja. Ẹ jọ̀ọ́, ṣe é ṣàlàyé?",neutral
O ṣeun message later iranlọwọ rẹ. Mo call ní ìrírí rere. Inú mi dùn pé mo rí deadline,positive
Mo ní ìrírí buburu. O team eniyan ti ko dara support,negative
later jẹ́ pé support ń ṣeé check,neutral
O jẹ later ti ko no sorry Mi ò fẹ́ràn message Ìbànújẹ ni pé support ṣe bẹ́ẹ̀.,negative
Eyi ko dara rara. Kò pé meeting,negative
O ni thank you Mo ní inú didùn loni.,positive
O wa ní yes N kò sorry later tí ó okay,neutral
Ó jẹ́ pé ó ń ṣeé later Ọjọ́ oni kì í ṣe issue gbóná.,neutral
team message ìrírí team please rí thank you Inú work Ìfẹ́ mi mi ọ. update ní rere. pé,positive
O wa ní ita. N thank you mọ ohun tí no ṣẹlẹ̀.,neutral
Inú mi dùn work mo rí ọ. Mo ní inú didùn loni. Ọjọ́ oni dara pupọ.,positive
update n lọ sí ile itaja. Mo rí urgent ní ọ̀sán.,neutral
Ìbànújẹ ni pé o ṣe bẹ́ẹ̀.,negative
Inú mi dùn pé mo rí ọ. Mo fẹ́ràn rẹ gan-an.,positive
call jẹ eniyan support check thank you rara.,negative
Mi ò fẹ́ràn eyi.,negative
Mo ní inú didùn loni.,positive
call tí ó issue kùnà.,negative
A o pade lọ́la. N office mọ ohun tí ó ṣẹlẹ̀. Ẹ̀rọ náà ń check báyìí.,neutral
Ọjọ́ oni kì í update tó gbóná. O wa ní ita.,neutral
A o pade lọ́la.,neutral
Inú mi check pé mo rí ọ. Ọjọ́ oni dara pupọ.,positive
check ko dara rara. Mi work no eyi.,negative
support oni kì í ṣe tó gbóná.,neutral
please yii jẹ́ ọlọ́gbọ́n gan. urgent ni ẹ̀wà. Ìfẹ́ rẹ̀ dá mi lórí.,positive
N kò mọ ohun okay ó ṣẹlẹ̀. sorry n email sí ile itaja.,neutral
"Ẹ jọ̀ọ́, ṣe é check Ẹ̀rọ team ń later báyìí.",neutral
Ọjọ́ oni dara pupọ. Mo ti ní ìrírí problem,positive
Ohun team deadline ṣẹlẹ̀ kùnà. Eyi ko dara rara.,negative
Inú mi dùn pé mo rí ọ. O message problem fun iranlọwọ rẹ.,positive
Ọjọ́ oni support pupọ. Ọmọde yii jẹ́ deadline gan.,positive
"message rí ọ ní ọ̀sán. work jọ̀ọ́, ṣe work ṣàlàyé?",neutral
"Ẹ jọ̀ọ́, ṣe é ṣàlàyé?",neutral
Mo ní ìrírí buburu. Ohun tí ó ṣẹlẹ̀ kùnà.,negative
Ọjọ́ oni dara pupọ. Gbogbo team ń no dáadáa. update fẹ́ràn message gan-an.,positive
ko Ọkàn eniyan rẹ́rù rara. jẹ mi dara problem sorry issue ń,negative
Kò work ò eyi. pé Mi fẹ́ràn,negative
Mo ní ìbànújẹ loni. Kò pé rara. Ẹ̀rọ náà kò ṣiṣẹ́ dáadáa.,negative
Mo rí ọ ní ọ̀sán. Mo n please sí sorry itaja.,neutral
O ṣeun check fun iranlọwọ rẹ. Ọjọ́ ah oni dara pupọ.,positive
Mo ní ah ìbànújẹ loni.,negative
yes mi dùn team sorry rí ọ.,positive
Ẹ yes ṣe update ṣàlàyé? Mo okay thank you ní ọ̀sán.,neutral
Ọkàn mi ń rẹ́rù gan-an.,negative
"call jọ̀ọ́, work é call",neutral
Mo ní office call,negative
Mo ní eh ìrírí buburu. Ìbànújẹ ni later o ṣe bẹ́ẹ̀.,negative
Ẹ̀rọ náà ń ṣiṣẹ́ please Mo n lọ sí ile update hmm N kò office ohun email ó ṣẹlẹ̀.,neutral
Mo fẹ́ràn rẹ deadline Ìfẹ́ rẹ̀ dá mi lórí. Gbogbo nkan ń lọ thank you,positive
Ìbànújẹ ni pé o ṣe bẹ́ẹ̀. Eyi ko dara rara.,negative
email oni issue í ṣe tó gbóná. thank you náà ń ṣiṣẹ́ urgent,neutral
O jẹ later ti ko dara rara.,negative
dùn dara Ọjọ́ Inú rí mi pé sorry ọ. message pupọ.,positive
O ni support Gbogbo nkan ń lọ dáadáa.,positive
kò ọ tí o ohun team A office check ó ṣẹlẹ̀. lọ́la. rí N ní Mo,neutral
Mo ti dé.,neutral
Ọkàn mi ń rẹ́rù gan-an.,negative
sorry ti later ìrírí rere.,positive
please meeting work issue Ẹ,neutral
Ọmọde yii jẹ́ ọlọ́gbọ́n gan.,positive
Inú mi dùn pé office rí ọ. O no ẹ̀wà.,positive
Ìfẹ́ rẹ̀ mi pupọ. Mo Ọjọ́ fẹ́ràn call lórí. dá rẹ oni dara,positive
Ọmọde problem jẹ́ ọlọ́gbọ́n gan. Ọjọ́ oni dara problem Mo ní inú didùn loni.,positive
Ọjọ́ oni kì í ṣe tó gbóná. thank you o pade lọ́la. Mo n lọ please ile itaja. like,neutral
Mo ti ní ìrírí check support ṣeun later meeting iranlọwọ yes,positive
O ṣeun pupọ fun call rẹ. O ni ẹ̀wà. Ọjọ́ oni dara pupọ.,positive
"issue jọ̀ọ́, ṣe é ṣàlàyé?",neutral
Ó jẹ́ pé ó ń ṣeé sorry Ọjọ́ oni work í ṣe thank you gbóná.,neutral
Kò pé problem Ohun tí ó ṣẹlẹ̀ kùnà.,negative
Ẹ̀rọ náà ń ṣiṣẹ́ báyìí.,neutral
work ti ní ìrírí yes Mo ní inú didùn loni.,positive
O jẹ eniyan sorry ko dara rara.,negative
thank you tí ó ṣẹlẹ̀ kùnà.,negative
update tí ó ṣẹlẹ̀ work Eyi ko dara rara.,negative
please ò fẹ́ràn eyi.,negative
o later work bẹ́ẹ̀. ṣe ìrírí Ìbànújẹ ní ni Mo,negative
Mi ò fẹ́ràn eyi. team ko dara thank you,negative
problem tí email ṣẹlẹ̀ kùnà.,negative
problem team fẹ́ràn eyi. Kò pé support,negative
Ọmọde yii jẹ́ check gan.,positive
Ọmọde update jẹ́ ọlọ́gbọ́n gan.,positive
Ọjọ́ work kì please ṣe tó gbóná. Mo n lọ sí support itaja.,neutral
Ọjọ́ oni kì í ṣe tó gbóná. N kò problem ohun tí ó ṣẹlẹ̀. Mo n update sí ile itaja.,neutral
no eh pé rara. Mo email ìbànújẹ okay,negative
Ìfẹ́ message dá mi lórí. Ọjọ́ oni dara pupọ.,positive
Ó no pé yes ń ṣeé team,neutral
thank you ni message o team message,negative
"Ọjọ́ thank you kì í ṣe please gbóná. A o pade lọ́la. Ẹ jọ̀ọ́, ṣe é yes",neutral
Eyi ko urgent rara.,negative
loni. you know ìbànújẹ ní support,negative
Mo urgent lọ sí ile itaja.,neutral
A o pade lọ́la. ah urgent kò mọ ohun tí ó ṣẹlẹ̀.,neutral
Inú mi dùn pé no rí problem,positive
thank you tí ó ṣẹlẹ̀ kùnà. yes ní ìbànújẹ loni.,negative
okay message pupọ fun iranlọwọ rẹ. Gbogbo nkan sorry please dáadáa.,positive
ó ṣẹlẹ̀. ohun kò mọ tí N ah,neutral
Ẹ̀rọ sorry kò ṣiṣẹ́ message,negative
Mo n lọ sí ile no,neutral
kì oni tó Ó pé later ṣe í ń okay gbóná. ó ṣe. Ọjọ́,neutral
Ìfẹ́ rẹ̀ dá mi later please mi support pé mo rí no,positive
please ọ. rí mi dùn support mo,positive
Inú mi dùn pé mo rí ọ. Ìfẹ́ rẹ̀ yes mi lórí. O ṣeun pupọ fun office rẹ.,positive
loni. Ohun team ṣẹlẹ̀ kùnà. Ọkàn rẹ́rù ìbànújẹ gan-an. ń ní mi Mo ó,negative
A o pade lọ́la.,neutral
Eyi problem dara rara. O jẹ eniyan ti email issue rara.,negative
Ohun tí ó ṣẹlẹ̀ later,negative
N kò mọ sorry tí no ṣẹlẹ̀.,neutral
email ò fẹ́ràn thank you,negative
Mo okay hmm ọ ní ọ̀sán.,neutral
Ọjọ́ oni kì í ṣe tó gbóná. Mo rí ọ ní urgent,neutral
Ọmọde yii yes ọlọ́gbọ́n no O ṣeun pupọ fun iranlọwọ rẹ.,positive
Gbogbo thank you ń lọ dáadáa. Mo yes rẹ gan-an.,positive
Mo ti dé. ah Ó jẹ́ pé sorry message ṣeé ṣe.,neutral
Ọkàn mi ń check gan-an.,negative
Mo ní inú didùn loni.,positive
Ọmọde yii jẹ́ ọlọ́gbọ́n gan. call mi issue pé mo rí ọ.,positive
yes pé rara. Mi ò call eyi.,negative
Mo ní ìbànújẹ loni. Eyi ko dara rara.,negative
Ọkàn mi ń rẹ́rù gan-an. Mo ní ìbànújẹ loni.,negative
A check pade lọ́la. Ẹ̀rọ office okay ṣiṣẹ́ báyìí.,neutral
deadline you know ò fẹ́ràn eyi.,negative
Mo ní ìrírí buburu.,negative
Ẹ̀rọ náà kò team dáadáa. Mo office urgent loni.,negative
O wa ní ita. N kò mọ ohun issue ó ṣẹlẹ̀.,neutral
O ṣeun pupọ fun iranlọwọ email,positive
Mo update no O wa ní ita. Ẹ̀rọ náà ń ṣiṣẹ́ báyìí.,neutral
Ohun tí deadline ṣẹlẹ̀ kùnà. Eyi ko dara okay email ò fẹ́ràn eyi.,negative
Eyi ko okay rara. Ọkàn mi ń rẹ́rù please,negative
Ẹ thank you ṣe later ṣàlàyé? N please mọ ohun tí ó sorry,neutral
N kò update ohun team ó ṣẹlẹ̀. O wa ní ita.,neutral
Mi update call eyi.,negative
O ṣeun pupọ fun iranlọwọ rẹ.,positive
Ọjọ́ oni meeting pupọ. Gbogbo problem ń lọ dáadáa. Mo ní inú didùn loni.,positive
Ọmọde deadline jẹ́ ọlọ́gbọ́n gan.,positive
Eyi ko dara rara. Ìbànújẹ thank you pé email ṣe bẹ́ẹ̀. Mi ò fẹ́ràn eyi.,negative
Ọjọ́ oni kì í ṣe message gbóná. Mo n lọ sí ile itaja.,neutral
Mo deadline inú didùn loni. O ni ẹ̀wà.,positive
Ọmọde yii jẹ́ ọlọ́gbọ́n gan.,positive
pé Kò buburu. ní rara. email check,negative
Mo meeting rẹ gan-an.,positive
O ṣeun pupọ fun thank you rẹ. Mo ti ní ìrírí rere.,positive
Ìbànújẹ ni pé o ṣe bẹ́ẹ̀. Eyi ko dara rara.,negative
Ọjọ́ oni dara pupọ. Mo ní hmm inú didùn loni.,positive
Ọmọde yii jẹ́ ọlọ́gbọ́n gan. Inú mi dùn pé mo rí ọ.,positive
Mo thank you ìbànújẹ loni.,negative
email oni thank you í ṣe okay gbóná. A update pade lọ́la.,neutral
Mo ti dé. Ó jẹ́ pé ó call ṣeé ṣe.,neutral
Mo fẹ́ràn later work Inú mi dùn pé mo rí ọ.,positive
Ó sorry pé urgent ń ṣeé ṣe. O wa ní ita. Ẹ̀rọ náà ń ṣiṣẹ́ báyìí.,neutral
later work ń lọ dáadáa.,positive
Mo ní ìbànújẹ loni. Kò pé rara.,negative
Mo ní call call loni. Ọjọ́ oni dara pupọ.,positive
eh yes yes O ita.,neutral
kò N ó ṣẹlẹ̀. problem okay ohun,neutral
rere. ìrírí ti ní Mo,positive
Mo rí ọ ní ọ̀sán. meeting oni kì í team tó gbóná. Mo ti update,neutral
urgent mi ń rẹ́rù gan-an. Ìbànújẹ ni email check ṣe please,negative
O ni ẹ̀wà. Gbogbo nkan urgent lọ work Ọjọ́ oni dara pupọ.,positive
Mo fẹ́ràn deadline gan-an. email call dá problem lórí.,positive
Ọjọ́ oni kì no ṣe tó gbóná. Ó jẹ́ pé no ń ṣeé no thank you náà ń ṣiṣẹ́ báyìí.,neutral
O email ẹ̀wà.,positive
didùn loni. inú work ní,positive
fun eh office iranlọwọ ṣeun rẹ. pupọ,positive
Kò pé rara. Mi ò fẹ́ràn meeting,negative
Inú team dùn pé mo rí update O ṣeun pupọ fun iranlọwọ rẹ.,positive
Mo fẹ́ràn rẹ office,positive
O wa ní ita. Ẹ please ṣe é ṣàlàyé? ah,neutral
ah O ni ẹ̀wà.,positive
message okay pé check ń ṣeé ṣe. meeting wa ní ita.,neutral
Inú email dùn pé mo rí ọ. Mo ní inú didùn problem no call call ọlọ́gbọ́n gan.,positive
email yii jẹ́ ọlọ́gbọ́n gan. Mo fẹ́ràn rẹ gan-an.,positive
"Ẹ jọ̀ọ́, ṣe é office Ẹ̀rọ náà ń please báyìí.",neutral
Mo sorry dé.,neutral
Mo ní ìbànújẹ loni. Ẹ̀rọ náà kò ṣiṣẹ́ check,negative
Mo deadline ní ìrírí rere. Inú mi dùn yes mo rí ọ.,positive
A okay team lọ́la. support deadline okay ní ọ̀sán.,neutral
Mo ní inú didùn issue,positive
Mo ti ní ìrírí rere.,positive
Mo ti yes ìrírí rere. Gbogbo nkan ń lọ office Inú mi dùn sorry mo rí ọ.,positive
"Ẹ jọ̀ọ́, ṣe é ṣàlàyé?",neutral
Ọjọ́ yes kì í ṣe email gbóná. Mo no lọ sí ile problem A o pade no,neutral
Mi ò fẹ́ràn eyi.,negative
Mo rí ọ ní meeting,neutral
Mo ti ah problem ìrírí rere.,positive
Ìfẹ́ rẹ̀ thank you mi lórí. Mo fẹ́ràn rẹ gan-an.,positive
Mo ti dé.,neutral
Mo ti dé.,neutral
please wa ní ita.,neutral
Mi ò email eyi.,negative
please problem gan-an. update mi rí Mo deadline pupọ mo deadline Inú meeting dùn O yes rẹ.,positive
Ẹ̀rọ náà eh kò check dáadáa.,negative
O ṣeun pupọ fun iranlọwọ rẹ.,positive
Kò pé rara.,negative
Mo ní inú didùn loni. Inú mi dùn pé mo rí ọ.,positive
Ó jẹ́ pé issue ń ṣeé ṣe.,neutral
Ohun tí ó ṣẹlẹ̀ kùnà.,negative
Gbogbo ìrírí ń lọ dáadáa. deadline ọlọ́gbọ́n nkan sorry problem jẹ́ ní call ti rere.,positive
O wa ní support urgent o pade lọ́la.,neutral
"Ẹ jọ̀ọ́, ṣe é ṣàlàyé?",neutral
Ìbànújẹ ni office o ṣe team Eyi ko dara rara.,negative
work urgent ìbànújẹ loni. office tí ó ṣẹlẹ̀ please,negative
ni call later ẹ̀wà. hmm dùn rí pé sorry Inú mi,positive
Mo fẹ́ràn rẹ no,positive
Ìfẹ́ rẹ̀ dá mi lórí.,positive
O jẹ eniyan ti yes office rara. Kò pé issue,negative
Mo check inú didùn loni.,positive
Ó jẹ́ pé ó ń ṣeé ṣe.,neutral
Ìbànújẹ ni pé sorry ṣe bẹ́ẹ̀.,negative
support nkan ń lọ dáadáa. sorry ni meeting,positive
update ti team Ìfẹ́ support urgent ìrírí Mo mi lórí.,positive
O wa ní ita.,neutral
Mo ní inú didùn loni.,positive
problem nkan ń lọ dáadáa.,positive
O thank you pupọ message iranlọwọ rẹ. Mo ti ní yes rere.,positive
O wa ní ita.,neutral
Ọjọ́ you know oni urgent pupọ. Gbogbo nkan ń lọ dáadáa.,positive
Inú mi work pé mo sorry check please team inú didùn update,positive
Ẹ̀rọ náà ń ṣiṣẹ́ báyìí.,neutral
Mo rí ọ ní ọ̀sán. Mo ti dé.,neutral
urgent ní inú issue loni. Inú mi ah dùn pé email message ọ. Ìfẹ́ rẹ̀ dá mi lórí.,positive
Ìbànújẹ ni team o ṣe bẹ́ẹ̀. Ẹ̀rọ deadline deadline check dáadáa.,negative
Mo rí check email ọ̀sán. Mo sorry lọ sí call itaja.,neutral
Ó jẹ́ pé ó ń ṣeé ṣe. O wa ní ita.,neutral
Mo ti dé.,neutral
Ẹ̀rọ náà deadline ṣiṣẹ́ báyìí. please ti urgent,neutral
Ìbànújẹ ni meeting o later bẹ́ẹ̀.,negative
O jẹ eniyan ti okay dara rara.,negative
call check pupọ fun iranlọwọ sorry,positive
Eyi ko check problem Ẹ̀rọ náà kò ṣiṣẹ́ sorry,negative
Ọkàn mi ń rẹ́rù gan-an.,negative
rara. Kò pé,negative
Kò pé rara.,negative
O meeting eniyan ti ko dara rara. Ọkàn mi ń rẹ́rù gan-an.,negative
Mo thank you later sí sorry itaja. N kò mọ ohun work check ṣẹlẹ̀. O no ní ita.,neutral
Mo ti no ìrírí rere.,positive
later jẹ eniyan ti email dara meeting work tí ó team kùnà. Mo ní no support,negative
Ọkàn message ń rẹ́rù eh gan-an.,negative
meeting oni dara pupọ. Mo fẹ́ràn rẹ gan-an. Mo ti ní ìrírí rere.,positive
A o pade lọ́la. N kò mọ ohun tí team email,neutral
N kò email problem issue ó ṣẹlẹ̀. Ó jẹ́ meeting ó ń ṣeé ṣe.,neutral
Ọjọ́ oni dara email O ni work,positive
urgent rí ọ okay ọ̀sán.,neutral
meeting ní ìbànújẹ yes Ohun tí ó ṣẹlẹ̀ problem Eyi ko dara rara.,negative
Mo ní deadline loni. Ọkàn mi please rẹ́rù gan-an.,negative
message ni pé o deadline bẹ́ẹ̀. please pé rara.,negative
Mo n lọ sí ile itaja. Ọjọ́ oni kì í ṣe update gbóná.,neutral
Ẹ̀rọ náà kò ṣiṣẹ́ dáadáa.,negative
Inú mi dùn pé mo rí ọ.,positive
ìrírí rere. okay issue ti,positive
deadline wa office ita. deadline ti dé.,neutral
"Ẹ̀rọ yes ti ṣiṣẹ́ ṣe Mo sorry jọ̀ọ́, Ẹ é ń office dé.",neutral
Mo problem ìbànújẹ loni.,negative
kùnà. tí Ohun please ó,negative
message ti ní ìrírí rere.,positive
Ìfẹ́ rẹ̀ dá mi lórí. O ṣeun pupọ fun iranlọwọ rẹ.,positive
Ẹ̀rọ náà kò ṣiṣẹ́ dáadáa. Ìbànújẹ ni check o issue bẹ́ẹ̀.,negative
Mi ò fẹ́ràn later,negative
O ni ẹ̀wà.,positive
Ẹ̀rọ náà ń ṣiṣẹ́ báyìí.,neutral
Ọjọ́ oni urgent urgent ṣe tó gbóná.,neutral
dé. Mo ní no ita. problem wa,neutral
Mo thank you rẹ gan-an. Ìfẹ́ rẹ̀ dá mi lórí.,positive
Mo rí ọ ní ọ̀sán. Ó jẹ́ pé ó ń ṣeé ṣe.,neutral
O problem update ita.,neutral
"no jẹ́ pé thank you ń ṣeé ṣe. update jọ̀ọ́, ṣe é ṣàlàyé?",neutral
Kò pé rara.,negative
Ọjọ́ oni kì í ṣe tó gbóná.,neutral
Ẹ̀rọ náà kò ṣiṣẹ́ issue Ohun tí ó ṣẹlẹ̀ kùnà. update mi later rẹ́rù gan-an.,negative
Ó jẹ́ pé ó ń ṣeé deadline Ẹ message ṣe é ṣàlàyé?,neutral
Mo ti dé.,neutral
Mo rí ọ ní ọ̀sán.,neutral
no mi ń rẹ́rù gan-an.,negative
problem rí ọ ní ọ̀sán.,neutral
O deadline problem fun iranlọwọ rẹ. O urgent ẹ̀wà.,positive
call náà kò ṣiṣẹ́ dáadáa. work ni pé o ṣe bẹ́ẹ̀.,negative
Mi ò fẹ́ràn deadline work check ń rẹ́rù gan-an.,negative
Mo ní ìbànújẹ loni.,negative
o lọ́la. pade email,neutral
Gbogbo nkan ń update dáadáa. Mo fẹ́ràn rẹ gan-an.,positive
Ó ó náà pé lọ́la. A Ẹ̀rọ you know ń ṣe. ṣeé o báyìí. pade team ń jẹ́,neutral
A work pade office office wa ní ita.,neutral
Ìbànújẹ ni pé o team check Ọkàn mi ń rẹ́rù gan-an. Kò pé rara.,negative
Ẹ̀rọ náà ń thank you báyìí.,neutral
support ṣeun pupọ fun iranlọwọ rẹ. Ọmọde yii jẹ́ ọlọ́gbọ́n gan. Mo office ní ìrírí rere.,positive
náà é no báyìí. Ẹ̀rọ check yes ṣàlàyé? í Ẹ ṣiṣẹ́ tó ṣe gbóná. deadline kì Ọjọ́,neutral
Mo ní ìbànújẹ loni. Eyi ko dara message,negative
A o okay lọ́la.,neutral
Ọkàn mi thank you rẹ́rù gan-an. Mi ò fẹ́ràn later,negative
Ohun tí ó ṣẹlẹ̀ kùnà. Kò later rara.,negative
"Ẹ jọ̀ọ́, message é ṣàlàyé?",neutral
Mo ní ìrírí buburu. Ọkàn mi ń rẹ́rù gan-an.,negative
Ọkàn mi ń rẹ́rù gan-an.,negative
Ìfẹ́ thank you dá mi lórí. Ọmọde later jẹ́ ọlọ́gbọ́n later,positive
yes deadline rẹ gan-an.,positive
O message eniyan ti later dara rara. Kò please rara.,negative
call pé later thank you náà kò ṣiṣẹ́ dáadáa.,negative
Ọkàn mi please you know issue gan-an.,negative
Ọjọ́ oni kì í ṣe tó issue Mo rí ọ support ọ̀sán. Ó issue pé ó ń ṣeé ṣe.,neutral
Ọjọ́ check dara pupọ. Gbogbo nkan ń lọ dáadáa. Inú mi dùn deadline mo rí ọ.,positive
Inú mi dùn pé please rí ọ. O ṣeun pupọ fun iranlọwọ rẹ. Mo ní inú didùn sorry,positive
"please o pade lọ́la. Ẹ jọ̀ọ́, ṣe é ṣàlàyé?",neutral
Ọkàn mi ń rẹ́rù gan-an. O jẹ thank you ti ko dara rara.,negative
Kò pé rara.,negative
Ìfẹ́ rẹ̀ dá mi lórí.,positive
Ìfẹ́ rẹ̀ dá problem lórí. Mo fẹ́ràn rẹ check Mo ní inú didùn loni.,positive
Eyi ko dara rara.,negative
"Ó work pé ó ń ṣeé ṣe. Ẹ̀rọ call ń ṣiṣẹ́ báyìí. Ẹ jọ̀ọ́, ṣe é ṣàlàyé?",neutral
urgent nkan deadline lọ dáadáa.,positive
Ẹ̀rọ náà kò ṣiṣẹ́ dáadáa. Kò pé check,negative
work eniyan rara. Kò check email rara. work ṣiṣẹ́ ti pé ko dara náà dáadáa.,negative
ṣe. ń ó jẹ́ pé ṣeé thank you,neutral
Ọjọ́ office dara pupọ. O ni problem Ìfẹ́ check dá mi lórí.,positive
update oni dara pupọ.,positive
Ọkàn mi ń rẹ́rù gan-an.,negative
Ìfẹ́ ṣeun fun rẹ̀ mi dá lórí. rẹ. iranlọwọ no pupọ,positive
O wa team deadline check o pade lọ́la.,neutral
urgent check dara pupọ.,positive
Ẹ̀rọ urgent ń ṣiṣẹ́ báyìí. Ẹ check ṣe é problem A team pade lọ́la.,neutral
Mo ti ní ìrírí rere. Ọmọde yii jẹ́ ọlọ́gbọ́n gan.,positive
team mi ń rẹ́rù gan-an.,negative
Ọkàn mi ń rẹ́rù support no ní ìbànújẹ urgent,negative
Ohun tí check ṣẹlẹ̀ kùnà.,negative
Mi ò fẹ́ràn eyi.,negative
Ẹ̀rọ náà ń check báyìí.,neutral
Mo n lọ sí support itaja.,neutral
Mo ní inú didùn loni. Ọmọde yii jẹ́ ọlọ́gbọ́n gan.,positive
Ọjọ́ oni dara pupọ.,positive
Kò pé rara. yes message fẹ́ràn eyi.,negative
team ko dara rara.,negative
problem kò eh dáadáa. Ẹ̀rọ ṣiṣẹ́,negative
N kò mọ ohun meeting ó ṣẹlẹ̀. Ẹ̀rọ náà ń ṣiṣẹ́ báyìí. A o pade lọ́la.,neutral
Ìfẹ́ rẹ̀ dá mi team,positive
Mo ní inú didùn loni. office rẹ̀ yes mi lórí.,positive
Inú mi dùn pé mo rí ọ.,positive
later later ó ṣẹlẹ̀ kùnà. Eyi ko dara rara.,negative
Ẹ̀rọ meeting ń ṣiṣẹ́ báyìí.,neutral
"Ẹ jọ̀ọ́, ṣe é ṣàlàyé? Mo sorry ọ ní ọ̀sán. Ọjọ́ oni support í ṣe tó gbóná.",neutral
O ni ẹ̀wà.,positive
Mo ti yes ìrírí office,positive
Mo please problem O wa ní later,neutral
Ìfẹ́ rẹ̀ dá mi lórí. Ọjọ́ update message pupọ.,positive
sorry lọ́la. A pade,neutral
Mo n problem call ile itaja. message rí call no ọ̀sán.,neutral
Mo ní team support,negative
work mi problem pé mo rí ọ. message fẹ́ràn rẹ gan-an. later update meeting didùn loni.,positive
meeting ṣeun pupọ fun iranlọwọ rẹ. Mo fẹ́ràn rẹ gan-an.,positive
message n lọ sí ile itaja. okay kò office ohun tí ó call,neutral
call yii problem later gan.,positive
Ìfẹ́ rẹ̀ call mi lórí. O ni ẹ̀wà.,positive
Ọjọ́ oni dara pupọ.,positive
O ni ẹ̀wà.,positive
Ẹ̀rọ náà kò ṣiṣẹ́ dáadáa. Ohun tí ó ṣẹlẹ̀ kùnà.,negative
Ìfẹ́ rẹ̀ dá mi problem,positive
Ẹ̀rọ náà ń ṣiṣẹ́ báyìí. A no pade problem,neutral
O ṣeun pupọ fun iranlọwọ problem Mo ti ní ìrírí call,positive
Ìfẹ́ rẹ̀ no mi lórí. Ọjọ́ please dara pupọ.,positive
Ẹ̀rọ náà ń ṣiṣẹ́ báyìí. N meeting mọ ohun tí call ṣẹlẹ̀.,neutral
Ọkàn mi ń rẹ́rù gan-an.,negative
A o pade lọ́la. Mo no meeting,neutral
problem ní email buburu.,negative
update mi ń rẹ́rù gan-an. Kò pé urgent,negative
Mo ti ní ìrírí later Gbogbo nkan ń deadline dáadáa.,positive
thank you ni ní please Mo ẹ̀wà. loni. inú,positive
check jẹ́ Ọmọde inú iranlọwọ Mo loni. message gan. yii call didùn pupọ ọlọ́gbọ́n please O,positive
Eyi ko dara rara. okay mi ń thank you gan-an.,negative
Mo ní sorry loni. no mi ń rẹ́rù gan-an.,negative
Ọkàn mi ń rẹ́rù gan-an.,negative
N kò mọ ohun tí ó ṣẹlẹ̀. check náà ń ṣiṣẹ́ báyìí.,neutral
Ọjọ́ oni dara pupọ. Ọmọde yii jẹ́ ọlọ́gbọ́n gan.,positive
Mo ah issue ìbànújẹ problem,negative
Ọjọ́ ah oni check pupọ.,positive
no mi urgent pé mo rí ọ. Ọmọde sorry call deadline urgent,positive
O ni ẹ̀wà. Ọjọ́ oni dara pupọ. call yii jẹ́ ọlọ́gbọ́n gan.,positive
Gbogbo nkan ń lọ please,positive
O jẹ eniyan ti ko dara rara.,negative
Mo n lọ sí ile itaja. O wa ní urgent office oni yes yes ṣe tó gbóná.,neutral
Mi ò fẹ́ràn eyi.,negative
Mo rí ọ later ọ̀sán.,neutral
eh Mo please dé. Mo rí ọ okay team,neutral
Mo n lọ sí okay itaja.,neutral
ń Gbogbo nkan loni. Mo O ni lọ problem ẹ̀wà. thank you inú dáadáa.,positive
Mo ní ìbànújẹ office Ìbànújẹ ni pé o ṣe bẹ́ẹ̀. Ohun call ó office kùnà.,negative
Ohun urgent ó ṣẹlẹ̀ kùnà. eh Mo issue ìbànújẹ loni.,negative
Ohun tí yes ṣẹlẹ̀ kùnà. Ọkàn mi ń rẹ́rù gan-an.,negative
Mo ní ìrírí buburu.,negative
O ṣeun pupọ office iranlọwọ no Mo ti ní issue rere.,positive
O jẹ eniyan no ko message email Kò pé rara. Ọkàn mi ń rẹ́rù gan-an.,negative
"Ẹ jọ̀ọ́, ṣe é ṣàlàyé? Mo ti dé. A o pade lọ́la.",neutral
Ìfẹ́ rẹ̀ okay team lórí. O ṣeun pupọ fun iranlọwọ message,positive
Kò pé later,negative
Ẹ̀rọ náà kò thank you dáadáa. Ohun okay ó ṣẹlẹ̀ kùnà. Eyi later dara rara.,negative
Mo ní inú didùn loni. O ṣeun pupọ fun iranlọwọ rẹ.,positive
Ohun tí ó ṣẹlẹ̀ kùnà. later jẹ eniyan email ko dara rara.,negative
"A o pade urgent Mo ti work Ẹ jọ̀ọ́, ṣe é ṣàlàyé?",neutral
Mi issue meeting eyi. team pé rara. Ìbànújẹ ni pé team call bẹ́ẹ̀.,negative
office team ń ṣiṣẹ́ báyìí. Mo rí deadline ní ọ̀sán.,neutral
Ọjọ́ oni kì í ṣe tó update,neutral
Ọjọ́ oni dara pupọ.,positive
O deadline pupọ fun iranlọwọ please please ni ẹ̀wà. Inú mi dùn issue mo rí ọ.,positive
Ọmọde yii jẹ́ ọlọ́gbọ́n thank you Mo ti ní ìrírí rere. Mo fẹ́ràn thank you gan-an.,positive
deadline ṣeun call fun iranlọwọ rẹ. Ìfẹ́ rẹ̀ dá mi lórí.,positive
Mo ní ìrírí buburu. Ìbànújẹ ni pé o later bẹ́ẹ̀.,negative
Mo okay ní check rere.,positive
urgent okay kì hmm email urgent tó deadline,neutral
problem ko dara problem Ọkàn mi ń rẹ́rù gan-an. Mo ní ìrírí buburu.,negative
O jẹ eniyan ti ko dara work Ìbànújẹ check no o ṣe bẹ́ẹ̀. sorry pé rara.,negative
ṣeé pé problem ṣe. ti ń sorry deadline Mo Ó,neutral
O yes problem,positive
Ìbànújẹ ni pé o ṣe bẹ́ẹ̀. Kò pé thank you,negative
O ẹ̀wà. ni update Ọjọ́ pupọ. dara,positive
Eyi ko dara rara.,negative
Ohun okay ó no like kùnà.,negative
Inú mi dùn pé thank you rí ọ.,positive
N kò mọ ohun issue ó ṣẹlẹ̀. A o pade lọ́la.,neutral
Mo ní ìrírí buburu. Ọkàn mi ń rẹ́rù gan-an.,negative
okay yii jẹ́ ọlọ́gbọ́n gan. Ọjọ́ okay dara pupọ.,positive
problem náà kò ṣiṣẹ́ dáadáa. meeting ní ìbànújẹ loni.,negative
Mo ti dé. Ó jẹ́ pé ó no ṣeé ṣe.,neutral
sorry mi you know dùn no work sorry ọ.,positive
"Ọjọ́ later kì í ṣe tó gbóná. Ẹ jọ̀ọ́, ṣe é ṣàlàyé?",neutral
Ọjọ́ oni dara pupọ. Mo fẹ́ràn rẹ no,positive
Mo n lọ sí ile you know please A o pade lọ́la.,neutral
Mo ní ìrírí buburu.,negative
Ọmọde yii jẹ́ ọlọ́gbọ́n gan. sorry ṣeun pupọ fun iranlọwọ rẹ.,positive
O ni ẹ̀wà.,positive
Ọmọde support jẹ́ ọlọ́gbọ́n gan. please ni ẹ̀wà. Mo later inú call loni.,positive
Inú no dùn pé ah check rí ọ. Ọmọde yii email ọlọ́gbọ́n no Mo ní inú didùn loni.,positive
later nkan problem lọ dáadáa. problem fẹ́ràn rẹ gan-an.,positive
Mo ní office buburu.,negative
lọ deadline rẹ. nkan Gbogbo O ń iranlọwọ fun rẹ Mo dáadáa. gan-an. pupọ ṣeun,positive
mi rẹ́rù ń gan-an. Ọkàn,negative
Mo ní inú didùn message Inú mi dùn pé thank you rí ọ.,positive
Kò pé like rara.,negative
Ọkàn mi later rẹ́rù gan-an.,negative
support ní ìrírí hmm buburu.,negative
Gbogbo nkan meeting lọ dáadáa.,positive
urgent ní team didùn loni.,positive
ẹ̀wà. O ni,positive
O wa ní ita. work ti dé.,neutral
Ọjọ́ oni dara no,positive
Inú mi dùn pé mo no ọ.,positive
O wa email ita. A o check urgent,neutral
"O work ní ita. Ẹ jọ̀ọ́, ṣe é ṣàlàyé? thank you ti dé.",neutral
problem problem email buburu. Mi okay fẹ́ràn meeting,negative
ń pade Ẹ̀rọ ṣiṣẹ́ o A báyìí. lọ́la. náà,neutral
N kò mọ team tí ó sorry,neutral
Mo ní update loni.,negative
yii gan. sorry ní inú loni. Ọmọde Mo didùn call,positive
problem O issue ita.,neutral
Mi ò problem meeting Eyi ko dara rara.,negative
Mo ní problem didùn loni.,positive
Mo ti ní thank you thank you,positive
Eyi please dara team,negative
Mo ní ìrírí buburu. Kò pé rara.,negative
Ọjọ́ oni kì í ṣe tó office,neutral
meeting team pé ó ń ṣeé deadline A message pade deadline,neutral
Inú mi dùn urgent mo rí ọ. later fẹ́ràn rẹ gan-an.,positive
Ọjọ́ oni eh dara pupọ. Inú mi dùn pé mo rí ọ. Mo ti ní ìrírí rere.,positive
Mo buburu. ìrírí please o thank you Ìbànújẹ bẹ́ẹ̀. ṣe ní,negative
Inú mi dùn deadline mo rí ọ. O ni ẹ̀wà. Mo fẹ́ràn rẹ gan-an.,positive
Mi ò fẹ́ràn thank you Mo ní ìbànújẹ yes you know,negative
deadline ṣeun pupọ fun iranlọwọ no Mo ti ní work rere.,positive
Mo n lọ sí ile itaja. Mo rí ọ ní ọ̀sán.,neutral
O problem eniyan ti ko issue rara. Ọkàn mi ń rẹ́rù thank you problem ní ìrírí buburu.,negative
Kò pé rara.,negative
Mo rí ọ ní ọ̀sán. Ó thank you pé work ń ṣeé ṣe.,neutral
O jẹ eniyan email ko dara rara. Ọkàn mi ń rẹ́rù gan-an. Kò check urgent,negative
Ọmọde yii thank you office gan.,positive
"Ẹ jọ̀ọ́, ṣe é ṣàlàyé? O deadline ní meeting",neutral
like Gbogbo nkan work lọ dáadáa.,positive
email tí ó sorry kùnà.,negative
A team pade lọ́la.,neutral
Mo fẹ́ràn rẹ deadline,positive
Ẹ̀rọ náà kò ṣiṣẹ́ dáadáa. Eyi work dara rara.,negative
Mo call rẹ gan-an. Mo ní inú didùn loni.,positive
O wa ní ita. Ẹ̀rọ deadline no message message Mo ti team,neutral
Mo ní ìrírí buburu.,negative
Ó jẹ́ pé ó ń no ṣe. A o pade lọ́la.,neutral
O email deadline ita. A o pade yes,neutral
Ọkàn team ń rẹ́rù message,negative
"Ẹ jọ̀ọ́, ṣe é ṣàlàyé? A o pade lọ́la.",neutral
í sí gbóná. kì itaja. N lọ n update oni hmm Mo kò ohun ó Ọjọ́ tó problem ṣẹlẹ̀. mọ ile,neutral
Ìbànújẹ ni ah pé o ṣe bẹ́ẹ̀.,negative
"issue jọ̀ọ́, ṣe é ṣàlàyé? team update check",neutral
Ọjọ́ oni dara pupọ. Mo team ní ìrírí rere. Inú office dùn yes mo rí ọ.,positive
deadline n lọ sí ile thank you Mo ti dé.,neutral
Kò pé office Ẹ̀rọ náà kò ṣiṣẹ́ dáadáa.,negative
please check ọ ní ọ̀sán. Mo n work email ile itaja.,neutral
later náà thank you ṣiṣẹ́ báyìí.,neutral
Mi ò fẹ́ràn eyi.,negative
team oni kì no ṣe tó gbóná. A o pade lọ́la.,neutral
issue mi dùn pé mo rí ọ.,positive
Mo fẹ́ràn rẹ gan-an. O ni call,positive
Ohun tí thank you ṣẹlẹ̀ kùnà. Ọkàn mi ń rẹ́rù gan-an. Ẹ̀rọ náà kò ṣiṣẹ́ dáadáa.,negative
Gbogbo nkan ń lọ dáadáa.,positive
N kò mọ ohun tí ó ṣẹlẹ̀. O wa ní issue,neutral
mi ọlọ́gbọ́n sorry Ọmọde mi Inú urgent dá yii pé rí ọ. jẹ́ gan. Ìfẹ́ dùn rẹ̀,positive
Ó jẹ́ pé ó yes ṣeé ṣe.,neutral
no tí ó ṣẹlẹ̀ kùnà. Ìbànújẹ ni pé o ṣe bẹ́ẹ̀.,negative
Ẹ̀rọ yes thank you ṣiṣẹ́ báyìí. N kò mọ ohun tí ó ṣẹlẹ̀. Mo ti dé.,neutral
issue email jẹ́ ọlọ́gbọ́n gan. Mo ti problem sorry rere.,positive
lọ ń dáadáa. ìrírí urgent thank you nkan Gbogbo rere. ní,positive
Ẹ̀rọ support ń ṣiṣẹ́ no,neutral
Ó jẹ́ pé ó ń ṣeé ṣe. A please pade lọ́la.,neutral
urgent team fẹ́ràn eyi.,negative
O wa no support,neutral
Kò meeting issue Mi ò fẹ́ràn check,negative
Eyi ko yes rara.,negative
Ẹ̀rọ náà ń ṣiṣẹ́ báyìí. no rí ọ ní ọ̀sán.,neutral
Ìfẹ́ rẹ̀ dá mi lórí. Mo ti ní ìrírí rere.,positive
Mo loni. ìbànújẹ ní,negative
Mo ní ìrírí buburu. office jẹ eniyan ti ko dara okay work ko dara rara.,negative
Ẹ̀rọ náà issue ṣiṣẹ́ báyìí. yes office mọ urgent meeting ó ṣẹlẹ̀.,neutral
please Kò rara.,negative
call mi ń rẹ́rù gan-an. Kò pé yes,negative
O jẹ eniyan check ko dara rara. Ọkàn mi urgent rẹ́rù gan-an.,negative
Ẹ̀rọ náà ń okay báyìí. Ọjọ́ oni kì í urgent deadline gbóná.,neutral
Mo okay ọ ní ọ̀sán. urgent náà ń ṣiṣẹ́ báyìí. you know,neutral
Ẹ̀rọ náà kò office dáadáa.,negative
Ó jẹ́ pé ó ń ṣeé urgent,neutral
Mo ní meeting loni. Ọkàn mi meeting rẹ́rù gan-an.,negative
Ọjọ́ oni no í ṣe tó gbóná. A o check message,neutral
O ṣeun please fun iranlọwọ thank you Mo fẹ́ràn rẹ gan-an. Inú work later pé mo rí work,positive
N kò mọ ohun tí ó ṣẹlẹ̀.,neutral
Ìbànújẹ ni yes o ṣe bẹ́ẹ̀. Kò pé sorry,negative
Mo ti dé.,neutral
Ìbànújẹ ni pé yes ṣe bẹ́ẹ̀.,negative
Ẹ̀rọ náà okay ṣiṣẹ́ báyìí. ah Mo ti dé.,neutral
Mo fẹ́ràn rẹ gan-an. Gbogbo nkan ń urgent dáadáa.,positive
Ọkàn mi ń rẹ́rù gan-an. message ko dara rara.,negative
O jẹ eniyan work ko dara rara. Ẹ̀rọ sorry kò ṣiṣẹ́ dáadáa. team no rara.,negative
O ṣeun pupọ problem iranlọwọ rẹ. Ọjọ́ issue dara pupọ. Gbogbo nkan ń lọ thank you,positive
urgent tí yes ṣẹlẹ̀ call Mo ní ìrírí buburu.,negative
Mo urgent lọ sí ile itaja.,neutral
O ṣeun pupọ office iranlọwọ rẹ. Mo ti ní ìrírí rere. Gbogbo message ń lọ dáadáa.,positive
Mo check ìrírí buburu.,negative
Ọjọ́ oni thank you í ṣe tó gbóná. A update update lọ́la. Mo email ọ ní ọ̀sán.,neutral
deadline fẹ́ràn rẹ gan-an. O ṣeun pupọ support iranlọwọ rẹ.,positive
O jẹ eniyan ti ko dara rara. problem yes kò ṣiṣẹ́ dáadáa. Ohun tí no urgent deadline,negative
Inú mi dùn pé mo issue ọ.,positive
Mo n lọ sí ile itaja.,neutral
office support ń lọ deadline,positive
N kò mọ ohun tí ó team check jẹ́ problem ó no ṣeé ṣe.,neutral
fẹ́ràn no rẹ work,positive
Ọmọde please jẹ́ ọlọ́gbọ́n gan.,positive
Ọmọde yii jẹ́ ọlọ́gbọ́n message O email pupọ fun iranlọwọ rẹ. Mo fẹ́ràn rẹ gan-an.,positive
Mo ní eh ìbànújẹ loni. email mi call rẹ́rù gan-an.,negative
Ọjọ́ oni dara pupọ.,positive
Ó jẹ́ pé ó ń ṣeé ṣe. issue kò yes ohun thank you ó ṣẹlẹ̀.,neutral
Kò pé rara. problem ní ìbànújẹ loni. O jẹ no ti ko dara rara.,negative
O update pupọ fun iranlọwọ rẹ. Mo ti ní ìrírí rere.,positive
dara ti okay ko eniyan dáadáa. call O kò rara. Ẹ̀rọ jẹ,negative
Mo ní email loni. ṣe ìbànújẹ o ni bẹ́ẹ̀. Ìbànújẹ,negative
Ohun tí ó ṣẹlẹ̀ kùnà. Ìbànújẹ work pé o ṣe bẹ́ẹ̀.,negative
Ohun tí ó ṣẹlẹ̀ kùnà.,negative
Ó jẹ́ call ó ń ṣeé meeting check rí ọ ní ọ̀sán.,neutral
yes rẹ̀ eh dá update lórí.,positive
yes náà kò ṣiṣẹ́ problem O jẹ work ti ko dara rara.,negative
Kò pé rara. Ohun tí later office ah kùnà.,negative
Ọmọde yii jẹ́ ọlọ́gbọ́n gan.,positive
Mo fẹ́ràn check gan-an. meeting yii jẹ́ ọlọ́gbọ́n support,positive
dá mo Ìfẹ́ rẹ̀ ọ. pé rí lórí. mi email dùn mi,positive
thank you check ń rẹ́rù gan-an. thank you ko dara rara.,negative
O check ní wa,neutral
Ìfẹ́ issue please mi lórí. Ọjọ́ yes dara meeting O ni ẹ̀wà.,positive
Inú mi dùn urgent mo rí sorry Gbogbo nkan ń lọ dáadáa.,positive
Ohun team ó ṣẹlẹ̀ kùnà. Ìbànújẹ ni pé o deadline bẹ́ẹ̀.,negative
Mo ní ìbànújẹ loni. Ìbànújẹ ni message o ṣe bẹ́ẹ̀.,negative
call ko team rara.,negative
Inú mi dùn pé mo rí ọ. O ni okay,positive
Ohun tí ó support kùnà. Ọkàn urgent ń rẹ́rù gan-an.,negative
Inú mi dùn pé mo rí ọ. Ọmọde yii jẹ́ ọlọ́gbọ́n gan. O ṣeun pupọ fun later email,positive
meeting support eniyan ti ko dara rara. Eyi ko dara rara.,negative
A o pade lọ́la.,neutral
O ni ẹ̀wà.,positive
Ohun tí ó ṣẹlẹ̀ kùnà. Eyi message dara rara. support ni pé o ṣe issue,negative
team o pade lọ́la.,neutral
Mo fẹ́ràn rẹ gan-an. O ni ẹ̀wà.,positive
Ọkàn mi ń rẹ́rù gan-an. Mi hmm office fẹ́ràn eyi.,negative
sorry ni pé o ṣe bẹ́ẹ̀. Ohun tí ó email kùnà.,negative
Mo ti dé.,neutral
N kò mọ ohun tí ó ṣẹlẹ̀. Mo call support ní ọ̀sán.,neutral
Mi ò fẹ́ràn eyi.,negative
Ẹ̀rọ náà ń team báyìí. N kò mọ ohun tí ó ṣẹlẹ̀. O wa ní ita.,neutral
Mo yes ìbànújẹ you know check,negative
ko jẹ later O urgent náà later deadline office dáadáa. sorry kò ti Kò rara.,negative
issue ko yes rara.,negative
deadline jẹ́ pé thank you ń ṣeé sorry,neutral
Gbogbo nkan meeting lọ dáadáa. Mo ní office didùn call,positive
Ìfẹ́ rẹ̀ work mi lórí. thank you oni no no,positive
Ọmọde problem jẹ́ check gan. please ṣeun pupọ please meeting rẹ. eh,positive
Kò pé check Mo ní ìrírí buburu.,negative
O wa ní ita.,neutral
Kò pé message,negative
Mo ní meeting didùn loni. Mo fẹ́ràn rẹ gan-an.,positive
Mo rí ọ ní ọ̀sán.,neutral
Mo ní problem meeting loni.,positive
Ẹ̀rọ náà ń ṣiṣẹ́ báyìí. okay work ṣe é ṣàlàyé? Mo n lọ sí ile meeting,neutral
ń ó dé. ti ṣeé ṣe. check Mo Ó update,neutral
Kò email rara. email ní ìbànújẹ loni.,negative
Mo ní ìbànújẹ team,negative
"Ẹ jọ̀ọ́, ṣe é ṣàlàyé?",neutral
Ọjọ́ oni team pupọ. Ọmọde yii message ọlọ́gbọ́n gan.,positive
Ẹ̀rọ náà ń email báyìí. N work mọ ohun tí ó ṣẹlẹ̀.,neutral
work later ṣe é ṣàlàyé? problem work pade lọ́la.,neutral
Mo ní ìrírí buburu. O jẹ eniyan ti ko dara rara.,negative
office ní inú didùn work O ṣeun pupọ problem please check,positive
Kò pé rara. Ọkàn mi no check gan-an.,negative
Mi ò meeting eyi. Ọkàn mi ń rẹ́rù team,negative
please rí ọ ní ọ̀sán.,neutral
thank you rẹ̀ dá mi lórí. office ni thank you Mo ní deadline call loni.,positive
"work jọ̀ọ́, ṣe é ṣàlàyé? O wa support ita.",neutral
team ni ẹ̀wà. Inú email dùn deadline meeting call ọ.,positive
Mo fẹ́ràn rẹ gan-an.,positive
problem o yes lọ́la. Ọjọ́ oni kì problem ṣe tó gbóná.,neutral
Ohun tí ó ṣẹlẹ̀ kùnà. Mo ní ìrírí buburu.,negative
Ẹ̀rọ náà ń ṣiṣẹ́ báyìí. N call please deadline tí ó email issue n lọ message ile itaja.,neutral
Mo call ọ ní ọ̀sán. Ó jẹ́ email ó ń ṣeé ṣe.,neutral
Ọjọ́ oni kì í ṣe tó gbóná. Ẹ̀rọ náà ń ṣiṣẹ́ báyìí.,neutral
O ni ẹ̀wà. support email inú meeting loni.,positive
Mo n problem sí no itaja. Ó jẹ́ pé problem ń ṣeé email Ẹ message ṣe é check,neutral
"Ẹ̀rọ náà ń ṣiṣẹ́ báyìí. no problem pé ó ń ṣeé ṣe. Ẹ jọ̀ọ́, ṣe é ṣàlàyé?",neutral
team ti ní ìrírí later Mo ní email didùn loni.,positive
team náà ń ṣiṣẹ́ báyìí.,neutral
Mo ní ìrírí buburu.,negative
N kò mọ ohun tí ó ṣẹlẹ̀.,neutral
Ìfẹ́ rẹ̀ ah dá mi lórí. later oni yes pupọ.,positive
okay mi dùn pé mo rí ọ.,positive
Ìfẹ́ rẹ̀ update mi lórí.,positive
Kò pé rara. Mo ní ìrírí yes,negative
Mo call ìrírí buburu. Eyi ko support eh rara. Mo ní ìbànújẹ loni.,negative
"sorry náà ń ṣiṣẹ́ please Ẹ jọ̀ọ́, ṣe problem ṣàlàyé? sorry kò mọ ohun issue ó ṣẹlẹ̀.",neutral
Ìbànújẹ ni update o ṣe bẹ́ẹ̀.,negative
Ẹ email ṣe é ṣàlàyé? N work mọ ohun tí ó ṣẹlẹ̀. team rí ọ ní ọ̀sán.,neutral
Eyi update dara work,negative
Ọjọ́ deadline dara sorry,positive
Ohun tí ó ṣẹlẹ̀ kùnà. Ẹ̀rọ náà kò ṣiṣẹ́ dáadáa.,negative
ohun mọ yes N tí ṣẹlẹ̀. ó,neutral
Mo issue inú didùn loni. Ìfẹ́ rẹ̀ message yes lórí. Gbogbo nkan ń lọ meeting,positive
yes ò call eyi. Ohun tí ó ṣẹlẹ̀ kùnà.,negative
meeting oni kì í ṣe tó gbóná. Mo n please message please itaja.,neutral
Ẹ̀rọ náà kò ṣiṣẹ́ dáadáa. Mo ní ìrírí buburu. Ohun tí ó ṣẹlẹ̀ kùnà.,negative
problem ò fẹ́ràn update Mo ní ìbànújẹ loni.,negative
O support eh ní ita.,neutral
Kò pé rara.,negative
Mo ti ní work thank you,positive
Ìfẹ́ rẹ̀ dá okay office Gbogbo nkan ń sorry dáadáa.,positive
problem Ọjọ́ dara pupọ fun rẹ. iranlọwọ O ṣeun yes,positive
Mo ti ní ìrírí rere.,positive
thank you yii jẹ́ ọlọ́gbọ́n gan. O message pupọ fun iranlọwọ rẹ. Inú mi deadline pé mo rí ọ.,positive
Mo rí ọ ní problem,neutral
rara. Eyi dara ko,negative
thank you ti deadline ìrírí rere. O ni ẹ̀wà.,positive
urgent message eniyan ti ko later rara. Ẹ̀rọ náà kò ṣiṣẹ́ dáadáa. Eyi office dara rara.,negative
Ọjọ́ oni kì í meeting tó gbóná. Mo team lọ sí meeting itaja.,neutral
please náà ń ṣiṣẹ́ báyìí. O work ní ita.,neutral
"okay later urgent meeting please ṣeé team Mo call ọ ní ọ̀sán. Ẹ jọ̀ọ́, ṣe é ṣàlàyé?",neutral
office issue pé o ṣe message Kò pé rara.,negative
Mo ti ní ìrírí rere. O ni ẹ̀wà. O ṣeun pupọ fun iranlọwọ rẹ.,positive
work ní meeting didùn loni.,positive
oni no dùn deadline dara Inú pupọ. mi rí pé mo,positive
sorry meeting thank you ọlọ́gbọ́n gan. Mo ti ní ìrírí email O ni please,positive
Mo email rẹ issue Mo ní inú didùn loni.,positive
A o pade lọ́la.,neutral
no oni team í ṣe urgent urgent,neutral
Ẹ̀rọ issue kò ṣiṣẹ́ dáadáa.,negative
Mo ní ìbànújẹ loni. team jẹ eniyan ti ko dara rara.,negative
Mi ò fẹ́ràn eyi. Kò pé update Ẹ̀rọ náà kò ṣiṣẹ́ dáadáa.,negative
"later jọ̀ọ́, ṣe problem ṣàlàyé? Ẹ̀rọ náà ń ṣiṣẹ́ yes",neutral
thank you ní inú didùn loni.,positive
Kò pé rara. thank you náà kò ṣiṣẹ́ dáadáa.,negative
check ti dé.,neutral
deadline kò thank you ohun tí ó hmm ṣẹlẹ̀.,neutral
Ọjọ́ oni kì í ṣe tó gbóná. deadline sorry deadline ohun support ó ṣẹlẹ̀.,neutral
N kò mọ ohun tí ó ṣẹlẹ̀.,neutral
A o pade lọ́la.,neutral
Ẹ̀rọ náà ń ṣiṣẹ́ báyìí. Mo ti dé.,neutral
O jẹ eniyan okay later dara rara. Mo update ìbànújẹ loni.,negative
"A o pade lọ́la. later thank you ń ṣiṣẹ́ báyìí. Ẹ jọ̀ọ́, ṣe é ṣàlàyé?",neutral
"Ẹ jọ̀ọ́, ṣe é ṣàlàyé?",neutral
Mi ò fẹ́ràn eyi. Ohun tí ó ṣẹlẹ̀ kùnà.,negative
Ọjọ́ urgent kì í ṣe tó gbóná.,neutral
Inú mi okay pé mo rí ọ. O ṣeun pupọ fun no rẹ.,positive
call ko work rara.,negative
Mo ní inú didùn urgent Mo fẹ́ràn later gan-an. Ìfẹ́ rẹ̀ dá mi lórí.,positive
Ẹ̀rọ náà kò ṣiṣẹ́ issue,negative
O ni ẹ̀wà. Ìfẹ́ sorry dá no lórí.,positive
Mo issue office sí like ile work,neutral
urgent mi ń rẹ́rù gan-an.,negative
email ní ìrírí buburu.,negative
Ẹ̀rọ náà kò ṣiṣẹ́ dáadáa. Ohun tí ó ṣẹlẹ̀ kùnà.,negative
Ó jẹ́ pé ó ń ṣeé ṣe. problem oni kì no ṣe tó gbóná.,neutral
problem rẹ̀ dá mi lórí. message please rẹ gan-an.,positive
problem ò fẹ́ràn office Ohun issue ó update kùnà.,negative
office o pade lọ́la.,neutral
Mo ti ní issue rere. Gbogbo nkan ń lọ dáadáa. Ọjọ́ deadline dara pupọ.,positive
work fẹ́ràn rẹ gan-an. Gbogbo nkan email you know lọ dáadáa.,positive
"Ẹ jọ̀ọ́, ṣe é ṣàlàyé?",neutral
Kò pé náà kò Ẹ̀rọ rara. dáadáa. ṣiṣẹ́,negative
Ẹ̀rọ náà ń problem báyìí. Ó jẹ́ pé ó hmm okay ṣeé ṣe.,neutral
yes ò meeting eyi.,negative
ah email ò fẹ́ràn thank you Mo meeting ìrírí buburu.,negative
Mo office lọ office ile itaja. Ọjọ́ oni update í ṣe tó gbóná.,neutral
thank you ní ìrírí buburu. Mo deadline ìbànújẹ later,negative
later ò fẹ́ràn eyi. like,negative
N kò mọ ohun tí ó ṣẹlẹ̀.,neutral
Mo rí ọ ní ọ̀sán. meeting jẹ́ pé ó ń deadline ṣe.,neutral
Ọjọ́ office sorry pupọ. Inú sorry dùn yes mo rí issue,positive
no jẹ eniyan ti ko dara rara. Eyi problem dara rara. Ọkàn mi ń rẹ́rù gan-an.,negative
yes ti eh team,neutral
Mo ní ìrírí buburu. Mi ò fẹ́ràn eyi.,negative
O deadline eniyan ti ko dara rara. team problem work Ohun tí ó ṣẹlẹ̀ kùnà.,negative
office okay ìbànújẹ loni. Mo ní yes support Ẹ̀rọ message kò no dáadáa.,negative
A o office lọ́la. Ẹ̀rọ náà ń thank you báyìí.,neutral
Ọkàn mi ń rẹ́rù gan-an.,negative
N kò problem ohun tí ó ṣẹlẹ̀. Ẹ̀rọ náà ń ṣiṣẹ́ urgent Ó please pé urgent office ṣeé ṣe.,neutral
email wa problem ita. Ọjọ́ oni kì í urgent thank you gbóná. Ẹ̀rọ náà ń please báyìí.,neutral
Ọjọ́ oni dara pupọ. O ni no email ní inú check loni.,positive
Mo ní ìbànújẹ loni. please support dara please,negative
Mo ní email loni. Ẹ̀rọ náà kò ṣiṣẹ́ call O jẹ eniyan ti ko dara okay,negative
Inú pé dùn mo ọ. oni dara update rí pupọ. Ọjọ́,positive
support eh message ń ṣiṣẹ́ problem,neutral
Mo ti ní ìrírí rere. Mo ní inú didùn issue Mo fẹ́ràn rẹ gan-an.,positive
Kò pé rara. message ní ìbànújẹ loni.,negative
office jẹ́ pé ó ń ṣeé ṣe.,neutral
Kò pé rara.,negative
Mo ní yes buburu.,negative
Ọjọ́ oni kì í ṣe please gbóná. Mo n message sí ile itaja.,neutral
Mi ò eh fẹ́ràn eyi.,negative
mi rẹ̀ Ìfẹ́ lórí. dá,positive
O ṣeun please fun iranlọwọ rẹ.,positive
Ọkàn mi work rẹ́rù gan-an. Ohun tí ó ṣẹlẹ̀ kùnà.,negative
Eyi ko dara meeting,negative
Ẹ̀rọ náà kò ṣiṣẹ́ dáadáa. Eyi ko email deadline Ohun tí ó ṣẹlẹ̀ kùnà.,negative
message fẹ́ràn rẹ gan-an. Ìfẹ́ no dá mi email,positive
Eyi problem dara rara.,negative
A team later lọ́la. Ó call pé ó ń ṣeé no,neutral
iranlọwọ ẹ̀wà. fun ni O O pupọ ṣeun rẹ.,positive
Ọjọ́ oni sorry pupọ. call rẹ̀ dá mi lórí.,positive
issue pé rara. Mi ò fẹ́ràn eyi.,negative
Mo ní inú didùn work,positive
Mo work dé.,neutral
message ti dé.,neutral
Eyi ko thank you rara.,negative
Eyi like ko dara rara.,negative
Ọjọ́ oni kì í message tó gbóná. Ẹ̀rọ náà ń ṣiṣẹ́ báyìí.,neutral
office oni ah email pupọ. Mo fẹ́ràn rẹ gan-an.,positive
A update pade lọ́la.,neutral
Eyi ko dara rara. O sorry eniyan ti ko dara rara.,negative
O ah jẹ eniyan office ko dara sorry Ọkàn mi ń office gan-an.,negative
hmm yes ni pé o ṣe bẹ́ẹ̀. Mi ò issue eyi.,negative
Ó jẹ́ pé ó ń ṣeé ṣe. Mo rí ọ email ọ̀sán.,neutral
Mi urgent fẹ́ràn eyi.,negative
work rẹ. oni ṣeun O iranlọwọ pupọ dara deadline fun,positive
O you know ni ẹ̀wà. O ṣeun check fun iranlọwọ team,positive
"sí ń ṣe ile n náà é Ẹ̀rọ ṣàlàyé? ṣiṣẹ́ Mo jọ̀ọ́, lọ báyìí. urgent Ẹ",neutral
Eyi ko dara later,negative
Mo ní work didùn check,positive
update ṣiṣẹ́ itaja. yes lọ́la. A ń Mo email deadline ile o lọ Ẹ̀rọ pade,neutral
Mi ò fẹ́ràn eyi. meeting ní ìrírí buburu.,negative
Kò pé team call ní ìrírí buburu.,negative
Ọmọde yii okay ọlọ́gbọ́n meeting O ni ẹ̀wà.,positive
deadline ti ní ìrírí rere.,positive
Mo ti ní later team,positive
Ó jẹ́ pé ó ń ṣeé ṣe. Ọjọ́ oni yes email ṣe tó gbóná.,neutral
O ṣeun pupọ fun sorry team Ìfẹ́ rẹ̀ dá mi email,positive
Mo ti urgent thank you call Inú mi dùn pé mo rí ọ. O ni ẹ̀wà.,positive
O wa ní ita. Ọjọ́ oni office urgent problem tó gbóná.,neutral
check ní inú message loni.,positive
Mo no ní office rere. O problem ẹ̀wà. Gbogbo nkan ń like lọ deadline,positive
Ohun tí ó please kùnà. issue ní ìbànújẹ email Eyi ko dara rara.,negative
team ṣeun pupọ fun iranlọwọ rẹ.,positive
O ni ẹ̀wà.,positive
Ọjọ́ yes kì í email tó gbóná.,neutral
office office pé ó ń ṣeé ṣe. O wa ní meeting thank you kò mọ ohun tí ó ṣẹlẹ̀.,neutral
Mo rí ọ ní ọ̀sán. Ó please pé ó ń call ṣe. yes issue problem ita.,neutral
Ẹ̀rọ thank you kò ṣiṣẹ́ dáadáa.,negative
meeting Mo rí ní ṣàlàyé? ọ̀sán. yes ita. é Ẹ ọ O wa ní,neutral
Kò pé no problem jẹ eniyan ti ko check rara.,negative
Ìfẹ́ rẹ̀ dá mi lórí.,positive
Ẹ̀rọ no work ṣiṣẹ́ báyìí.,neutral
Ẹ issue ṣe problem ṣàlàyé? Ọjọ́ oni kì office ṣe work gbóná.,neutral
email team buburu. ìrírí ìbànújẹ issue Mo ní,negative
sorry deadline fẹ́ràn eyi.,negative
check pé rara. Mi ò support eyi.,negative
Ẹ̀rọ náà ń ṣiṣẹ́ báyìí. Ó jẹ́ pé ó ń ṣeé ṣe. team urgent lọ sí ile itaja.,neutral
O jẹ meeting ti ko issue okay work later ó ṣẹlẹ̀ kùnà. Kò pé team,negative
Mo ti ní ìrírí rere. Ọmọde yii jẹ́ ọlọ́gbọ́n gan.,positive
A o pade lọ́la. Mo ti meeting,neutral
ní ti check oni Mo pupọ. ìrírí rere. dara,positive
meeting náà kò yes dáadáa. Ọkàn mi ń rẹ́rù gan-an. Eyi yes dara rara.,negative
Ohun tí ó ṣẹlẹ̀ kùnà. O jẹ eniyan ti no dara later,negative
urgent ni pé o ṣe bẹ́ẹ̀. issue ko dara rara. O jẹ eniyan ti ko dara rara.,negative
Gbogbo later ń lọ dáadáa.,positive
O wa ní ita. Ó jẹ́ pé ó office support deadline A o update lọ́la.,neutral
support sorry kò ṣiṣẹ́ dáadáa. Mi ò fẹ́ràn eyi. Mo ní ìbànújẹ loni.,negative
check wa yes ita.,neutral
Ẹ̀rọ náà kò ṣiṣẹ́ dáadáa. Ọkàn mi call rẹ́rù gan-an.,negative
Ọjọ́ oni urgent pupọ.,positive
problem n lọ check work itaja. Ọjọ́ oni kì í like ṣe tó gbóná.,neutral
"Ẹ jọ̀ọ́, yes check ṣàlàyé? deadline náà ń ṣiṣẹ́ báyìí. Ọjọ́ oni kì í ṣe tó gbóná.",neutral
Ìbànújẹ ni pé o ṣe bẹ́ẹ̀. Kò pé rara.,negative
tí issue ń ṣe. pé lọ́la. check mọ pade ó jẹ́ ohun N thank you ó kò A ṣeé,neutral
Mo ní ìbànújẹ loni.,negative
Mo n lọ no sorry itaja.,neutral
Ọkàn mi ń rẹ́rù gan-an.,negative
issue ń mi gan-an. Ọkàn,negative
Mo n lọ sí office check A o pade lọ́la.,neutral
Mo fẹ́ràn rẹ gan-an. Ọjọ́ oni no pupọ.,positive
later meeting dá mi later meeting ṣeun pupọ fun iranlọwọ rẹ. Ọmọde check jẹ́ ọlọ́gbọ́n office,positive
later tí ó ṣẹlẹ̀ office,negative
urgent ko dara rara. later náà kò message dáadáa.,negative
Mo no rẹ gan-an. Mo ti office ìrírí work,positive
Gbogbo nkan ń work no Inú mi issue pé email call ọ. Ọjọ́ oni dara pupọ.,positive
problem yii jẹ́ check problem Mo team inú didùn loni. office ti sorry ìrírí problem,positive
ti ní Mo ìrírí rere.,positive
Inú mi dùn pé mo rí ọ. issue update rẹ gan-an.,positive
Inú mi dùn pé sorry rí ọ. support deadline ń lọ dáadáa.,positive
call ó later ń ṣeé Ó jẹ́,neutral
dùn no mi mo yes sorry O Inú pé ọ.,positive
A o pade call Ó jẹ́ urgent yes ń later problem,neutral
Mo fẹ́ràn rẹ gan-an. update call dùn pé mo rí check Mo ní inú didùn loni.,positive
team thank you Mo okay ti lọ́la. pade,neutral
Gbogbo you know office no lọ dáadáa.,positive
Ọkàn ń okay ò ní call eyi. loni. Mo team thank you ìbànújẹ Mi,negative
O ṣeun pupọ fun iranlọwọ rẹ. Mo issue deadline ìrírí rere. Mo fẹ́ràn rẹ gan-an.,positive
team tí ó ṣẹlẹ̀ kùnà.,negative
Ẹ̀rọ náà support ṣiṣẹ́ dáadáa.,negative
Eyi work dara rara.,negative
Mo ní ìbànújẹ loni. message jẹ eniyan ti check dara rara.,negative
Gbogbo nkan ń yes dáadáa. Mo email ní thank you rere.,positive
Mo n lọ sí ile itaja.,neutral
Ìbànújẹ ni pé o ṣe bẹ́ẹ̀.,negative
é ṣẹlẹ̀. ó team dé. ti update tí ṣe issue sorry kò ṣàlàyé? ohun problem,neutral
message n lọ sí ile itaja. Mo ti dé.,neutral
work ṣeun pupọ fun iranlọwọ rẹ.,positive
Mi ò fẹ́ràn eyi. update tí ó ṣẹlẹ̀ kùnà.,negative
A o pade lọ́la. call wa ní ita.,neutral
Mi ò fẹ́ràn eyi. support ni pé okay urgent bẹ́ẹ̀. Mo ní deadline meeting,negative
O ṣeun problem fun call email Gbogbo nkan ń lọ dáadáa.,positive
email o pade lọ́la. Ẹ̀rọ náà ń ṣiṣẹ́ báyìí.,neutral
N kò mọ ohun tí ó ṣẹlẹ̀. Mo ti dé.,neutral
update jẹ́ okay okay ń ṣeé ṣe.,neutral
yes pé update Eyi ko dara okay Mo ní ìrírí buburu.,negative
Ọjọ́ oni dara team O ni ẹ̀wà. Gbogbo nkan ń lọ dáadáa.,positive
eyi. fẹ́ràn ò Mi,negative
dara oni pupọ. Ọjọ́,positive
Mo later inú didùn loni.,positive
Ìfẹ́ rẹ̀ dá mi lórí. O ni ẹ̀wà.,positive
O ṣeun pupọ fun iranlọwọ rẹ.,positive
deadline ti ní ìrírí rere. Inú mi dùn pé mo rí ọ.,positive
okay rí ọ support ọ̀sán. Mo ti dé.,neutral
Ọjọ́ message kì í ṣe later office office thank you pé ó ń call ṣe.,neutral
Mo meeting ìbànújẹ thank you,negative
ọ rí ọ̀sán. Mo ní,neutral
gbóná. kì ṣe í support tó no,neutral
O thank you ní update Mo rí ọ ní ọ̀sán.,neutral
Ohun tí ó ṣẹlẹ̀ kùnà. ah,negative
okay kò mọ ohun tí work office Mo n lọ sí ile itaja. Ó jẹ́ email urgent ń ṣeé update,neutral
O ṣeun update fun iranlọwọ rẹ.,positive
Ọkàn mi ń rẹ́rù gan-an.,negative
urgent issue meeting didùn loni.,positive
Mo meeting lọ sí ile itaja. Ẹ̀rọ náà ń ṣiṣẹ́ báyìí.,neutral
"Ẹ jọ̀ọ́, ṣe é ṣàlàyé?",neutral
Mi support fẹ́ràn eyi. Ọkàn mi ń rẹ́rù thank you Kò pé rara.,negative
office pé rara. Ohun tí yes ṣẹlẹ̀ yes,negative
Mo yes inú didùn loni. Mo fẹ́ràn rẹ gan-an.,positive
Ọkàn mi yes rẹ́rù gan-an. O thank you eniyan ti ko dara rara. Ẹ̀rọ náà kò yes dáadáa.,negative
Ọmọde yii jẹ́ ọlọ́gbọ́n gan.,positive
message kò mọ urgent tí ó ṣẹlẹ̀. call urgent dé.,neutral
N thank you mọ email urgent ó ṣẹlẹ̀. Ọjọ́ oni kì í ṣe check gbóná.,neutral
Mo ní ìrírí buburu. O jẹ eniyan meeting ko dara office,negative
Ọmọde yii jẹ́ ọlọ́gbọ́n gan.,positive
ni pé rere. Mo ní dùn Inú mi rí mo ọ. ìrírí yes ẹ̀wà. O,positive
Ọkàn mi ń office check you know,negative
"no jọ̀ọ́, issue é office Mo n lọ sí ile itaja.",neutral
sorry yes ń rẹ́rù gan-an. call ko dara call,negative
Ẹ̀rọ náà kò ṣiṣẹ́ dáadáa.,negative
rẹ́rù mi rara. Ọkàn ń ko issue gan-an. Eyi dara ko rara. eniyan dara please O,negative
Ẹ̀rọ problem ń check work Ẹ meeting office é ṣàlàyé?,neutral
later oni kì í update tó gbóná.,neutral
Ohun tí ó ṣẹlẹ̀ kùnà. O please deadline ti ko call update,negative
"okay jọ̀ọ́, call é ṣàlàyé? O wa problem ita. Mo n lọ sí no itaja.",neutral
O okay eniyan office meeting dara rara. Kò pé rara. Mi ò call eyi.,negative
N kò mọ ohun tí ó ṣẹlẹ̀. Mo n lọ sí ile itaja.,neutral
Ohun tí ó ṣẹlẹ̀ later,negative
Inú mi dùn pé mo rí support Mo fẹ́ràn rẹ gan-an.,positive
N kò mọ ohun tí ó ṣẹlẹ̀. A o no lọ́la.,neutral
Ọkàn meeting ń rẹ́rù gan-an. Mo no later loni.,negative
Ẹ̀rọ náà kò later check,negative
Mo ní support loni.,negative
please office pupọ fun meeting rẹ.,positive
Mo ti ní message rere.,positive
email o pade check Mo rí ọ ní ọ̀sán.,neutral
problem mi ń rẹ́rù issue,negative
Ọjọ́ team dara pupọ.,positive
Ọkàn mi ń rẹ́rù gan-an.,negative
Ọjọ́ oni dara pupọ.,positive
Mo email issue loni.,negative
Mo ti dé. O wa ní ita.,neutral
you know issue ti ní ìrírí rere. Mo ní inú didùn loni.,positive
Ohun tí sorry message eh kùnà. Mo ní support loni. Ọkàn mi ń rẹ́rù gan-an.,negative
Ọjọ́ oni dara please,positive
email kò mọ ohun tí call ṣẹlẹ̀. A thank you pade lọ́la.,neutral
O jẹ eniyan ti ko dara rara. urgent mi ń rẹ́rù gan-an. Ẹ̀rọ náà kò ṣiṣẹ́ dáadáa.,negative
Ohun tí ó ṣẹlẹ̀ kùnà.,negative
Ìfẹ́ rẹ̀ dá support lórí.,positive
Ẹ̀rọ check kò ṣiṣẹ́ dáadáa.,negative
Ìfẹ́ rẹ̀ dá mi lórí. Mo fẹ́ràn rẹ gan-an.,positive
mi no rẹ́rù ti issue email message dara ń rara. jẹ O email deadline Ọkàn ko,negative
Mo please ìrírí buburu. call mi ń rẹ́rù gan-an. Kò call rara.,negative
Mo ti problem,neutral
O okay pupọ fun iranlọwọ rẹ. Ọjọ́ oni dara pupọ.,positive
Mo ní ìbànújẹ loni. Ẹ̀rọ náà kò office dáadáa.,negative
issue tí ó ṣẹlẹ̀ no Ẹ̀rọ náà kò ṣiṣẹ́ dáadáa.,negative
ní Mo buburu. ìrírí,negative
Eyi ko dara rara. Mo message ìbànújẹ call Ẹ̀rọ náà call yes dáadáa.,negative
"Ọjọ́ oni kì í ṣe tó gbóná. sorry jọ̀ọ́, ṣe é ṣàlàyé?",neutral
Mi ìbànújẹ eyi. ṣẹlẹ̀ Mo Ohun fẹ́ràn loni. check ní kùnà. ò ó,negative
dáadáa. pupọ. nkan office dara oni Gbogbo lọ ń,positive
ó sí deadline ṣeé ṣe. itaja. ń Ó thank you ile pé message message,neutral
Ọjọ́ team kì please ṣe tó ah later please jẹ́ pé ó ń ṣeé ṣe.,neutral
please ní inú didùn email eh Gbogbo nkan ń lọ dáadáa.,positive
Mo ní hmm inú didùn office O update pupọ fun iranlọwọ rẹ. later rẹ̀ dá mi lórí.,positive
no Ó ó ṣe kì í ṣeé ṣe. problem pé meeting gbóná. Ọjọ́ oni,neutral
like O wa team later,neutral
Mo n lọ sí hmm ile itaja.,neutral
check O ní Ẹ̀rọ náà no ń sorry ṣiṣẹ́,neutral
later rẹ̀ dá email update,positive
problem dáadáa. team Ẹ̀rọ ṣiṣẹ́,negative
Ọjọ́ message meeting í ṣe tó gbóná. A o pade check,neutral
Ọkàn mi ń rẹ́rù gan-an.,negative
okay ní inú didùn loni. O ṣeun email fun iranlọwọ rẹ.,positive
Mo ní ìbànújẹ loni. Ìbànújẹ ni pé o ṣe issue no ah work problem meeting gan-an.,negative
Mo fẹ́ràn rẹ gan-an.,positive
O okay eniyan ti ko dara rara.,negative
Mo call ìrírí buburu. Ọkàn mi ń office sorry,negative
Ìfẹ́ rẹ̀ dá mi lórí.,positive
email ṣeun pupọ fun iranlọwọ rẹ. update ah oni dara problem,positive
Ọmọde work jẹ́ email gan. Mo ti ní office thank you,positive
Mo n lọ sí ile itaja. A o pade lọ́la. Mo ti dé.,neutral
Ọjọ́ oni dara pupọ. O ṣeun pupọ fun iranlọwọ rẹ.,positive
support work ẹ̀wà.,positive
O ni ẹ̀wà. Ọjọ́ oni dara pupọ.,positive
Ẹ̀rọ thank you ń yes báyìí.,neutral
Ọmọde yii jẹ́ ọlọ́gbọ́n gan. Mo support ní ìrírí rere. message fẹ́ràn rẹ gan-an.,positive
Ìbànújẹ ni pé o ṣe bẹ́ẹ̀. Ohun tí ó ṣẹlẹ̀ kùnà.,negative
issue Mo inú didùn message,positive
Ọkàn mi ń rẹ́rù gan-an. Mo ní ìbànújẹ loni.,negative
Mo ti office,neutral
Ọjọ́ oni kì í ṣe tó gbóná. Mo n lọ sí ile itaja.,neutral
Ọjọ́ oni dara pupọ.,positive
Kò Ohun rara. tí kùnà. pé ó ṣẹlẹ̀,negative
Eyi ko office rara.,negative
Ìbànújẹ thank you pé o ṣe bẹ́ẹ̀. Ẹ̀rọ náà kò ṣiṣẹ́ dáadáa.,negative
O ni urgent Mo work inú didùn loni.,positive
Mo ní inú didùn loni. call rẹ̀ dá mi lórí.,positive
O ṣeun pupọ fun iranlọwọ rẹ.,positive
A o later lọ́la.,neutral
Ó problem pé support yes ṣeé ṣe. O wa ní ita.,neutral
work ní Mo loni. work,positive
"itaja. jọ̀ọ́, issue work ṣe yes Mo ile ṣàlàyé? lọ rí update ní ọ é call",neutral
Gbogbo nkan ń lọ dáadáa. O no ẹ̀wà.,positive
Mo office rẹ gan-an. meeting ní inú didùn loni.,positive
Inú no dùn pé mo rí ọ. O ni issue,positive
Mo meeting rẹ gan-an. Ọjọ́ sorry dara pupọ.,positive
O wa ní ita. Mo rí ọ ní ọ̀sán.,neutral
ita. O ní wa,neutral
O wa ní you know ita.,neutral
sorry náà problem ṣiṣẹ́ problem check wa ní ita.,neutral
Mo meeting inú didùn loni.,positive
Kò call rara.,negative
Mi ò fẹ́ràn eyi.,negative
no gbóná. í email tó ile Mo pade n o sí lọ Ọjọ́ lọ́la. okay itaja. ṣe,neutral
Ọkàn mi ń rẹ́rù sorry,negative
meeting thank you dùn pé mo problem ọ.,positive
Mo rí ọ ní ọ̀sán. call jẹ́ pé ó ń ṣeé ṣe. Mo n lọ sí ile itaja.,neutral
Gbogbo nkan ń lọ dáadáa. Mo no rẹ gan-an. Mo ní inú didùn loni.,positive
ò update náà eniyan dara Ẹ̀rọ O dáadáa. jẹ okay rara. ko kò Mi ṣiṣẹ́ fẹ́ràn,negative
Mo no dé.,neutral
Mo ní inú didùn loni.,positive
Mo support rẹ gan-an. Inú team dùn pé mo rí ọ.,positive
Ọmọde yii later ọlọ́gbọ́n email office call ẹ̀wà.,positive
Mo ti dé. email jẹ́ pé ó ń work ṣe.,neutral
Mo no dé.,neutral
N kò mọ work tí ó ṣẹlẹ̀. Mo n lọ yes ile itaja.,neutral
Kò pé rara.,negative
okay ní ìrírí buburu. Mo ní later loni.,negative
Mi ò okay eyi.,negative
email rí ọ ní ọ̀sán.,neutral
"Mo ah ti dé. Ẹ jọ̀ọ́, ṣe é email",neutral
Mo ti dé. N kò mọ ohun tí ó ṣẹlẹ̀.,neutral
call ò fẹ́ràn please,negative
A update pade lọ́la.,neutral
O urgent pupọ fun iranlọwọ urgent Ìfẹ́ rẹ̀ dá mi later,positive
ọ̀sán. ita. rí ní wa O ọ ní Mo,neutral
N kò mọ ohun tí ó ṣẹlẹ̀. Mo deadline dé. Mo rí deadline message ọ̀sán.,neutral
Mo ti dé.,neutral
gbóná. oni kì wa ní í please ita. O call ṣe,neutral
Ọkàn mi ń call team Mo ní meeting loni. Eyi please dara rara.,negative
Ìbànújẹ ni pé o ṣe bẹ́ẹ̀. Kò pé rara.,negative
Ó jẹ́ pé problem ń ṣeé ṣe. Mo ti dé.,neutral
Mo ní ìrírí buburu. Ẹ̀rọ náà kò ṣiṣẹ́ urgent O team eniyan ti message dara rara.,negative
Inú mi team pé mo later check,positive
Gbogbo nkan ń lọ dáadáa.,positive
okay jẹ́ pé ó ń ṣeé ṣe.,neutral
Mo ti update Ọjọ́ oni kì í ṣe tó gbóná. Mo rí ọ ní ọ̀sán.,neutral
Gbogbo nkan please lọ okay update ni ẹ̀wà.,positive
Ọmọde yii jẹ́ ọlọ́gbọ́n gan. Inú mi dùn yes mo rí sorry,positive
iranlọwọ ẹ̀wà. ṣeun later rẹ. ìrírí rere. fun O update ní email pupọ O,positive
Mo ti dé. N kò mọ ohun tí ó ṣẹlẹ̀.,neutral
pade issue lọ́la. thank you,neutral
Ọjọ́ oni kì í ṣe tó gbóná.,neutral
call fẹ́ràn rẹ gan-an. O team pupọ please office yes,positive
deadline mi ń rẹ́rù gan-an. yes ní ìrírí buburu.,negative
Mi ò check eyi.,negative
Mi ò fẹ́ràn eyi.,negative
Ọkàn mi issue rẹ́rù gan-an.,negative
Mo ní like ìbànújẹ loni.,negative
N kò urgent ohun later check urgent Ó jẹ́ pé ó work ṣeé ṣe.,neutral
Mo rí ọ̀sán. ah work ní,neutral
gbóná. meeting oni problem í kì ṣe,neutral
Mo ní ìrírí buburu. Mi ò fẹ́ràn eyi.,negative
Ọkàn urgent yes rẹ́rù yes Eyi ko dara rara.,negative
"Mo n deadline like problem ile later Ọjọ́ oni kì í ṣe deadline urgent Ẹ jọ̀ọ́, ṣe é ṣàlàyé?",neutral
O wa deadline ita. Ẹ okay ṣe é ṣàlàyé?,neutral
"Ẹ jọ̀ọ́, deadline é ṣàlàyé?",neutral
Ẹ work ṣe é ṣàlàyé? N kò mọ ohun tí team ṣẹlẹ̀.,neutral
call nkan ń lọ dáadáa. O ṣeun pupọ message email rẹ.,positive
o dara rara. problem team thank you tí O ko kùnà. ni work ṣẹlẹ̀ bẹ́ẹ̀. ó Ìbànújẹ update eniyan,negative
work update rẹ̀ dá mi,positive
Mo ní ìbànújẹ loni.,negative
Ẹ̀rọ náà kò ṣiṣẹ́ support Eyi ko dara rara. Ìbànújẹ email pé o ṣe bẹ́ẹ̀.,negative
Ìbànújẹ ni update meeting ṣe problem Eyi ko dara rara. check call ìrírí buburu.,negative
urgent kò mọ ohun tí ó ṣẹlẹ̀.,neutral
Mo ní ìbànújẹ loni. Ohun tí ó ṣẹlẹ̀ kùnà. Mo ní ìrírí buburu.,negative
O ni ẹ̀wà. sorry fẹ́ràn rẹ deadline O sorry pupọ sorry iranlọwọ rẹ.,positive
Mo n lọ sí ile itaja.,neutral
Mi ò urgent eyi.,negative
A like o pade lọ́la.,neutral
sorry ní message buburu. Ọkàn mi ń rẹ́rù gan-an.,negative
yes ni pé like o ṣe bẹ́ẹ̀. thank you jẹ eniyan ti ko dara rara.,negative
Ẹ̀rọ náà kò ṣiṣẹ́ dáadáa. Ohun tí ó ṣẹlẹ̀ kùnà.,negative
Mo ti ní ìrírí check,positive
A o pade you know office support jẹ́ pé ó no thank you ṣe.,neutral
later o pade urgent O wa issue urgent,neutral
Ó jẹ́ deadline ó ń ṣeé ṣe.,neutral
Ọjọ́ dara pupọ. oni,positive
Gbogbo thank you ń lọ dáadáa. okay office pupọ fun iranlọwọ rẹ. ah,positive
Ohun tí ó ṣẹlẹ̀ kùnà. Kò pé rara.,negative
Gbogbo nkan ń lọ dáadáa. support fẹ́ràn rẹ gan-an.,positive
Mi thank you fẹ́ràn eyi.,negative
hmm work ní ìrírí buburu.,negative
Mo ní ìrírí buburu. O jẹ update ti ko check rara. Ohun okay ó ṣẹlẹ̀ kùnà.,negative
O ni ẹ̀wà. Ìfẹ́ meeting yes mi lórí. Ọmọde yii update ọlọ́gbọ́n deadline,positive
Mo ní ìbànújẹ loni.,negative
Ọkàn mi ń rẹ́rù gan-an. O jẹ problem ti ah ko dara rara. Ohun tí ó ṣẹlẹ̀ kùnà.,negative
Mi ò fẹ́ràn later,negative
O wa ní ita.,neutral
"Ẹ jọ̀ọ́, ṣe é ṣàlàyé?",neutral
Mo ti deadline Ó jẹ́ pé ó work ṣeé ṣe.,neutral
Mo n lọ sí ile itaja.,neutral
Mo ní ìbànújẹ loni.,negative
Mo ní ìrírí buburu.,negative
N kò mọ ohun please ó ṣẹlẹ̀.,neutral
hmm Eyi ko message rara.,negative
Ìbànújẹ ni problem no ṣe bẹ́ẹ̀.,negative
Mo ti ní ìrírí rere. O ṣeun support fun iranlọwọ rẹ.,positive
A o pade lọ́la. O later ní ita. check jẹ́ pé ó ń ṣeé no,neutral
Ẹ̀rọ no kò ṣiṣẹ́ dáadáa. Mo ní ìbànújẹ loni.,negative
Mo check ní ìrírí rere. Inú mi dùn pé mo rí email later nkan ń lọ dáadáa.,positive
Kò pé rara.,negative
Mo ní ìrírí buburu.,negative
Mo ní inú didùn call,positive
O ni message,positive
Ọjọ́ oni dara work Mo ti ní ìrírí email,positive
Mo problem ìrírí buburu.,negative
Ẹ̀rọ náà ń ṣiṣẹ́ báyìí. O wa yes ita. Ẹ email ṣe é ṣàlàyé?,neutral
Ọjọ́ oni kì í later tó deadline support wa office ita. Mo please lọ sí ile sorry,neutral
Mi ò fẹ́ràn check Kò pé rara. Mo later ìrírí deadline,negative
no ọ email ọ̀sán. rí,neutral
A o pade update Ó jẹ́ pé ó ń yes ṣe. Ọjọ́ oni team í ṣe tó thank you,neutral
Eyi ko message rara.,negative
"Ẹ jọ̀ọ́, ṣe é message Ọjọ́ oni kì í ṣe tó please",neutral
Mo ní ìbànújẹ loni.,negative
Mo ti dé.,neutral
Mo email check buburu. Kò please rara.,negative
Ìbànújẹ ni pé o ṣe bẹ́ẹ̀. urgent problem check loni.,negative
Mo ti ní ìrírí rere.,positive
Inú mi dùn pé mo urgent ọ. Ọmọde yii jẹ́ ọlọ́gbọ́n gan. Mo ní inú didùn loni.,positive
Kò pé rara.,negative
sorry oni dara pupọ. you know,positive
Ẹ̀rọ náà ń team báyìí.,neutral
Kò pé urgent Mi ò fẹ́ràn urgent,negative
O check ẹ̀wà.,positive
you know O jẹ eniyan ti ko dara rara.,negative
Ìfẹ́ rẹ̀ dá deadline lórí.,positive
O ni office Gbogbo nkan check lọ dáadáa.,positive
later urgent update ṣẹlẹ̀ okay Ọkàn mi ń rẹ́rù check,negative
Mo ní ìbànújẹ loni.,negative
Ọmọde yii jẹ́ ọlọ́gbọ́n gan. support nkan ń yes dáadáa. call fẹ́ràn rẹ gan-an.,positive
Mo ní ah ìbànújẹ loni.,negative
O yes ní ita. N please mọ ohun tí ó okay Ó jẹ́ team meeting ń ṣeé okay,neutral
Ọjọ́ oni dara pupọ.,positive
email o Mo loni. pé update ìbànújẹ okay bẹ́ẹ̀. ni,negative
Ọjọ́ oni team pupọ. Ìfẹ́ rẹ̀ dá mi lórí. Inú mi dùn problem mo rí ọ.,positive
sorry oni ọ. rí ni please pé O mi dùn Ọjọ́ pupọ. mo sorry,positive
yes nkan ń lọ dáadáa. O ni office,positive
Mo ní ìrírí buburu. Ohun tí ó ṣẹlẹ̀ call Ọkàn mi office rẹ́rù gan-an.,negative
Ó jẹ́ pé ó deadline ṣeé ah ṣe.,neutral
Mo okay ọ ní ọ̀sán.,neutral
check office kò yes dáadáa. sorry mi meeting rẹ́rù gan-an.,negative
Ẹ̀rọ náà ń ṣiṣẹ́ urgent check update kì í ṣe tó gbóná.,neutral
Mo check ìrírí ní rere.,positive
Kò eh meeting urgent,negative
N kò yes ohun tí ó ṣẹlẹ̀.,neutral
Mo work problem ní ọ̀sán.,neutral
Kò office rara.,negative
Inú mi dùn pé mo rí ọ. Mo ti call ìrírí problem work support rẹ gan-an. ah,positive
O ṣeun no fun call rẹ. Mo fẹ́ràn rẹ gan-an.,positive
Ìbànújẹ ni pé o ṣe bẹ́ẹ̀. Mi yes no urgent,negative
Eyi ko dara rara.,negative
Ọmọde yii jẹ́ ọlọ́gbọ́n later problem ṣeun pupọ fun iranlọwọ rẹ.,positive
Ẹ̀rọ thank you ń call báyìí. Ó yes pé ó problem ṣeé urgent,neutral
Gbogbo nkan ń lọ dáadáa. Mo fẹ́ràn sorry yes,positive
Ohun tí kùnà. ṣẹlẹ̀ ó,negative
Mo ní inú team loni.,positive
Ìfẹ́ rẹ̀ dá mi lórí.,positive
Mo fẹ́ràn rẹ gan-an. Ìfẹ́ rẹ̀ dá mi lórí.,positive
problem o pade lọ́la.,neutral
office ti ní ìrírí rere. email oni problem pupọ.,positive
Ọkàn mi yes rẹ́rù issue Kò pé rara.,negative
Ẹ̀rọ náà ń problem báyìí.,neutral
Ohun urgent ó ṣẹlẹ̀ kùnà. Mi ò fẹ́ràn eyi.,negative
O meeting ní ita. Mo later lọ sí ile itaja.,neutral
Mo ti dé. call n lọ sí ile itaja. O wa ní ita.,neutral
Mo later inú office loni.,positive
Kò pé rara. O later eniyan ti ko dara rara. Ọkàn mi ń rẹ́rù gan-an.,negative
Mo ti ní ìrírí rere.,positive
Ọkàn mi thank you rẹ́rù gan-an.,negative
Ẹ please ṣe é ṣàlàyé? Mo ti check,neutral
Eyi ko dara team,negative
Mi later fẹ́ràn eyi.,negative
Mo meeting rẹ gan-an. Gbogbo nkan ń lọ dáadáa. email rẹ̀ check mi lórí.,positive
ṣẹlẹ̀ pé ko rara. tí deadline rara. dara kùnà. ó Ohun Kò,negative
"Ẹ sí problem update n Mo urgent itaja. lọ jọ̀ọ́, é you know",neutral
Ọmọde yii jẹ́ sorry gan. deadline rẹ̀ later issue lórí. Inú mi dùn pé check rí ọ.,positive
Mo ti ní check office Ọmọde yii message ọlọ́gbọ́n gan.,positive
no ṣe Ọjọ́ o kì Mo lọ́la. dé. A ti tó oni pade í,neutral
Mo ní ìbànújẹ loni. meeting ní check buburu.,negative
ní rí Mo ọ̀sán. ọ,neutral
Ohun tí support ṣẹlẹ̀ kùnà.,negative
Ọjọ́ oni dara pupọ. no ní inú didùn loni. O ṣeun pupọ fun iranlọwọ rẹ.,positive
okay fẹ́ràn thank you gan-an. O ni ẹ̀wà.,positive
okay tí ó ṣẹlẹ̀ kùnà. O sorry eniyan ti ko call rara.,negative
urgent oni dara pupọ.,positive
no rí ọ message ọ̀sán. email jẹ́ work ó ń ṣeé ṣe.,neutral
Mo like ní inú didùn loni. O ni ẹ̀wà.,positive
Ó urgent pé ó ń ṣeé ṣe.,neutral
Ẹ office ṣe é ṣàlàyé? O wa no ita.,neutral
Ẹ̀rọ náà kò ṣiṣẹ́ dáadáa. Mi ò fẹ́ràn eyi. Ohun tí ó ṣẹlẹ̀ yes,negative
Ìbànújẹ ni urgent o ṣe yes O deadline eniyan work ko office rara.,negative
Ìbànújẹ ni pé o ṣe bẹ́ẹ̀.,negative
Mo ní ìbànújẹ loni. Eyi ah ko dara rara.,negative
ṣiṣẹ́ dáadáa. kò no Ẹ̀rọ,negative
Mo ní ìrírí buburu. sorry no issue o ṣe bẹ́ẹ̀.,negative
okay o bẹ́ẹ̀. Ìbànújẹ ṣe pé,negative
Mo ti dé. Ẹ̀rọ email ń ṣiṣẹ́ sorry,neutral
thank you oni kì í update tó yes Ẹ̀rọ náà ń ṣiṣẹ́ báyìí. A o pade lọ́la.,neutral
Mo yes ìbànújẹ loni. Ọkàn mi issue ah rẹ́rù gan-an.,negative
Mo ní inú didùn issue hmm,positive
sorry later check pé mo rí office,positive
"Ẹ jọ̀ọ́, ṣe é ṣàlàyé? N kò mọ ohun urgent work ṣẹlẹ̀.",neutral
call rara. eniyan dara ti O jẹ,negative
Ìfẹ́ rẹ̀ dá mi lórí.,positive
Ìfẹ́ rẹ̀ dá mi lórí. Ọmọde call like jẹ́ ọlọ́gbọ́n gan. deadline problem pupọ thank you iranlọwọ okay,positive
Ìbànújẹ ni pé o ṣe bẹ́ẹ̀. Eyi ko meeting check,negative
"Ẹ jọ̀ọ́, ṣe é ṣàlàyé? no n lọ meeting ile itaja.",neutral
Ó jẹ́ pé ó ń ṣeé ṣe. Mo n later sí ile itaja.,neutral
O ṣeun pupọ fun please urgent Mo ti team ìrírí rere.,positive
thank you deadline ó ṣẹlẹ̀ kùnà.,negative
meeting oni please pupọ. O okay team later ṣeun pupọ fun iranlọwọ rẹ.,positive
please work ẹ̀wà. Mo fẹ́ràn sorry gan-an.,positive
O sorry ẹ̀wà. Mo hmm ní inú didùn loni.,positive
Ẹ̀rọ náà ń ṣiṣẹ́ báyìí. Ọjọ́ oni kì office ṣe tó gbóná.,neutral
Mo thank you rẹ gan-an. update issue jẹ́ ọlọ́gbọ́n gan. O ṣeun pupọ fun iranlọwọ rẹ.,positive
Eyi Mo call ìbànújẹ call work no dara,negative
"Ẹ jọ̀ọ́, ṣe é ṣàlàyé? team náà ń ṣiṣẹ́ báyìí.",neutral
no mi ń rẹ́rù gan-an. Kò issue rara. Mo ní ìrírí buburu.,negative
Eyi ko dara rara.,negative
Ìbànújẹ ni pé o eh ṣe bẹ́ẹ̀.,negative
issue ti dé.,neutral
Ẹ sorry ṣe é eh ṣàlàyé?,neutral
thank you ko update rara. Mo ní ìbànújẹ loni.,negative
eyi. ò later Mo Mi meeting fẹ́ràn buburu.,negative
O ita. urgent wa,neutral
O meeting later ti ko dara rara.,negative
Ọkàn thank you hmm ń rẹ́rù gan-an.,negative
N kò mọ call tí ó ṣẹlẹ̀. ah Ẹ̀rọ náà ń ṣiṣẹ́ báyìí.,neutral
Ọjọ́ message dara pupọ.,positive
Mo ní ìrírí buburu. Ẹ̀rọ náà kò ṣiṣẹ́ dáadáa.,negative
support ò deadline eyi. Mo ní ìrírí eh yes,negative
Mo ní inú update loni. Inú mi dùn team hmm mo rí ọ. Ọjọ́ sorry dara pupọ.,positive
Ọmọde yii jẹ́ ọlọ́gbọ́n gan. Mo yes rẹ problem Inú mi email pé mo rí ọ.,positive
Mo message inú didùn thank you Mo ti work ìrírí rere.,positive
email ti please,neutral
thank you o pade lọ́la. Ó jẹ́ pé ó thank you deadline ṣe. Ẹ̀rọ náà ń issue sorry,neutral
team ko dara rara. Mo ní ìrírí buburu.,negative
deadline call ní ìrírí rere.,positive
Mo check jẹ́ Ọmọde gan-an. gan. yes rẹ fẹ́ràn,positive
Mo ti dé.,neutral
Ìfẹ́ rẹ̀ dá mi lórí.,positive
Kò pé rara. please jẹ eniyan issue call dara rara.,negative
Mi meeting fẹ́ràn eyi.,negative
Gbogbo problem eh ń lọ dáadáa.,positive
support ò yes okay,negative
urgent oni kì í ṣe tó gbóná. Ó jẹ́ pé ó later ṣeé ṣe.,neutral
Mo ti dé. check náà ń later báyìí. N kò mọ ohun email okay ṣẹlẹ̀.,neutral
Ẹ̀rọ náà ń ṣiṣẹ́ báyìí.,neutral
gan-an. mi rẹ́rù Ọkàn ń,negative
Mo ti dé.,neutral
Ìfẹ́ rẹ̀ dá problem lórí.,positive
O ah ṣeun pupọ support iranlọwọ rẹ. Mo okay inú didùn loni.,positive
"Ẹ jọ̀ọ́, ṣe é meeting",neutral
Ẹ̀rọ náà call ṣiṣẹ́ like dáadáa. Ọkàn mi ń rẹ́rù sorry,negative
Mo ti update ìrírí rere.,positive
Inú message dùn pé mo check ọ.,positive
Mo ní ìbànújẹ loni.,negative
Mo n lọ sí ile itaja.,neutral
yes thank you email later Kò pé ah rara.,negative
ìrírí Mo ah ní tí ṣẹlẹ̀ kùnà. okay ó deadline,negative
Mo n lọ sí urgent itaja. Mo rí call ní ọ̀sán. update deadline dé.,neutral
Ohun tí office ṣẹlẹ̀ kùnà. Mo later ìrírí work,negative
Mo ní ìbànújẹ loni. message ò fẹ́ràn meeting,negative
Ọjọ́ oni dara pupọ.,positive
meeting mi ń rẹ́rù gan-an. Mi ò fẹ́ràn thank you,negative
O jẹ eniyan ti ko dara rara. Ohun tí ó no kùnà.,negative
Mo n lọ sí ile please,neutral
Mo call ní email rere.,positive
Ìbànújẹ ni pé o ṣe bẹ́ẹ̀. Eyi ko dara rara.,negative
Ọjọ́ oni dara pupọ.,positive
Mo ní urgent didùn loni. Ọjọ́ oni dara call,positive
Mo update dé.,neutral
"N kò mọ ohun tí ó support call wa update ita. Ẹ jọ̀ọ́, ṣe é check",neutral
email ní ìrírí buburu. Ẹ̀rọ call kò ṣiṣẹ́ message Ọkàn mi deadline rẹ́rù gan-an.,negative
Eyi ko dara rara. O please eniyan ti call dara rara.,negative
Ìbànújẹ ni pé urgent ṣe bẹ́ẹ̀. Kò pé rara.,negative
Mo n lọ sí ile itaja. Ó jẹ́ call ó ń check ṣe.,neutral
message meeting office lọ dáadáa.,positive
Ọjọ́ oni kì í ṣe tó gbóná.,neutral
"Ọjọ́ oni support í okay tó gbóná. sorry kò mọ okay tí please ṣẹlẹ̀. Ẹ jọ̀ọ́, ṣe é yes",neutral
Ọkàn mi sorry rẹ́rù gan-an.,negative
"O wa ní ita. Ẹ jọ̀ọ́, update é ṣàlàyé? Mo deadline office deadline ọ̀sán. you know",neutral
Gbogbo check ń lọ dáadáa.,positive
Eyi ko dara rara.,negative
Mo n lọ sí ile itaja.,neutral
Ẹ̀rọ náà urgent ṣiṣẹ́ báyìí. Mo n lọ email ile itaja.,neutral
Mo rí ọ ní update later náà ń sorry báyìí.,neutral
O wa ní support,neutral
Ọjọ́ problem kì support ṣe tó gbóná.,neutral
O ṣeun pupọ fun iranlọwọ rẹ. Mo fẹ́ràn rẹ meeting,positive
update náà kò urgent sorry Mo ní later buburu.,negative
Ìbànújẹ ni you know pé o ṣe bẹ́ẹ̀.,negative
Mo ti dé. thank you rí ọ ní sorry A o pade lọ́la.,neutral
O later ní ita.,neutral
Gbogbo nkan yes lọ dáadáa. Inú mi work pé mo rí deadline,positive
dáadáa. work check Ẹ̀rọ ṣiṣẹ́ deadline Ìbànújẹ issue pé office ṣe,negative
Mo ti mọ office tí sorry ó ohun dé. kò,neutral
Ọkàn dara rara. ko update mi gan-an. Eyi ń,negative
"okay jọ̀ọ́, ṣe okay ṣàlàyé?",neutral
ní ìrírí Mo rere. ti,positive
Ẹ̀rọ no ń ṣiṣẹ́ báyìí.,neutral
Ìfẹ́ rẹ̀ dá thank you support Inú mi urgent pé mo rí ọ. team yii jẹ́ problem gan.,positive
Ìfẹ́ rẹ̀ dá mi lórí. Mo ti thank you issue rere.,positive
loni. fẹ́ràn ní Mi ìbànújẹ Mo eyi. ò,negative
ọ lọ ile Mo please itaja. ṣiṣẹ́ rí update Mo work ní ń báyìí. náà eh Ẹ̀rọ,neutral
Ìbànújẹ ni pé o ṣe bẹ́ẹ̀. O jẹ eniyan ti ko call rara.,negative
Ẹ̀rọ náà kò ṣiṣẹ́ dáadáa. Mo call support buburu. Mi ò fẹ́ràn eyi.,negative
Ìfẹ́ rẹ̀ dá please meeting eh,positive
Mo ní inú didùn problem Mo ti team ìrírí rere.,positive
Ìbànújẹ ah no pé o ṣe bẹ́ẹ̀.,negative
urgent mi ń rẹ́rù gan-an.,negative
Mo rí ọ ní ọ̀sán.,neutral
Mo work ìrírí buburu. no ò message eyi.,negative
Ìbànújẹ message pé o ṣe bẹ́ẹ̀.,negative
loni. Mo didùn you know ní inú,positive
"no jọ̀ọ́, ṣe later ṣàlàyé? support wa ní ita.",neutral
"Ẹ jọ̀ọ́, ṣe é issue",neutral
Mo n lọ sí urgent itaja.,neutral
O update eniyan ti meeting dara rara.,negative
issue rẹ̀ dá mi lórí. Gbogbo nkan ń lọ dáadáa.,positive
O ṣeun pupọ team iranlọwọ rẹ. problem ní inú deadline loni.,positive
Ẹ̀rọ meeting ń ṣiṣẹ́ team,neutral
Mo ní inú didùn issue,positive
you know issue ní ìbànújẹ loni.,negative
Ìbànújẹ ni pé o ṣe bẹ́ẹ̀. Ẹ̀rọ náà kò ṣiṣẹ́ dáadáa.,negative
Ọjọ́ check work pupọ. Inú mi dùn later thank you message ọ.,positive
Ọjọ́ eh oni kì yes ṣe tó support,neutral
gbóná. Ọjọ́ sorry oni ṣe tó í,neutral
update yii jẹ́ ọlọ́gbọ́n gan.,positive
update ò fẹ́ràn eyi. O jẹ eniyan ti ko dara rara.,negative
ṣẹlẹ̀. ó Ọjọ́ ṣe check sorry kì deadline gbóná. kò mọ yes tí N,neutral
Mo ní ìbànújẹ loni. Ìbànújẹ ni pé o ṣe bẹ́ẹ̀.,negative
team ní ìrírí buburu. like,negative
ṣeun fun pupọ gan. ọlọ́gbọ́n yii iranlọwọ O ẹ̀wà. check O Ọmọde rẹ. ni,positive
deadline oni kì í ṣe tó gbóná. Mo rí ọ ní ọ̀sán. Ẹ̀rọ issue yes ṣiṣẹ́ báyìí.,neutral
Ó jẹ́ pé ó ń ṣeé ṣe. Mo ti dé.,neutral
O jẹ problem ti ko dara rara.,negative
Mo ọ A call ọ̀sán. pade lọ́la. ní o,neutral
deadline support inú didùn loni. work fẹ́ràn rẹ gan-an.,positive
í gbóná. update yes email ṣe Ọjọ́,neutral
Mo fẹ́ràn rẹ okay thank you mi dùn pé issue rí ọ.,positive
Inú mi dùn pé mo support ọ.,positive
problem o pade lọ́la.,neutral
Ohun tí ó ṣẹlẹ̀ kùnà. Kò pé rara. Mo message ìrírí no,negative
ìbànújẹ Mo kò dáadáa. rara. náà meeting pé Kò ṣiṣẹ́ problem Ẹ̀rọ,negative
Mo ní ìrírí buburu.,negative
Mo fẹ́ràn rẹ gan-an. Gbogbo nkan ń lọ dáadáa.,positive
Mo ti ní ìrírí rere. Ọjọ́ oni dara pupọ.,positive
Mo message ìrírí issue Eyi ko sorry rara.,negative
Mo ní ìrírí buburu. please pé rara.,negative
Mo ti check ìrírí rere. Mo ní inú didùn like loni. Mo fẹ́ràn rẹ problem,positive
Mo rí ọ ní ọ̀sán.,neutral
"support jọ̀ọ́, Mo ti é Ẹ ṣe ṣàlàyé?",neutral
Ohun tí ó ṣẹlẹ̀ kùnà. Ọkàn mi ń rẹ́rù gan-an.,negative
Gbogbo nkan ń lọ dáadáa.,positive
Gbogbo problem thank you lọ dáadáa. yes mi dùn pé mo rí ọ. O ṣeun pupọ fun iranlọwọ rẹ.,positive
please ni ẹ̀wà. Ọmọde yii jẹ́ ọlọ́gbọ́n gan.,positive
lọ dáadáa. nkan no gan-an. sorry urgent please rẹ,positive
team jẹ you know eniyan urgent ko dara rara.,negative
A team support issue no ah kò mọ ohun meeting ó ṣẹlẹ̀.,neutral
Mo fẹ́ràn check gan-an. Inú mi office pé no rí ọ. O ni ẹ̀wà.,positive
Ohun issue ó ṣẹlẹ̀ kùnà.,negative
N check mọ thank you tí ó ṣẹlẹ̀. check n lọ sí ile itaja.,neutral
Ọmọde yii update ọlọ́gbọ́n sorry,positive
O ni ẹ̀wà. okay ní inú didùn loni. Gbogbo nkan support lọ dáadáa.,positive
Ìbànújẹ ni pé office ṣe update Mo message ìbànújẹ loni.,negative
O ṣeun pupọ fun iranlọwọ rẹ. Mo fẹ́ràn rẹ gan-an.,positive
Gbogbo nkan ń support dáadáa. Ọjọ́ oni support work,positive
N kò mọ ohun tí ó ṣẹlẹ̀. Ẹ̀rọ náà issue ṣiṣẹ́ báyìí. O wa ní work,neutral
kò issue pade lọ́la. A báyìí. tí ṣẹlẹ̀. Ẹ̀rọ N ohun o ó mọ urgent ń,neutral
Ẹ sorry ṣe é message N kò mọ ohun tí ó ṣẹlẹ̀.,neutral
Inú mi dùn no mo rí ọ.,positive
Ọmọde yii jẹ́ ọlọ́gbọ́n gan.,positive
Mi ò fẹ́ràn eyi. Mo ní ìbànújẹ loni.,negative
Mo issue inú didùn please,positive
N yes mọ ohun tí no ṣẹlẹ̀. O wa ní ita.,neutral
Mo ní deadline buburu. O jẹ update problem ko dara rara.,negative
Eyi ko dara rara. Kò pé rara.,negative
Ọjọ́ oni message email Gbogbo nkan ń lọ dáadáa. Mo fẹ́ràn rẹ gan-an.,positive
"Ẹ jọ̀ọ́, ṣe é ṣàlàyé? Mo ti dé.",neutral
team tí ó ṣẹlẹ̀ kùnà.,negative
Inú work dùn pé mo rí ọ. Mo ní inú didùn sorry O ṣeun pupọ fun sorry rẹ.,positive
Gbogbo nkan ń issue dáadáa.,positive
Mo ti call ìrírí rere. O ṣeun pupọ fun iranlọwọ rẹ.,positive
A o pade lọ́la.,neutral
check ti ní ìrírí rere.,positive
"Mo call dé. N update mọ ohun no ó ṣẹlẹ̀. Ẹ jọ̀ọ́, later é ṣàlàyé?",neutral
Mo fẹ́ràn later gan-an. team yii jẹ́ ọlọ́gbọ́n gan. Ìfẹ́ rẹ̀ dá mi team,positive
please ti ní ìrírí thank you Mo fẹ́ràn rẹ gan-an.,positive
Eyi ko dara yes Ohun team ó update kùnà.,negative
Mo ní ìrírí support Kò update rara.,negative
Mo ti email ìrírí rere.,positive
Mo rí ọ ní ọ̀sán. Ọjọ́ call kì í update call gbóná.,neutral
Ọkàn mi ń rẹ́rù gan-an. ah Ẹ̀rọ náà kò ṣiṣẹ́ dáadáa. O jẹ eniyan ti ko dara rara.,negative
message oni kì problem issue tó gbóná. Ẹ̀rọ náà ń ṣiṣẹ́ báyìí.,neutral
Mo please update didùn loni. Inú mi message call mo rí ọ.,positive
problem náà ń ṣiṣẹ́ báyìí. work wa update ita.,neutral
Mo ti dé. urgent wa ní ita.,neutral
issue deadline ọ ní ọ̀sán. Ẹ̀rọ náà ń ṣiṣẹ́ báyìí.,neutral
"Mo issue office Ẹ jọ̀ọ́, ṣe é email",neutral
wa oni í gbóná. ṣe kì check tó Ọjọ́ ní problem,neutral
Ó jẹ́ pé thank you ń ṣeé ṣe. O wa ní thank you,neutral
Ọkàn mi ń team gan-an. Mo ní ìrírí problem Kò email rara.,negative
N kò mọ ohun ah issue ó ṣẹlẹ̀. Mo ti dé.,neutral
team rẹ̀ yes update lórí. Mo sorry ní ìrírí rere.,positive
Gbogbo office ń lọ later okay ṣeun pupọ office iranlọwọ rẹ.,positive
Ọkàn office ń rẹ́rù gan-an. meeting náà urgent issue dáadáa.,negative
Ó jẹ́ pé ó ń yes ṣe. yes ti dé. Mo n lọ later ile itaja.,neutral
Mo n lọ support ile itaja.,neutral
N kò mọ later tí ó ṣẹlẹ̀. A o pade lọ́la.,neutral
O yes eniyan ti ko message rara. please ní ìbànújẹ no,negative
Mo ní inú work meeting Inú mi dùn pé mo rí ọ. Ìfẹ́ rẹ̀ dá mi lórí.,positive
Ẹ̀rọ náà kò ṣiṣẹ́ dáadáa. Eyi ko dara rara. Ọkàn mi please rẹ́rù gan-an.,negative
Inú mi dùn pé mo thank you email O ni ẹ̀wà.,positive
Mo rí ọ ní deadline,neutral
Kò pé rara.,negative
Mi ò fẹ́ràn eyi. O jẹ eniyan ti ko dara like issue,negative
Mo fẹ́ràn rẹ gan-an. sorry mi dùn pé okay rí ọ. Ìfẹ́ thank you dá mi support,positive
Mo check ìrírí buburu.,negative
Ọjọ́ oni dara pupọ. Mo fẹ́ràn rẹ gan-an. work ni ẹ̀wà.,positive
Ọmọde like deadline jẹ́ ọlọ́gbọ́n gan.,positive
Kò pé rara. Mo ní ìbànújẹ loni. Ohun tí ó please message,negative
Ẹ̀rọ náà ń okay báyìí. Mo ti dé. no rí ọ ní ọ̀sán.,neutral
message pé rara. Mo update ìbànújẹ urgent,negative
N support mọ ohun tí ó meeting call o pade lọ́la. Mo rí ọ ní ọ̀sán.,neutral
yes pupọ rẹ rẹ. update fẹ́ràn dùn mi issue mo Inú okay rí check fun Mo pé,positive
N kò mọ ohun tí ó ṣẹlẹ̀. A o pade yes,neutral
urgent kò mọ email tí ó ṣẹlẹ̀. team later ní no Ọjọ́ oni thank you í ṣe tó gbóná.,neutral
Ọmọde problem call check gan. Mo ní inú didùn loni. Gbogbo nkan issue lọ dáadáa.,positive
Inú mi dùn pé mo rí ọ.,positive
Mo please ní ìrírí rere. O message ẹ̀wà. Mo thank you inú didùn loni.,positive
Inú check dùn pé mo rí ọ. update ti ní ìrírí rere.,positive
mo mi dùn Inú like ọ. pé yes,positive
Mo ní ìbànújẹ loni. Mi ò update please urgent ni please message ṣe bẹ́ẹ̀. like,negative
Ẹ̀rọ náà kò ṣiṣẹ́ dáadáa. check please dara rara.,negative
Ẹ̀rọ náà kò message dáadáa. Ìbànújẹ please pé o support team Mi ò fẹ́ràn okay,negative
later wa ní ita.,neutral
Ọkàn mi support rẹ́rù gan-an.,negative
team wa ní ita.,neutral
sí itaja. ile lọ n pade no A Mo lọ́la.,neutral
N kò mọ ohun tí ó ṣẹlẹ̀.,neutral
no thank you ìbànújẹ loni.,negative
Ó jẹ́ pé ó ń ṣeé ṣe. work o pade lọ́la.,neutral
Mo ti dé. you know,neutral
Ọjọ́ oni kì í ṣe tó please Mo please dé.,neutral
Mo ní inú didùn loni. Mo fẹ́ràn rẹ gan-an.,positive
A o pade lọ́la. call thank you thank you é ṣàlàyé? Ó okay check ó ń okay ṣe.,neutral
please mi ń rẹ́rù no Ẹ̀rọ please support urgent dáadáa. message ò fẹ́ràn eyi.,negative
Mo rí ọ meeting ọ̀sán.,neutral
later urgent rara. Mo later thank you loni.,negative
Kò pé rara.,negative
Ọjọ́ oni dara pupọ. email rẹ̀ team mi lórí.,positive
"Ẹ jọ̀ọ́, ṣe é ṣàlàyé?",neutral
Ọjọ́ oni dara check Inú mi dùn okay meeting rí ọ. Ọmọde issue jẹ́ check gan.,positive
"Ẹ jọ̀ọ́, deadline é support",neutral
Mo rí ọ ní ọ̀sán.,neutral
Mo n lọ sí ile urgent,neutral
O please ní ita. Ọjọ́ yes kì yes ṣe tó deadline please work call,neutral
Ọmọde please jẹ́ ọlọ́gbọ́n gan.,positive
Inú mi dùn pé mo rí ọ. issue deadline dá mi lórí.,positive
thank you náà like deadline ṣiṣẹ́ dáadáa.,negative
Ohun tí check ṣẹlẹ̀ work Mi ò email eyi.,negative
call náà kò ṣiṣẹ́ dáadáa. Kò pé rara.,negative
"Ẹ like jọ̀ọ́, ṣe é ṣàlàyé?",neutral
loni. eyi. support urgent team Mo ò fẹ́ràn meeting dara ìbànújẹ ní,negative
Ìbànújẹ ni no o ṣe bẹ́ẹ̀. Ọkàn mi ń no gan-an.,negative
Ọjọ́ oni call issue later mi dùn pé mo rí call,positive
Mo ti ní ìrírí rere. Inú urgent dùn pé mo rí ọ.,positive
Ọjọ́ oni kì í ṣe tó gbóná.,neutral
O you know wa ní work Ó jẹ́ pé thank you ń issue office,neutral
Mo fẹ́ràn rẹ gan-an.,positive
message nkan later lọ dáadáa.,positive
Ọjọ́ oni kì í ṣe thank you gbóná.,neutral
Mo dé. ti,neutral
Mo message lọ sí ile itaja. later oni kì í ṣe tó meeting,neutral
Ọkàn work ń rẹ́rù gan-an. Ẹ̀rọ náà kò ṣiṣẹ́ dáadáa.,negative
N kò sorry ohun tí ó ṣẹlẹ̀.,neutral
Mo ti dé.,neutral
Ọjọ́ oni kì í ṣe problem gbóná. O wa ní ita.,neutral
later mi dùn pé mo rí ọ.,positive
Mo ní ìbànújẹ loni.,negative
Ẹ̀rọ náà ń ṣiṣẹ́ báyìí.,neutral
itaja. rí ọ Mo Mo team lọ sí n ile ní ọ̀sán. ti dé.,neutral
Ohun tí ó ṣẹlẹ̀ kùnà. Ọkàn mi team rẹ́rù gan-an.,negative
support wa call ita. eh,neutral
issue ò fẹ́ràn eyi. Mo ní ìrírí buburu.,negative
Ọkàn mi ń yes gan-an.,negative
Mo ti ní ìrírí rere. thank you update dá mi issue O ni ẹ̀wà.,positive
Mi message fẹ́ràn eyi.,negative
"Ọjọ́ oni you know kì í ṣe tó gbóná. Ẹ jọ̀ọ́, ṣe é ṣàlàyé? N kò mọ ohun call ó ṣẹlẹ̀.",neutral
Inú mi okay pé mo check ọ.,positive
call problem dá mi work Inú mi dùn team mo support office,positive
Eyi ko dara rara. Ọkàn later ń rẹ́rù no,negative
Mo ní meeting didùn loni. O ṣeun pupọ later iranlọwọ rẹ. O ni ẹ̀wà.,positive
Mo ní ìrírí issue Ọkàn mi ń rẹ́rù gan-an.,negative
Mo ní ìrírí buburu. Mo sorry ìbànújẹ loni. Ọkàn mi ń rẹ́rù hmm gan-an.,negative
Ẹ̀rọ náà update ṣiṣẹ́ báyìí. Mo rí ọ ní ọ̀sán. Mo ti dé.,neutral
Kò pé work Mo update ìbànújẹ loni.,negative
Mo ní okay meeting,negative
Ìbànújẹ ni pé o office bẹ́ẹ̀. Mo ní ìbànújẹ loni. please deadline rara.,negative
Mo okay rẹ gan-an. Inú mi dùn pé mo rí yes,positive
Inú mi dùn office mo rí yes Mo fẹ́ràn rẹ update,positive
Inú mo pé lọ nkan Gbogbo rí dáadáa. okay team ọ. mi,positive
Mo sorry dé. Ọjọ́ oni no í check tó gbóná.,neutral
Kò pé eh rara.,negative
Ọmọde yii please check gan. email nkan ń no dáadáa.,positive
Ọjọ́ oni dara pupọ. Inú mi dùn pé work rí ọ.,positive
Ọjọ́ check kì í update work gbóná.,neutral
Ẹ̀rọ náà kò ṣiṣẹ́ dáadáa. Ìbànújẹ ni pé support ṣe bẹ́ẹ̀. Eyi ko dara rara.,negative
Kò pé rara.,negative
team mi dùn pé mo rí ọ. Mo team inú didùn loni.,positive
ní ìrírí Ohun kùnà. call buburu. ó tí issue,negative
Ọjọ́ message dara team,positive
Ẹ̀rọ náà kò ṣiṣẹ́ dáadáa.,negative
"Mo ti dé. Ẹ jọ̀ọ́, ṣe é ṣàlàyé?",neutral
Mo rẹ ni email ẹ̀wà. O gan-an.,positive
Ọjọ́ oni kì urgent ṣe tó gbóná. Mo n lọ message ile itaja. A o pade lọ́la.,neutral
Mi ò check email support ní ìrírí buburu.,negative
Mo ní inú didùn loni.,positive
pé ni ṣe yes Ìbànújẹ check,negative
Gbogbo nkan work please dáadáa. Inú team dùn pé mo rí ọ.,positive
Kò no rara. Mo ní ìbànújẹ loni. Mo ní ìrírí buburu.,negative
Mo ní inú didùn loni. Ìfẹ́ rẹ̀ dá mi lórí.,positive
buburu. ni ní bẹ́ẹ̀. pé ṣe Mo Ìbànújẹ ìbànújẹ ìrírí ní o loni. Mo,negative
Mo ní inú meeting loni.,positive
later oni kì í ṣe tó gbóná. A o pade lọ́la.,neutral
Mi ò fẹ́ràn eyi. Mo ní meeting problem,negative
Mo please ní work rere.,positive
"Mo rí ọ office ọ̀sán. Mo ti dé. Ẹ jọ̀ọ́, ṣe deadline ṣàlàyé?",neutral
meeting O oni pupọ dara fun rẹ. later ṣeun pupọ.,positive
Ìbànújẹ yes pé o ṣe bẹ́ẹ̀. Ọkàn mi ń rẹ́rù gan-an. Mo ní ìbànújẹ message,negative
Mo fẹ́ràn rẹ gan-an. Mo call inú didùn loni.,positive
Mo office inú didùn support,positive
O Mo ẹ̀wà. ìrírí ní rere. meeting ti,positive
N kò mọ ohun work ó ṣẹlẹ̀.,neutral
message pé rara. Ẹ̀rọ náà kò message sorry urgent tí ó ṣẹlẹ̀ kùnà.,negative
A o pade lọ́la. Mo rí ọ ní ọ̀sán.,neutral
ń jẹ́ Ó ṣe. ṣeé pé ó,neutral
Ọjọ́ oni later í ṣe tó call,neutral
please tí ó ṣẹlẹ̀ kùnà. Kò pé rara. Ẹ̀rọ náà office update urgent,negative
team ti ní ìrírí rere. Ìfẹ́ rẹ̀ dá mi lórí. Inú problem dùn pé mo rí ọ.,positive
thank you no no message,positive
A o work lọ́la. O wa ní ita.,neutral
okay ń Mi rẹ́rù gan-an. ní mi deadline fẹ́ràn eyi. ìrírí buburu. ò,negative
Mo ní email didùn office Mo problem ní ìrírí rere. Mo fẹ́ràn rẹ gan-an.,positive
"Ẹ jọ̀ọ́, ṣe é ṣàlàyé?",neutral
Mo okay dé. check kò mọ ohun tí ó ṣẹlẹ̀.,neutral
Mo ti ní ìrírí work Mo fẹ́ràn rẹ gan-an.,positive
Mo ní inú didùn loni.,positive
A o pade lọ́la.,neutral
Mo n work sí ile itaja.,neutral
N kò mọ ohun update ó ṣẹlẹ̀. Mo rí message ní call sorry n lọ sí ile itaja.,neutral
Mo n lọ sí ile itaja.,neutral
Ẹ̀rọ náà kò team dáadáa. Ìbànújẹ ni pé o ṣe bẹ́ẹ̀.,negative
Mo ní ìbànújẹ loni. Mi ò fẹ́ràn eyi.,negative
O wa ní ita.,neutral
dara okay Ọjọ́ Ọmọde pupọ. oni yii gan. jẹ́,positive
Ohun tí ó ṣẹlẹ̀ sorry,negative
Mo ní ìbànújẹ loni.,negative
Gbogbo nkan ń lọ dáadáa. Inú mi call pé mo rí ọ. Ìfẹ́ rẹ̀ dá mi lórí.,positive
Ọkàn later ń rẹ́rù gan-an. team pé rara.,negative
Ọjọ́ rẹ. ṣeun fun oni pupọ. pupọ dara iranlọwọ O,positive
Ọjọ́ oni kì okay ṣe update gbóná. please later lọ sí ile itaja. A o check lọ́la.,neutral
Ohun tí ó ṣẹlẹ̀ kùnà.,negative
"Ẹ jọ̀ọ́, ṣe call ṣàlàyé? Mo ti dé.",neutral
A o pade lọ́la.,neutral
O ṣeun pupọ fun iranlọwọ problem Ọjọ́ call dara pupọ.,positive
Ẹ̀rọ náà ń ṣiṣẹ́ báyìí.,neutral
Ohun team check ṣẹlẹ̀ kùnà. check mi ń rẹ́rù gan-an. Eyi no deadline rara.,negative
ṣiṣẹ́ kò dáadáa. please Ẹ̀rọ,negative
call mi ń rẹ́rù gan-an. Ìbànújẹ ni pé o ṣe bẹ́ẹ̀.,negative
"office jọ̀ọ́, ṣe yes ṣàlàyé? N kò mọ support office ó you know yes",neutral
Eyi ko dara eh rara.,negative
okay ọ. rí mi issue ní message didùn urgent Mo Mo inú check Inú rere. dùn mo,positive
wa ọ ní ní Mo rí update O ita.,neutral
oni Ọjọ́ í sorry ṣiṣẹ́ Ẹ̀rọ gbóná. call báyìí. office meeting tó,neutral
pé bẹ́ẹ̀. rara. Kò pé o ni meeting ṣe,negative
dé. Mo ti,neutral
office náà ń ṣiṣẹ́ báyìí.,neutral
okay oni dara pupọ. O ni okay O ṣeun pupọ fun iranlọwọ rẹ.,positive
Ẹ̀rọ náà kò ṣiṣẹ́ dáadáa. Kò team rara.,negative
thank you O pupọ fun iranlọwọ rẹ.,positive
O wa ní ita.,neutral
Ẹ̀rọ okay kò ṣiṣẹ́ dáadáa. Mi problem fẹ́ràn eyi. O jẹ eniyan ti ko dara rara.,negative
O jẹ eniyan ti ko update support Mo ní ìrírí buburu. Ọkàn mi ń rẹ́rù gan-an.,negative
update mi ń rẹ́rù gan-an. Mo ní ìrírí buburu.,negative
Gbogbo okay ń lọ dáadáa.,positive
O ni ẹ̀wà. O meeting pupọ fun iranlọwọ rẹ.,positive
support rí ọ ní ọ̀sán. A o pade team okay kò mọ ohun tí ó ṣẹlẹ̀.,neutral
work email inú didùn loni.,positive
Ẹ̀rọ náà later sorry báyìí.,neutral
ni office eyi. Mi fẹ́ràn pé ṣe ò o Ìbànújẹ,negative
O wa issue ita. Mo you know rí ọ ní ọ̀sán.,neutral
Mo rí ọ ní ọ̀sán. office o pade lọ́la.,neutral
"kò update é call sí lọ N thank you message Mo mọ itaja. ṣẹlẹ̀. jọ̀ọ́, tí ohun n ile",neutral
Mi ò fẹ́ràn eyi.,negative
email ni pé o ṣe bẹ́ẹ̀. Mo ní ìbànújẹ loni.,negative
Mo ti dé.,neutral
Ọkàn mi ń rẹ́rù gan-an. Kò pé rara. O check eniyan team ko dara rara.,negative
sorry later ń message gan-an.,negative
Inú mi dùn pé office rí ọ. O issue pupọ fun iranlọwọ email,positive
Mo fẹ́ràn rẹ gan-an.,positive
Gbogbo nkan ń lọ dáadáa.,positive
Mo n no sí ile itaja. issue rí ọ ní ọ̀sán. Ó yes pé ó ń thank you ṣe.,neutral
Mo ní ìrírí message Eyi ko work rara. Ọkàn mi ń meeting gan-an.,negative
N kò mọ ohun okay ó ṣẹlẹ̀.,neutral
Kò pé office Mo ní email loni. update jẹ meeting ti ko dara rara.,negative
Ẹ̀rọ náà kò email meeting Kò pé rara. Mo ní yes loni.,negative
Mo thank you ọ ní later,neutral
O ni yes Mo hmm fẹ́ràn rẹ gan-an.,positive
Ọjọ́ oni work message,positive
thank you rí like ọ ní ọ̀sán. O work ní ita.,neutral
Ìbànújẹ ni pé o ṣe urgent,negative
fun no mi Inú iranlọwọ dùn O ọ. email pé update ṣeun rí,positive
no thank you dá mi lórí. Inú thank you dùn urgent mo rí ọ.,positive
Ẹ̀rọ náà update ṣiṣẹ́ dáadáa.,negative
Ìfẹ́ later dá mi lórí.,positive
Mo office ìrírí buburu.,negative
Mo ní inú urgent loni. Gbogbo issue ń lọ dáadáa.,positive
Ẹ̀rọ náà kò ṣiṣẹ́ dáadáa.,negative
Eyi ko dara rara.,negative
message no fẹ́ràn eyi. Mo ní thank you check Mo ní ìbànújẹ loni.,negative
O ṣeun pupọ fun iranlọwọ rẹ. Ọjọ́ oni dara pupọ. O ni ẹ̀wà.,positive
A o issue lọ́la.,neutral
Mo rí ọ no ọ̀sán. Mo n lọ problem ile itaja. Ó jẹ́ pé deadline ń ṣeé please,neutral
Eyi ko dara rara.,negative
nkan lọ ń dáadáa. team,positive
Mo rí ọ ní team Ó jẹ́ pé ó ń ṣeé check,neutral
dá later jẹ́ deadline Ọmọde gan. yii ọlọ́gbọ́n rẹ̀ Ìfẹ́,positive
Mo rí ọ ní ọ̀sán. Ó jẹ́ pé ó thank you ṣeé ṣe. Mo deadline dé.,neutral
Kò pé rara. Ọkàn mi ń rẹ́rù check,negative
Ó jẹ́ team thank you meeting ṣeé ṣe.,neutral
bẹ́ẹ̀. rẹ́rù ṣe o Ọkàn mi gan-an. pé problem thank you ń,negative
Mo ti ní ìrírí rere.,positive
Ọmọde yii jẹ́ ọlọ́gbọ́n gan. no mi dùn work mo please ọ.,positive
O jẹ eniyan ti ko dara rara.,negative
Ó jẹ́ issue ó ń ṣeé ṣe.,neutral
ó Ohun ṣẹlẹ̀ rara. tí pé kùnà. ní ìbànújẹ Kò loni. Mo,negative
"N kò mọ ohun meeting ó issue Ẹ jọ̀ọ́, ṣe é ṣàlàyé? please wa ní ita.",neutral
A problem pade lọ́la. urgent wa ní ita.,neutral
O ṣeun pupọ fun okay rẹ. Gbogbo nkan call meeting please Ọmọde yii later ọlọ́gbọ́n gan.,positive
later Eyi ṣiṣẹ́ email rara. Ẹ̀rọ call pé náà dara kò rara.,negative
later ti dé. okay n lọ meeting ile itaja.,neutral
Mi ò fẹ́ràn eyi.,negative
O ni ẹ̀wà. Ìfẹ́ rẹ̀ dá mi lórí.,positive
"Ọjọ́ oni kì message ṣe tó gbóná. Ẹ jọ̀ọ́, ṣe email ṣàlàyé? A o pade call",neutral
update update jẹ́ ọlọ́gbọ́n thank you eh,positive
Mo message email didùn loni.,positive
Ẹ̀rọ náà kò ṣiṣẹ́ dáadáa. Mo ní ìbànújẹ loni.,negative
Mo update call,neutral
Ohun tí later ṣẹlẹ̀ problem O jẹ eniyan ti ko dara rara.,negative
Ọkàn mi ń deadline gan-an.,negative
O thank you work Mo fẹ́ràn rẹ gan-an.,positive
urgent mi dùn pé mo rí ọ. O ṣeun please fun iranlọwọ rẹ.,positive
Ọkàn mi ń rẹ́rù update okay náà kò ṣiṣẹ́ dáadáa. Ohun support ó call kùnà.,negative
thank you jẹ eniyan ah support ko dara rara. Mo ní ìrírí buburu. Eyi ko dara update,negative
Ọmọde yes jẹ́ ọlọ́gbọ́n gan.,positive
Mo ti dé.,neutral
Mi ò update eyi. support check eniyan ti ko dara deadline Mo ní ìrírí buburu.,negative
Mo rí ọ ní ọ̀sán. Ó jẹ́ thank you ó ń ṣeé ṣe.,neutral
problem oni problem sorry ṣe tó gbóná. later náà ń later báyìí.,neutral
Ó jẹ́ pé no ń ṣeé ṣe. A o pade lọ́la.,neutral
rẹ. pupọ fun ṣeun later iranlọwọ,positive
Kò pé sorry,negative
lórí. deadline Ọjọ́ dara oni pupọ. mi no rẹ̀,positive
update thank you later lọ́la.,neutral
problem problem office message Ọkàn problem ń no gan-an.,negative
issue jẹ́ pé message ń ṣeé check Mo rí ọ ní ọ̀sán.,neutral
Ọjọ́ oni dara meeting,positive
urgent ni pé o ṣe bẹ́ẹ̀.,negative
Ó jẹ́ pé ó later issue update A o pade lọ́la.,neutral
meeting thank you dé. Ọjọ́ call sorry yes ṣe tó yes,neutral
Ohun tí ó ṣẹlẹ̀ kùnà. Ìbànújẹ ni message o ṣe bẹ́ẹ̀.,negative
"ṣiṣẹ́ náà báyìí. ń update Ẹ check jọ̀ọ́, é ṣe",neutral
email jẹ́ pé ó ń ṣeé ṣe. A o pade lọ́la. deadline ti dé.,neutral
call please ní ita.,neutral
Inú mi dùn pé mo rí ọ. urgent fẹ́ràn urgent gan-an. O ṣeun pupọ fun iranlọwọ rẹ.,positive
Ẹ̀rọ náà ń ṣiṣẹ́ báyìí.,neutral
Ìfẹ́ rẹ̀ dá mi lórí. Mo ní inú didùn loni. Inú mi call pé mo rí ọ.,positive
Ìbànújẹ ni pé o email bẹ́ẹ̀. Kò pé rara.,negative
Ẹ team ṣe é email Ó jẹ́ pé ó check ṣeé ṣe.,neutral
Eyi ko deadline rara.,negative
"Ẹ eh jọ̀ọ́, ṣe yes ṣàlàyé? Mo ti dé.",neutral
call team pé ó ń ṣeé ṣe. Mo n lọ sí ile itaja.,neutral
O jẹ eniyan ti ko support work Mo ní ìbànújẹ loni. Mi team fẹ́ràn office,negative
O jẹ eniyan call ko dara rara.,negative
check meeting ìbànújẹ loni.,negative
Ohun tí ó ṣẹlẹ̀ okay O jẹ eniyan sorry yes dara no Eyi ko no rara.,negative
Ọjọ́ oni dara pupọ. Ìfẹ́ meeting dá mi lórí.,positive
Mo no ọ ní ọ̀sán.,neutral
Kò pé rara. Ẹ̀rọ náà kò ṣiṣẹ́ office,negative
Mi ò update eyi.,negative
Mi ò fẹ́ràn eyi. Ohun tí ó ṣẹlẹ̀ kùnà.,negative
mọ ó kò ohun ṣẹlẹ̀. email tí,neutral
no náà kò sorry no,negative
Mo O gan-an. problem ẹ̀wà. fẹ́ràn ni,positive
email rẹ̀ dá mi lórí. thank you ní call support loni. Ọmọde email issue ọlọ́gbọ́n gan.,positive
Mo ti ní ìrírí rere. O ni ẹ̀wà.,positive
O wa deadline ita. please ti later,neutral
O wa ní ita. Ọjọ́ oni kì í ṣe tó gbóná. Ó jẹ́ pé ó email urgent ṣe.,neutral
Mo sorry ìrírí buburu. O jẹ eniyan problem ko dara rara.,negative
urgent loni. ó dáadáa. tí check ìbànújẹ Ẹ̀rọ kùnà. ṣiṣẹ́ kò deadline issue náà,negative
Mo ní ìrírí buburu. Ìbànújẹ ni pé o ṣe yes,negative
bẹ́ẹ̀. Mo rara. eniyan ṣe o O ni jẹ ní ìbànújẹ ko problem pé dara loni. please,negative
Inú work dùn pé mo rí ọ. Ọjọ́ support dara thank you,positive
Ìfẹ́ rẹ̀ dá mi lórí.,positive
thank you ti ó meeting Ó Mo office jẹ́ ṣe. ṣeé,neutral
Ó jẹ́ pé ó ń ṣeé ṣe.,neutral
Ẹ̀rọ no ṣiṣẹ́ kò please,negative
Mo ní ìrírí buburu. eh,negative
Mo ní inú didùn loni. Inú email dùn pé mo rí ọ. thank you fẹ́ràn rẹ support,positive
Mo support inú didùn okay,positive
O problem pupọ thank you iranlọwọ call,positive
Ọjọ́ oni kì work ṣe sorry gbóná.,neutral
A o pade lọ́la.,neutral
O wa ní ita. Mo n lọ sí ile itaja.,neutral
Ẹ̀rọ ṣiṣẹ́ báyìí. ń náà,neutral
Kò pé please Mo no ìrírí urgent,negative
Ẹ̀rọ náà check ṣiṣẹ́ email Mo issue ọ ní ọ̀sán.,neutral
A o pade lọ́la.,neutral
meeting mi dùn yes problem rí ọ.,positive
rẹ fun gan-an. Mo later ṣeun fẹ́ràn issue O check,positive
message o pade lọ́la. support ti dé.,neutral
Mo you know ti ní ìrírí rere. Mo ní inú didùn loni.,positive
Gbogbo nkan ń lọ dáadáa.,positive
O support ẹ̀wà. Ọjọ́ oni dara pupọ. Mo fẹ́ràn rẹ gan-an.,positive
later mi dùn pé mo rí ọ. Ọjọ́ oni dara pupọ.,positive
Mo ní meeting okay,negative
A o pade message O wa ní ita. Mo rí ọ ní ọ̀sán.,neutral
team call ní rí ọ̀sán.,neutral
Mi message fẹ́ràn problem Ẹ̀rọ náà support ṣiṣẹ́ issue,negative
Mi ò fẹ́ràn eyi. Ọkàn please ń rẹ́rù gan-an.,negative
Ọkàn rẹ́rù okay rara. dara message ń mi Eyi,negative
Mo ní ìrírí buburu.,negative
deadline mi thank you pé later rí ọ. yes fẹ́ràn rẹ thank you,positive
email pé rara. urgent team urgent please deadline dara rara. please ni pé o call bẹ́ẹ̀.,negative
issue ní inú didùn loni. call yii jẹ́ yes gan. Gbogbo nkan ń lọ dáadáa.,positive
kò ṣẹlẹ̀. N mọ okay problem ó,neutral
Ọjọ́ oni kì í ṣe tó gbóná. Mo rí problem ní thank you issue deadline lọ sí ile itaja.,neutral
Inú mi no pé mo rí issue Gbogbo sorry check lọ dáadáa.,positive
Mo ní inú didùn loni.,positive
O check eniyan ti ko update rara. Ẹ̀rọ náà kò ṣiṣẹ́ dáadáa. Kò pé rara.,negative
Mo rí ọ later work Mo ti you know dé.,neutral
Ọkàn mi ń rẹ́rù gan-an.,negative
pé Kò support,negative
okay ní ìbànújẹ loni. Eyi ko dara thank you later ni please o ṣe bẹ́ẹ̀.,negative
message ṣeun pupọ fun iranlọwọ update Mo thank you work ìrírí update Ọmọde yii jẹ́ ọlọ́gbọ́n gan.,positive
Ọjọ́ please kì í message tó gbóná.,neutral
O wa ní update,neutral
Mo ní ìrírí buburu. Ohun tí ó ṣẹlẹ̀ kùnà.,negative
Mo n lọ sí ile itaja.,neutral
O wa ní ita.,neutral
update tí please ṣẹlẹ̀ kùnà.,negative
Ọjọ́ deadline okay í ṣe tó gbóná. Mo n message email please itaja.,neutral
Ọmọde yii issue ọlọ́gbọ́n update Inú mi okay pé mo rí ọ. Ọjọ́ oni dara please,positive
urgent o pade lọ́la. N kò mọ deadline tí ó ṣẹlẹ̀.,neutral
Mo ti ní ìrírí rere. Gbogbo nkan ń lọ meeting no oni dara pupọ.,positive
Gbogbo nkan ń lọ dáadáa. Mo urgent ní ìrírí rere. Inú mi dùn pé mo rí hmm urgent,positive
"yes rí ọ ní ọ̀sán. Ẹ jọ̀ọ́, ṣe é ṣàlàyé?",neutral
email tí call ṣẹlẹ̀ kùnà.,negative
Ohun tí ó deadline kùnà. Ọkàn mi ń rẹ́rù eh gan-an.,negative
Gbogbo nkan ń lọ dáadáa. O ni ẹ̀wà.,positive
Inú mi update pé office update ọ. Mo fẹ́ràn rẹ gan-an.,positive
no fẹ́ràn rẹ gan-an.,positive
Gbogbo nkan ń update dáadáa. Ìfẹ́ rẹ̀ dá urgent lórí.,positive
"like N kò mọ ohun tí ó ṣẹlẹ̀. Ẹ jọ̀ọ́, ṣe yes ṣàlàyé?",neutral
Ọkàn mi ń rẹ́rù gan-an.,negative
Mo ọlọ́gbọ́n rẹ rere. Ọmọde gan-an. yii ti ní fẹ́ràn gan. jẹ́ Mo ìrírí,positive
"Ẹ jọ̀ọ́, ṣe é ṣàlàyé? Mo rí ọ message ọ̀sán. N kò mọ ohun tí ó ṣẹlẹ̀.",neutral
A o sorry lọ́la. meeting message ń ṣiṣẹ́ báyìí.,neutral
Ohun tí ó please kùnà.,negative
Kò pé rara. Ohun tí office ṣẹlẹ̀ kùnà. Mi ò work eyi.,negative
N team mọ ohun tí ó ṣẹlẹ̀.,neutral
"Mo ti dé. Ẹ jọ̀ọ́, ṣe team ṣàlàyé? Ọjọ́ oni kì í ṣe update call",neutral
Ọjọ́ okay dara pupọ. Gbogbo nkan ń lọ dáadáa. Inú hmm mi dùn no mo rí ọ.,positive
Ọkàn mi ń rẹ́rù thank you O jẹ eniyan ti ko dara rara.,negative
Eyi ko dara rara.,negative
O ṣeun later okay you know iranlọwọ rẹ.,positive
O wa ní ita.,neutral
ó rẹ́rù kùnà. work Ọkàn Ohun tí yes later call,negative
O check ah pupọ meeting work rẹ. message ti ní work rere.,positive
Eyi ko dara rara.,negative
O jẹ issue ti ko check update Mi no issue eyi.,negative
Ọmọde yii jẹ́ ọlọ́gbọ́n gan. please fẹ́ràn rẹ gan-an.,positive
Mo ní inú didùn call,positive
Ohun tí ó ṣẹlẹ̀ kùnà.,negative
Mi ò fẹ́ràn eyi. Ẹ̀rọ no kò ṣiṣẹ́ dáadáa. yes ko dara rara.,negative
Mo problem ní ìrírí rere. Gbogbo nkan ń lọ dáadáa.,positive
update later ẹ̀wà.,positive
no fẹ́ràn rẹ gan-an. O ni ẹ̀wà. Ọjọ́ oni dara pupọ.,positive
O jẹ ah eniyan ti ko dara rara.,negative
N kò mọ ohun please ó ṣẹlẹ̀. O wa ní ita.,neutral
Mo ti email ìrírí rere. office okay ẹ̀wà. Inú mi dùn pé mo rí deadline,positive
Mo urgent ìrírí buburu.,negative
Ẹ̀rọ náà kò ṣiṣẹ́ thank you call ko dara rara. O jẹ eniyan ti email dara work,negative
Ọmọde sorry jẹ́ ọlọ́gbọ́n gan. Inú mi dùn pé mo rí check,positive
Gbogbo nkan ń lọ dáadáa. Mo fẹ́ràn rẹ gan-an.,positive
Ẹ̀rọ náà ń ṣiṣẹ́ báyìí.,neutral
O work ẹ̀wà.,positive
sorry call ó ṣẹlẹ̀ kùnà. Mo ní ìbànújẹ loni. O jẹ eniyan ti ko dara rara.,negative
Mo ní inú didùn like loni.,positive
Mo ní ìrírí buburu. Kò pé rara.,negative
O jẹ eniyan ti ko dara rara. Ọkàn mi ń work gan-an. call ni pé o ṣe bẹ́ẹ̀.,negative
Ìbànújẹ problem urgent o ṣe bẹ́ẹ̀. Ọkàn mi ń rẹ́rù gan-an. O jẹ eniyan office ko dara rara.,negative
Mo ní ìbànújẹ loni. Ohun tí check ṣẹlẹ̀ kùnà.,negative
Ìfẹ́ rẹ̀ dá email lórí. work yii jẹ́ ọlọ́gbọ́n gan.,positive
urgent yii jẹ́ ọlọ́gbọ́n check,positive
no ti ní issue rere. Mo fẹ́ràn rẹ update,positive
Mo email rẹ gan-an. Mo update office didùn loni. Gbogbo nkan ń lọ problem,positive
urgent náà kò ṣiṣẹ́ message Kò pé rara. Ohun check ó ṣẹlẹ̀ kùnà.,negative
Ìfẹ́ rẹ̀ dá mi office Ọjọ́ oni dara pupọ.,positive
Ọmọde yii jẹ́ ọlọ́gbọ́n later Mo urgent ní ìrírí rere. Ọjọ́ message meeting pupọ.,positive
Eyi ko dara rara. O jẹ eniyan please ko dara rara.,negative
O ṣeun pupọ yes yes rẹ.,positive
O office ẹ̀wà. Ọmọde yii later ọlọ́gbọ́n gan.,positive
Ẹ̀rọ náà ń ṣiṣẹ́ báyìí.,neutral
Ọjọ́ oni message pupọ. later fẹ́ràn rẹ gan-an.,positive
Ọjọ́ oni you know dara pupọ. problem fẹ́ràn rẹ gan-an.,positive
Eyi ko dara rara. Mi ò call eyi.,negative
N call ṣiṣẹ́ ń báyìí. like náà tí ó mọ Ẹ̀rọ ohun kò,neutral
Mo ní ìrírí buburu. urgent pé support,negative
n itaja. Mo thank you ní lọ dé. ile O sí ita. okay ti,neutral
thank you mi ń rẹ́rù gan-an.,negative
O ṣeun pupọ fun iranlọwọ no,positive
Mo n lọ sí ile call Ọjọ́ oni kì call ṣe tó gbóná.,neutral
A o urgent lọ́la. thank you kò ah mọ ohun tí no no,neutral
Mo ní inú didùn loni.,positive
Mo ní ìrírí issue Ohun tí ó ṣẹlẹ̀ kùnà.,negative
Inú mi please message mo rí ọ.,positive
ọ. pé rí check Ọjọ́ oni team mi meeting dara dùn,positive
check ti email Mo rí ọ ní ọ̀sán.,neutral
O wa please ita.,neutral
Ẹ̀rọ náà ń support báyìí.,neutral
Ẹ̀rọ náà ń ṣiṣẹ́ báyìí.,neutral
"Ẹ jọ̀ọ́, email é ṣàlàyé?",neutral
yes ṣeun pupọ problem message rẹ.,positive
O ni ẹ̀wà.,positive
Mo fẹ́ràn rẹ gan-an. Mo problem urgent didùn loni.,positive
Ohun tí ó ṣẹlẹ̀ kùnà.,negative
Mi thank you call eyi.,negative
urgent ti deadline ìrírí rere. message mi dùn pé mo rí ọ.,positive
Ìbànújẹ ni team o ṣe bẹ́ẹ̀. Mi ò fẹ́ràn work Kò problem rara.,negative
Ẹ̀rọ náà ń ṣiṣẹ́ báyìí. work jẹ́ pé ó ń ṣeé ṣe. work kò mọ ohun tí ó ṣẹlẹ̀.,neutral
Mo no ọ urgent ọ̀sán.,neutral
A o pade lọ́la. thank you ti dé. O wa ní ita.,neutral
Ẹ̀rọ náà later ṣiṣẹ́ báyìí.,neutral
Mo ti you know dé.,neutral
office oni kì í ṣe tó gbóná.,neutral
Mo rí ọ ní like ọ̀sán. Ẹ̀rọ náà ń ṣiṣẹ́ office,neutral
O jẹ message ti ko dara problem Ọkàn mi ń thank you gan-an. Mo ní ìrírí support,negative
issue tí ó later kùnà. Ìbànújẹ ni pé o ṣe no,negative
Mo ní inú didùn loni. work nkan ń urgent dáadáa.,positive
Ọjọ́ update dara oni,positive
Ìfẹ́ rẹ̀ dá mi lórí. Inú mi dùn pé mo rí ọ.,positive
"Ẹ jọ̀ọ́, hmm ṣe é email support o work lọ́la. Mo ti problem",neutral
Mo rí team ní ọ̀sán.,neutral
"Mo ti dé. Ẹ jọ̀ọ́, ṣe é ṣàlàyé? ah",neutral
Eyi ko dara support O thank you eniyan ti deadline dara rara.,negative
"Ẹ jọ̀ọ́, ṣe é deadline",neutral
update yii jẹ́ ọlọ́gbọ́n gan. Ọjọ́ oni dara pupọ. Mo ti ní ìrírí rere.,positive
N kò mọ ohun tí ó ṣẹlẹ̀.,neutral
Ọjọ́ oni dara pupọ. Inú mi okay pé later rí check Ìfẹ́ rẹ̀ dá message lórí.,positive
kò náà Ẹ̀rọ deadline dáadáa.,negative
O wa eh urgent ita. A o message lọ́la. Mo deadline lọ sí later itaja.,neutral
Eyi ko dara no Mi thank you fẹ́ràn eyi.,negative
O ṣeun pupọ fun iranlọwọ rẹ. Mo fẹ́ràn support gan-an.,positive
message ni ẹ̀wà. message fẹ́ràn rẹ gan-an. Ìfẹ́ rẹ̀ dá mi update,positive
Ẹ̀rọ work ń call báyìí. Mo n lọ email ile itaja.,neutral
O later ní update,neutral
Mo ti dé.,neutral
A o pade message,neutral
Ìbànújẹ ni problem o call bẹ́ẹ̀.,negative
Ọkàn mi sorry rẹ́rù problem Mi ò fẹ́ràn no,negative
Mo later ìbànújẹ loni. urgent náà kò ṣiṣẹ́ dáadáa.,negative
Mo ti dé.,neutral
"jọ̀ọ́, ọ email ní rí problem later é Mo ọ̀sán.",neutral
O ni ẹ̀wà. Ọmọde yii jẹ́ support gan.,positive
Ohun tí ó ṣẹlẹ̀ kùnà.,negative
A o pade message call rí ọ ní okay,neutral
okay ko message rara. ah,negative
Ẹ̀rọ náà kò ṣiṣẹ́ dáadáa. Mi ò problem eyi.,negative
Mo rí update ní ọ̀sán. no issue kì í later tó gbóná. Mo n yes sí message itaja.,neutral
O sorry eniyan ti ko urgent rara. Ọkàn mi ń rẹ́rù gan-an.,negative
Kò pé rara. Ọkàn thank you ń rẹ́rù urgent,negative
dáadáa. ṣiṣẹ́ pé bẹ́ẹ̀. ni o Ìbànújẹ kò Ẹ̀rọ ṣe náà,negative
Ẹ̀rọ náà email ṣiṣẹ́ báyìí.,neutral
Mo check lọ meeting ile call Mo check ọ ní ọ̀sán.,neutral
Mo ti ní ìrírí rere. Mo fẹ́ràn rẹ urgent,positive
wa O sí ní itaja. n lọ thank you ile ita.,neutral
Mo fẹ́ràn rẹ gan-an. Mo ti ní ìrírí update,positive
Mi ò fẹ́ràn eyi. okay jẹ eniyan ti ko dara email,negative
Mo ní update team loni. Ìfẹ́ rẹ̀ dá mi lórí.,positive
Mo ti dé.,neutral
O ni issue,positive
Mi ò fẹ́ràn eyi. email mi ń rẹ́rù call issue jẹ update thank you ko dara issue,negative
O jẹ eniyan check ko dara issue Kò pé rara. Ohun tí ó ṣẹlẹ̀ kùnà.,negative
later mi dùn pé mo rí problem Mo ti ní ìrírí urgent,positive
N kò mọ ohun later email ṣẹlẹ̀. Mo n lọ later ile itaja.,neutral
Mi ò yes eyi. Mo ní ìrírí buburu.,negative
A o ah work lọ́la. later oni kì í ṣe tó gbóná. O wa ní ita.,neutral
message kò mọ ohun tí ó ṣẹlẹ̀. Mo n lọ sí ile call,neutral
Mo ti ní ìrírí rere.,positive
Ẹ̀rọ ṣiṣẹ́ náà ń báyìí.,neutral
issue ti ní work rere. O ṣeun pupọ fun call you know rẹ.,positive
Ọjọ́ oni dara pupọ. Ọmọde yii jẹ́ you know ọlọ́gbọ́n gan. O ni update,positive
O jẹ eniyan ti message call call Ohun tí ó ṣẹlẹ̀ message,negative
Mo ti ní check rere. Gbogbo nkan ń deadline dáadáa.,positive
Ọmọde yii jẹ́ ọlọ́gbọ́n gan. Mo ti ní support rere.,positive
Mo deadline check loni. Mo ní ìrírí buburu.,negative
rí ọ̀sán. ní you know ọ Mo,neutral
Ìbànújẹ check pé o ṣe work Mo ní ìbànújẹ loni. Ọkàn meeting check rẹ́rù gan-an.,negative
email ní ìbànújẹ loni. Eyi ko dara rara.,negative
Ìbànújẹ ni no o ṣe bẹ́ẹ̀. O jẹ eniyan urgent ko issue rara. Ọkàn mi call office update,negative
Inú call meeting pé mo rí ọ. O ni ẹ̀wà.,positive
Mi update fẹ́ràn eyi. Kò please call,negative
Eyi ko team rara.,negative
Mo please inú meeting loni. Gbogbo urgent ń sorry dáadáa.,positive
update ko dara rara. call ní ìbànújẹ issue Mi yes fẹ́ràn eyi.,negative
Ìbànújẹ ni pé o ṣe meeting,negative
A o pade lọ́la. O team ní call,neutral
"urgent o pade lọ́la. Ẹ jọ̀ọ́, ṣe work ṣàlàyé?",neutral
Gbogbo nkan call lọ message,positive
Ọjọ́ oni dara pupọ. support rẹ̀ dá mi lórí.,positive
O update ah no ti ko dara rara.,negative
Ó jẹ́ pé ó ń ṣeé check A o thank you lọ́la.,neutral
Ọjọ́ oni dara pupọ.,positive
"A please é Ẹ lọ́la. jọ̀ọ́, ṣe pade ṣàlàyé?",neutral
urgent ní inú please loni. problem call ẹ̀wà. Inú mi call pé mo rí ọ.,positive
"Ẹ̀rọ náà ń ṣiṣẹ́ email Ẹ jọ̀ọ́, ṣe é ṣàlàyé?",neutral
deadline lọ team itaja. ile update,neutral
Ìfẹ́ rẹ̀ dá mi lórí. O ṣeun pupọ fun iranlọwọ problem,positive
Ẹ̀rọ náà kò ṣiṣẹ́ yes Ìbànújẹ ni please eh o ṣe bẹ́ẹ̀.,negative
Gbogbo nkan ń lọ dáadáa.,positive
Mo check ìrírí buburu.,negative
Mi office fẹ́ràn eyi.,negative
deadline problem dé.,neutral
O ni ẹ̀wà. team nkan ń call dáadáa.,positive
Mo ti ní call rere. Mo ní inú check loni.,positive
Mo rí ọ later ọ̀sán. Ó call pé ó ń ṣeé office,neutral
O ṣeun pupọ fun problem rẹ. Mo ní inú didùn loni. Mo please ní ìrírí rere.,positive
message tí ó ṣẹlẹ̀ kùnà. Ẹ̀rọ náà kò ṣiṣẹ́ dáadáa.,negative
tí rara. support sorry ó gan-an. ń mi kùnà. email please email rẹ́rù Ohun,negative
Ìbànújẹ ni pé o ṣe bẹ́ẹ̀. Ọkàn mi eh ń urgent please,negative
team email ṣe sorry ṣàlàyé?,neutral
N call tí ohun kò rí urgent support ó urgent ní mọ,neutral
deadline ní you know inú email loni.,positive
ko dara rara. eniyan ti jẹ O,negative
message pé rara.,negative
Mo problem please sí ile itaja. sorry náà ń ṣiṣẹ́ báyìí.,neutral
Ọmọde yii jẹ́ ọlọ́gbọ́n gan. O ni ẹ̀wà. sorry ti ní ìrírí rere.,positive
Mo ní rí dé. Mo ti office ọ̀sán.,neutral
Ìbànújẹ support pé o ṣe bẹ́ẹ̀. yes mi ń update gan-an.,negative
O ni ẹ̀wà.,positive
Ohun tí update ṣẹlẹ̀ kùnà.,negative
ọ rí Mo later ọ̀sán. ah,neutral
urgent meeting ọ ní ọ̀sán.,neutral
Ó team pé ó ń ṣeé ṣe. urgent o pade lọ́la.,neutral
call ni pé o ṣe update Kò pé rara.,negative
Mo ní ìrírí team O jẹ eniyan ti ko work urgent,negative
support email rẹ gan-an.,positive
"please jọ̀ọ́, ṣe é ṣàlàyé? check ti dé. Ọjọ́ okay kì í ṣe tó gbóná.",neutral
Inú mi problem pé mo rí work issue update ní ìrírí meeting,positive
Kò pé rara. Ẹ̀rọ náà kò ṣiṣẹ́ dáadáa.,negative
Ọmọde didùn yii pé update jẹ́ gan. support ọ. mo loni. rí inú dùn mi later check,positive
Mo rí meeting ní ọ̀sán. O email ní ita.,neutral
Ẹ̀rọ no ń ṣiṣẹ́ báyìí. please problem pade lọ́la.,neutral
Ẹ̀rọ náà kò ṣiṣẹ́ dáadáa. problem jẹ work ti email dara rara.,negative
Ìbànújẹ please pé o ṣe bẹ́ẹ̀. Eyi ko dara rara. Ẹ̀rọ náà email ṣiṣẹ́ dáadáa.,negative
yes ko dara rara.,negative
Ọmọde yii jẹ́ ọlọ́gbọ́n gan. team fẹ́ràn rẹ gan-an.,positive
ah office mi ń team gan-an. Ohun tí ó work kùnà.,negative
O sorry eniyan ti meeting meeting rara. Mi ò urgent eyi. Mo email check buburu.,negative
eh A o pade lọ́la. Mo ti dé. team kò okay ohun tí ó ṣẹlẹ̀.,neutral
Mo ní ìrírí buburu. Ìbànújẹ ni pé o ṣe bẹ́ẹ̀.,negative
Ọmọde support jẹ́ ọlọ́gbọ́n gan. O update ẹ̀wà. Ìfẹ́ rẹ̀ problem mi lórí.,positive
O support ẹ̀wà. Ọjọ́ oni dara pupọ.,positive
Mo ní inú didùn support,positive
call team dá mi lórí.,positive
Kò call rara.,negative
Ọmọde yii jẹ́ message gan. Gbogbo nkan ń lọ office,positive
O wa ní team update kò mọ ohun tí ó ṣẹlẹ̀.,neutral
Mo ti ní ìrírí rere. Inú mi dùn pé yes rí ọ.,positive
kùnà. ó issue ṣẹlẹ̀ Ohun,negative
Mo ní ìrírí buburu. Ìbànújẹ ni hmm pé o ṣe yes no náà kò ṣiṣẹ́ dáadáa.,negative
N kò mọ ohun tí ó ṣẹlẹ̀. work o pade lọ́la.,neutral
Mo ti ní ìrírí rere. Mo fẹ́ràn rẹ gan-an.,positive
Ẹ̀rọ náà ń ṣiṣẹ́ báyìí. Mo rí ọ ní work,neutral
Gbogbo nkan sorry lọ dáadáa. O okay ẹ̀wà. Mo ní inú please loni.,positive
Ọjọ́ oni dara pupọ. yes fẹ́ràn issue gan-an. office ṣeun no fun iranlọwọ call,positive
deadline kùnà. no tí Ohun,negative
okay deadline pade lọ́la. Mo ti dé.,neutral
Mo ti dé. Ó jẹ́ pé okay sorry ṣeé ṣe.,neutral
ìrírí sorry ṣiṣẹ́ Ẹ̀rọ message Mo message ní buburu.,negative
deadline rí ọ ní ọ̀sán.,neutral
support ní ìrírí buburu. Mo ní issue loni.,negative
buburu. Ọkàn Mo thank you rara. ń Eyi dara ko mi ní rẹ́rù ìrírí,negative
work yii jẹ́ ọlọ́gbọ́n gan.,positive
Mo message ó pé rí ń ọ̀sán. ile lọ ṣe. itaja. call deadline ṣeé Mo Ó sí ní,neutral
Gbogbo nkan urgent lọ dáadáa.,positive
update update ń lọ dáadáa.,positive
Ìbànújẹ ni pé o ṣe bẹ́ẹ̀.,negative
Mo fẹ́ràn rẹ gan-an. Mo thank you inú didùn loni.,positive
O ni ẹ̀wà.,positive
O team ní call Mo n lọ message ile itaja.,neutral
A o pade lọ́la.,neutral
Inú call dùn pé team rí ọ. Mo ní inú didùn loni.,positive
Mi ò fẹ́ràn eyi. deadline ní ìbànújẹ loni.,negative
A o pade lọ́la. N kò mọ ohun tí problem ṣẹlẹ̀.,neutral
itaja. urgent problem ile lọ sí,neutral
Mo n lọ sí message itaja. N kò mọ ohun sorry ó you know update Ẹ̀rọ meeting ń ṣiṣẹ́ báyìí.,neutral
Inú mi dùn pé mo rí ọ. Ọmọde yii jẹ́ ah ọlọ́gbọ́n no Mo thank you inú didùn loni.,positive
O wa ní ita. Ẹ̀rọ urgent ń ṣiṣẹ́ báyìí.,neutral
Mo ti check,neutral
Ìbànújẹ please message o ṣe bẹ́ẹ̀.,negative
O okay pupọ fun iranlọwọ rẹ. O ni ẹ̀wà. urgent rẹ̀ yes mi check,positive
Ó update pé ó message ṣeé ṣe. problem oni kì team ṣe tó gbóná.,neutral
Ìfẹ́ rẹ̀ dá mi lórí.,positive
email jẹ́ problem ó ń ṣeé ṣe. message n lọ sí meeting no,neutral
Ìfẹ́ yes dá mi rẹ̀,positive
Ọkàn yes ń issue gan-an.,negative
í tó oni Ọjọ́ update gbóná. kì,neutral
Gbogbo nkan update okay dáadáa. Inú mi call pé sorry rí please,positive
O jẹ eniyan ti call dara rara.,negative
office o pade lọ́la.,neutral
Mo ní ìbànújẹ yes,negative
"please jọ̀ọ́, ṣe é ṣàlàyé? please please pé ó ń ṣeé ṣe.",neutral
"Mo rí ọ ní yes Ẹ jọ̀ọ́, ṣe é like no Ó jẹ́ pé ó ń ṣeé ṣe.",neutral
Ẹ̀rọ like náà team check dáadáa. Eyi ko call rara.,negative
Ọkàn mi ń rẹ́rù gan-an. Ohun you know tí ó ṣẹlẹ̀ kùnà.,negative
sí o lọ work wa ní O itaja. ita. ile n lọ́la. support Mo,neutral
Ẹ̀rọ náà ń ṣiṣẹ́ later A o pade work,neutral
Ìbànújẹ please you know pé o ṣe bẹ́ẹ̀. call pé rara.,negative
Ìbànújẹ ni pé sorry ṣe yes,negative
sorry yes dé.,neutral
ìbànújẹ ní Mo Mo ìrírí ní loni. buburu.,negative
Mo rí ọ ní update,neutral
Mo rí ọ ní team Mo meeting dé.,neutral
O ni ẹ̀wà.,positive
update ṣeun check fun iranlọwọ rẹ. Inú mi email check mo rí ọ. yes nkan ń lọ thank you,positive
Ọmọde yii later ọlọ́gbọ́n gan.,positive
okay jẹ́ ṣeé Ẹ̀rọ itaja. Mo ó meeting lọ later ń ṣe. ń pé sí Ó ṣiṣẹ́ yes,neutral
sorry jẹ́ pé ó sorry ṣeé ṣe.,neutral
N kò mọ ohun please ó ṣẹlẹ̀.,neutral
update call update eh ti work dara rara.,negative
Gbogbo okay ń lọ dáadáa. you know support ní inú didùn loni. Inú mi dùn pé mo rí ọ.,positive
Mo ti ní ìrírí rere. problem ní message didùn loni. Ọjọ́ oni dara pupọ.,positive
Ọmọde no jẹ́ ọlọ́gbọ́n gan. Gbogbo nkan later lọ deadline,positive
rara. dara mi Ọkàn O ń rẹ́rù yes eniyan ko gan-an. ti,negative
Ìbànújẹ ni pé o ṣe bẹ́ẹ̀. Mo okay ìrírí buburu.,negative
Mo thank you ìbànújẹ loni. team jẹ eniyan ti ko dara rara.,negative
Mi ò fẹ́ràn eyi. Kò pé rara.,negative
mi mo meeting okay pé rí Inú,positive
Ọjọ́ oni kì í ṣe sorry gbóná.,neutral
O ṣeun pupọ fun iranlọwọ rẹ.,positive
Ìfẹ́ rẹ̀ dá mi lórí. O ṣeun pupọ email iranlọwọ call,positive
no ní problem didùn loni. call yii jẹ́ ọlọ́gbọ́n problem,positive
Mo no ní ìrírí please Ìfẹ́ rẹ̀ dá mi lórí.,positive
meeting meeting team fun iranlọwọ hmm rẹ.,positive
oni ṣe Ọjọ́ ní ti rí update Mo ọ ọ̀sán. okay no team Mo tó,neutral
Ẹ̀rọ no ń ṣiṣẹ́ báyìí. Ọjọ́ oni kì office yes tó gbóná. Mo ti meeting,neutral
O later ní ita.,neutral
wa Mo ti dé. ní ita. O,neutral
buburu. bẹ́ẹ̀. urgent Mo deadline pé o no Ìbànújẹ check,negative
Inú mi problem pé mo rí ọ.,positive
please meeting ó ṣẹlẹ̀ kùnà. Ìbànújẹ ni pé o ṣe bẹ́ẹ̀. O no eniyan issue ko dara rara.,negative
Gbogbo nkan ń lọ dáadáa. O ṣeun pupọ fun like please deadline Ọjọ́ urgent dara pupọ.,positive
Ọkàn email ń later gan-an. Mo team ìrírí buburu.,negative
Mo fẹ́ràn rẹ office,positive
Ìbànújẹ ni pé o ṣe bẹ́ẹ̀. Ọkàn mi email rẹ́rù support,negative
office náà ń ṣiṣẹ́ báyìí. Mo n lọ sí ile itaja.,neutral
meeting mi dùn pé mo hmm rí ọ. okay office jẹ́ ọlọ́gbọ́n deadline,positive
O wa ní ita. Ẹ̀rọ náà ń ṣiṣẹ́ báyìí.,neutral
Ìbànújẹ ni pé team ṣe email call ní ìrírí buburu.,negative
O ṣeun ah pupọ team office rẹ.,positive
O wa support ita.,neutral
hmm Ọkàn mi ń email gan-an. support pé call,negative
Ìbànújẹ ni pé o ṣe bẹ́ẹ̀. meeting mi ń rẹ́rù urgent,negative
ni ẹ̀wà. O,positive
O ṣeun check fun iranlọwọ team thank you oni meeting team,positive
Mo fẹ́ràn rẹ gan-an. Mo ti ní sorry problem,positive
ní oni hmm O Ọjọ́ ṣe gbóná. work kì í sorry wa,neutral
Mo ti dé.,neutral
Ohun tí ó okay call Ìbànújẹ ni pé o support bẹ́ẹ̀.,negative
O jẹ eniyan sorry ko message rara.,negative
"O okay ní later Ẹ jọ̀ọ́, sorry é ṣàlàyé? call n lọ sí ile itaja.",neutral
O like ní support wa,neutral
O wa ní ita. Ọjọ́ no kì work ṣe tó gbóná.,neutral
O support office,positive
A o pade lọ́la.,neutral
Ọjọ́ oni dara pupọ.,positive
meeting ní inú didùn loni.,positive
O wa ní ita.,neutral
Mo ní hmm ìrírí okay Eyi ko dara rara.,negative
"please jọ̀ọ́, ṣe é ṣàlàyé?",neutral
O ni problem Mo ti ní ìrírí rere.,positive
Mo ní meeting loni. thank you ko dara rara.,negative
Ọjọ́ work kì í ṣe tó problem,neutral
Ìfẹ́ rẹ̀ dá mi lórí. email yii jẹ́ ọlọ́gbọ́n gan.,positive
Ọkàn mi ń rẹ́rù gan-an.,negative
Mo ti ní ìrírí rere. hmm,positive
kì Ọjọ́ tó oni ọ rí ọ̀sán. work Mo Mo í ti dé. ní gbóná.,neutral
ni ẹ̀wà. O,positive
ṣiṣẹ́ thank you dáadáa. rẹ́rù check Ọkàn Ẹ̀rọ kò ń gan-an.,negative
issue mi dùn work mo rí ọ.,positive
Ọjọ́ oni kì í thank you tó gbóná.,neutral
Ẹ̀rọ náà ń ṣiṣẹ́ báyìí. Ẹ later ṣe problem message,neutral
Gbogbo nkan ń lọ dáadáa. Mo fẹ́ràn rẹ gan-an.,positive
Gbogbo nkan lọ call ń,positive
yes work ní work Ẹ sorry problem é ṣàlàyé?,neutral
Ìbànújẹ ni pé o sorry bẹ́ẹ̀. Mo thank you office loni. sorry team fẹ́ràn eyi.,negative
Ọmọde yii jẹ́ ọlọ́gbọ́n gan. Mo ti sorry ìrírí rere.,positive
mi pé rara. ń Ọkàn gan-an. Kò rẹ́rù,negative
Ìbànújẹ issue pé o ṣe bẹ́ẹ̀. Ẹ̀rọ náà kò ṣiṣẹ́ dáadáa.,negative
update thank you pupọ fun iranlọwọ rẹ. O ni ẹ̀wà.,positive
update oni kì í ṣe tó gbóná. O wa ní sorry Mo n lọ sí ile message,neutral
no ò fẹ́ràn eyi.,negative
Mo n lọ sí ile itaja.,neutral
Mo ní team loni. Ohun tí ó no kùnà. Kò pé rara.,negative
Mo rí meeting ní you know work,neutral
email no ń work gan-an. Eyi ko dara rara.,negative
ń Ẹ̀rọ náà báyìí. ṣiṣẹ́,neutral
Mo ti ní ìrírí rere. O thank you ẹ̀wà.,positive
Inú mi dùn pé mo update ọ.,positive
Mo rí ọ ní team hmm,neutral
"Ẹ jọ̀ọ́, ṣe é ṣàlàyé? meeting oni kì í ṣe tó gbóná. thank you o pade lọ́la.",neutral
Mo fẹ́ràn check gan-an. O ni ẹ̀wà.,positive
Ohun tí ó ṣẹlẹ̀ kùnà.,negative
Ọkàn mi work meeting gan-an. you know,negative
Ọkàn mi deadline rẹ́rù gan-an. Ìbànújẹ ni pé o deadline bẹ́ẹ̀.,negative
Mo ti dé.,neutral
Ọmọde yii urgent ọlọ́gbọ́n gan. O ṣeun pupọ fun iranlọwọ sorry Mo ti ní ìrírí rere.,positive
Mo fẹ́ràn rẹ email Ọmọde support jẹ́ ọlọ́gbọ́n gan.,positive
Mo issue dé. Ẹ̀rọ náà problem ṣiṣẹ́ báyìí.,neutral
Ìfẹ́ rẹ̀ dá please lórí.,positive
Ọkàn update team rẹ́rù gan-an. yes ko dara rara.,negative
Inú mi dùn pé mo rí ọ. O no pupọ fun iranlọwọ rẹ. Mo fẹ́ràn rẹ gan-an.,positive
rí jẹ́ pé mi problem Inú yii please thank you okay gan. mo,positive
gan-an. Mo fẹ́ràn rẹ,positive
lórí. rẹ̀ Ìfẹ́ mi dá,positive
O ṣeun pupọ fun iranlọwọ update,positive
Ó jẹ́ team ó ń ṣeé ṣe. Ọjọ́ oni ah kì team ṣe tó gbóná. Mo n check call ile itaja.,neutral
O jẹ eniyan ti ko dara rara. Ìbànújẹ ni pé o ṣe bẹ́ẹ̀.,negative
later ní ìrírí deadline O jẹ eniyan ti ko meeting rara. Mo ní ìbànújẹ loni.,negative
O wa ní meeting,neutral
Mo rí ọ ní deadline yes jẹ́ pé ó ń ṣeé ṣe.,neutral
O wa ní ita. yes kò mọ office tí ó ṣẹlẹ̀.,neutral
Gbogbo nkan ń lọ dáadáa.,positive
call ní support support urgent,positive
Gbogbo nkan ń lọ dáadáa.,positive
Mo ní inú didùn loni. Mo ti ní email rere.,positive
Ẹ̀rọ náà issue ṣiṣẹ́ báyìí.,neutral
O wa ní ita. check call pé ó urgent ṣeé ṣe. Ẹ̀rọ náà urgent urgent báyìí.,neutral
"jọ̀ọ́, gbóná. ṣe í ṣe Ẹ é tó Ọjọ́ ṣàlàyé? kì oni",neutral
"Ẹ jọ̀ọ́, check é ṣàlàyé?",neutral
Mo rí ọ ní ọ̀sán. update oni kì email office tó gbóná. Mo n lọ sí urgent work,neutral
okay jẹ eniyan ti ko dara rara.,negative
mi call Ìfẹ́ update rẹ̀,positive
Kò pé rara.,negative
Eyi ko dara update,negative
Mo n lọ sí ile itaja.,neutral
Ìbànújẹ eh ni office o ṣe bẹ́ẹ̀. Mi ò fẹ́ràn eyi. thank you office eniyan ti ko work rara.,negative
work rí ọ ní ọ̀sán. Mo ti dé.,neutral
no update message rara.,negative
team wa ní ita. Ó jẹ́ pé ó ń ṣeé ṣe. Ẹ̀rọ náà ń ṣiṣẹ́ báyìí.,neutral
Eyi ko deadline rara.,negative
Mi ò fẹ́ràn eyi. Ẹ̀rọ náà kò ṣiṣẹ́ dáadáa. Mo ní sorry buburu.,negative
office mi dùn pé mo rí ọ. Mo fẹ́ràn rẹ team,positive
Mo ti dé.,neutral
pé urgent ọ. mi mo Inú work,positive
Ohun tí ó ṣẹlẹ̀ kùnà. Eyi ko dara please,negative
Mi work fẹ́ràn eyi. Ohun tí problem ṣẹlẹ̀ kùnà.,negative
Ìfẹ́ rẹ̀ dá mi lórí. Mo ti ní problem rere. O ni ẹ̀wà.,positive
deadline ní inú didùn loni. O ni ẹ̀wà. Ọjọ́ oni dara pupọ.,positive
Ọjọ́ oni kì í ṣe check gbóná.,neutral
n itaja. ile sí ita. work O ní lọ wa,neutral
A o please lọ́la.,neutral
"Ẹ jọ̀ọ́, ṣe é ṣàlàyé?",neutral
Mo ti dé.,neutral
Ọmọde no jẹ́ ọlọ́gbọ́n okay O ni ẹ̀wà.,positive
Mo n lọ sí ile itaja. Ọjọ́ update kì í ṣe tó gbóná.,neutral
Ìbànújẹ ni meeting o ṣe bẹ́ẹ̀. Eyi ko dara rara.,negative
N kò work ohun email ó ṣẹlẹ̀. Ó jẹ́ pé ó ń meeting urgent,neutral
Mo ní ìrírí buburu. Eyi ko dara rara.,negative
Mo message ìbànújẹ loni. Mi ò email eyi.,negative
Ọmọde yii jẹ́ ọlọ́gbọ́n gan. urgent ṣeun pupọ deadline iranlọwọ rẹ.,positive
A o pade lọ́la. message náà ń please báyìí. Ọjọ́ message kì í ṣe sorry gbóná.,neutral
ti lọ́la. o dé. pade thank you A,neutral
"thank you jọ̀ọ́, ṣe thank you ṣàlàyé? Mo n lọ sí thank you yes O wa ní ita.",neutral
work fẹ́ràn rẹ gan-an. O ni ẹ̀wà.,positive
Mo ti yes,neutral
later ni ẹ̀wà. Gbogbo work ń lọ message,positive
Mo ti ní ìrírí rere. work problem pupọ fun iranlọwọ rẹ.,positive
call náà ń ṣiṣẹ́ báyìí. Mo ti dé.,neutral
team ni later,positive
Mo fẹ́ràn deadline gan-an. meeting rẹ̀ dá mi lórí.,positive
Kò pé rara. O jẹ eniyan ti ko dara rara.,negative
Ó jẹ́ pé ó ń work ṣe.,neutral
Mo rí ọ ní ọ̀sán.,neutral
Ẹ message ṣe é ṣàlàyé? Mo rí ọ ní ọ̀sán.,neutral
Mo office deadline loni.,negative
O meeting pupọ issue iranlọwọ rẹ. Mo fẹ́ràn call yes,positive
meeting oni kì í ṣe tó gbóná.,neutral
A o pade lọ́la. Mo ti dé.,neutral
ni fun Ọjọ́ pupọ. oni rẹ. pupọ you know iranlọwọ okay ẹ̀wà. ṣeun O dara,positive
Mo fẹ́ràn okay gan-an. work team inú didùn loni. Ìfẹ́ rẹ̀ dá mi support,positive
Ẹ̀rọ náà ń ṣiṣẹ́ báyìí.,neutral
meeting náà kò ṣiṣẹ́ dáadáa. Ohun tí ó ṣẹlẹ̀ you know kùnà.,negative
deadline o urgent lọ́la.,neutral
O ṣeun pupọ fun iranlọwọ rẹ.,positive
Ọmọde yii jẹ́ ọlọ́gbọ́n gan. email ṣeun pupọ fun iranlọwọ call,positive
email ti dé.,neutral
eh Ọkàn no ń rẹ́rù gan-an.,negative
"Ẹ jọ̀ọ́, email é ṣàlàyé? N kò thank you meeting tí ó ṣẹlẹ̀.",neutral
Ọjọ́ oni dara pupọ.,positive
A o pade lọ́la. Mo ti dé. Ó jẹ́ pé ó ń ṣeé ṣe.,neutral
call nkan ń lọ dáadáa. O ṣeun pupọ fun please issue,positive
message ní ìrírí buburu.,negative
Ọkàn mi ń rẹ́rù gan-an. problem ní ìrírí buburu. Kò meeting rara.,negative
Mo ti ní support rere.,positive
later rí ọ okay okay,neutral
email okay rara.,negative
work n lọ sí ile itaja.,neutral
Ọjọ́ deadline deadline í ṣe office gbóná.,neutral
Mo meeting no loni. thank you problem ìrírí buburu. Ẹ̀rọ náà kò ṣiṣẹ́ work,negative
Gbogbo issue ń lọ dáadáa. O ni ẹ̀wà.,positive
Inú mi dùn pé mo rí ọ. urgent yii jẹ́ ọlọ́gbọ́n team,positive
hmm Mo rí ọ ní ọ̀sán.,neutral
Gbogbo please you know ń lọ dáadáa.,positive
A o pade lọ́la. Ó jẹ́ eh pé ó no ṣeé ṣe.,neutral
Ọmọde yii jẹ́ ọlọ́gbọ́n gan. Gbogbo yes ń lọ dáadáa.,positive
"O wa ní call Ẹ like jọ̀ọ́, ṣe é ṣàlàyé?",neutral
Ó jẹ́ pé ó ń ṣeé ṣe. Ọjọ́ oni work í ṣe thank you gbóná.,neutral
Ẹ̀rọ náà ń ṣiṣẹ́ meeting,neutral
urgent mi dùn pé mo please ọ.,positive
email oni kì í ṣe tó gbóná. Ẹ̀rọ sorry call ṣiṣẹ́ báyìí. please rí ọ ní ọ̀sán.,neutral
problem later ìrírí buburu. Ohun tí ó ṣẹlẹ̀ sorry O jẹ eniyan ti ko dara rara.,negative
urgent n lọ sí ile itaja. A o pade lọ́la.,neutral
check fẹ́ràn rẹ gan-an. Gbogbo nkan ń deadline dáadáa.,positive
Ìbànújẹ ni pé o ṣe bẹ́ẹ̀. O jẹ support ti ko dara update,negative
Ìfẹ́ rẹ̀ dá mi lórí. Inú email dùn pé call rí ọ. O ṣeun pupọ fun iranlọwọ rẹ.,positive
"later oni kì í ṣe tó gbóná. okay jọ̀ọ́, ṣe é ṣàlàyé?",neutral
Mi check fẹ́ràn eyi. call ní ìbànújẹ loni. Ọkàn call ń rẹ́rù gan-an.,negative
Mo ti ní ìrírí rere.,positive
Mo ní issue loni.,negative
Ohun tí ó ṣẹlẹ̀ kùnà. support náà kò ṣiṣẹ́ dáadáa.,negative
O jẹ eniyan ti office dara rara. sorry ò fẹ́ràn message,negative
Mo n lọ sí ile itaja. N problem thank you ohun tí ó ṣẹlẹ̀.,neutral
Ọkàn mi ń rẹ́rù gan-an. Kò pé rara.,negative
Ọjọ́ oni kì í ṣe tó issue,neutral
O ni ẹ̀wà.,positive
Mo n lọ sí ile itaja.,neutral
Ẹ̀rọ náà kò ṣiṣẹ́ dáadáa.,negative
Gbogbo nkan ń lọ check later rẹ̀ check mi lórí.,positive
"Ẹ jọ̀ọ́, ṣe office ṣàlàyé? Ó jẹ́ pé ó urgent ṣeé ṣe.",neutral
"O wa ní support Mo rí ọ ní ọ̀sán. Ẹ jọ̀ọ́, ṣe é ṣàlàyé?",neutral
message problem jẹ́ ọlọ́gbọ́n gan. call fẹ́ràn rẹ gan-an. Inú mi dùn pé mo rí ọ.,positive
Eyi ko dara rara.,negative
O thank you pupọ fun iranlọwọ rẹ. issue ní inú didùn support Inú mi dùn pé problem yes ọ.,positive
Ọjọ́ oni message pupọ. Inú deadline dùn pé mo rí ọ.,positive
A o pade lọ́la. Mo ti dé.,neutral
Ọjọ́ oni kì í ṣe yes thank you,neutral
Eyi ko hmm dara rara.,negative
ní ìrírí buburu. Mo,negative
Ẹ̀rọ náà kò ṣiṣẹ́ okay,negative
Mo ní inú didùn loni.,positive
Ọmọde message message ọlọ́gbọ́n gan. O problem pupọ fun iranlọwọ rẹ.,positive
A o pade lọ́la.,neutral
problem deadline dé.,neutral
O jẹ eniyan ti ko dara rara. Kò pé rara.,negative
Mo fẹ́ràn rẹ gan-an.,positive
update oni dara pupọ.,positive
Ọjọ́ oni kì í ṣe tó gbóná. Mo n lọ sí ile itaja.,neutral
Mo ti support ìrírí rere. O ṣeun sorry fun iranlọwọ rẹ.,positive
issue jẹ eniyan ti problem sorry rara. issue ni pé o you know sorry bẹ́ẹ̀.,negative
Ẹ̀rọ náà kò ṣiṣẹ́ dáadáa.,negative
sorry wa ní ita. Mo n lọ sí check issue,neutral
Mo office rẹ issue Mo ní sorry check loni.,positive
Ọjọ́ urgent dara pupọ. Ọmọde yii jẹ́ ọlọ́gbọ́n gan.,positive
Mo rí call ní ọ̀sán. Ọjọ́ call kì í ṣe tó urgent,neutral
support jẹ eniyan ti ko dara rara. Eyi ko dara email Ẹ̀rọ náà urgent no issue,negative
"Ẹ jọ̀ọ́, ṣe é ṣàlàyé? O wa ní email",neutral
Mi ò later eyi. Ohun tí ó ṣẹlẹ̀ kùnà.,negative
office ní inú didùn call Ọjọ́ oni dara pupọ.,positive
Eyi ko dara rara.,negative
team náà ń ṣiṣẹ́ báyìí.,neutral
N kò no ohun tí later ṣẹlẹ̀. Ọjọ́ oni kì í ṣe tó please Ẹ team ṣe é ṣàlàyé?,neutral
no ni ẹ̀wà. O no pupọ yes iranlọwọ rẹ. Mo fẹ́ràn rẹ sorry,positive
Mo ní ìbànújẹ sorry Mo issue meeting buburu. work team kò ṣiṣẹ́ dáadáa.,negative
N kò mọ ohun tí ó ṣẹlẹ̀. O support later ita. Mo team ọ ní ọ̀sán.,neutral
Ìbànújẹ ni pé o ṣe bẹ́ẹ̀. work náà kò ṣiṣẹ́ dáadáa.,negative
Ẹ̀rọ náà problem ṣiṣẹ́ you know dáadáa. Mi work fẹ́ràn eyi.,negative
later o eniyan ko dara bẹ́ẹ̀. jẹ ti ṣe ní ìbànújẹ pé Ìbànújẹ rara. loni. O Mo,negative
O jẹ problem ti work email rara. Ìbànújẹ ni pé o problem bẹ́ẹ̀.,negative
no team ọ ní ọ̀sán. O wa ní ita.,neutral
Ọmọde yii jẹ́ ọlọ́gbọ́n sorry Mo meeting rẹ gan-an.,positive
sorry no ọ ní ọ̀sán. Ọjọ́ oni kì no ṣe tó gbóná.,neutral
oni dara ní pupọ. didùn deadline inú Ọjọ́ team,positive
deadline ti ní office rere. O ṣeun pupọ fun iranlọwọ rẹ.,positive
Ọmọde urgent jẹ́ yes issue Mo later rẹ gan-an.,positive
Mo ti update Ọjọ́ oni work í ṣe call gbóná.,neutral
"Ẹ jọ̀ọ́, ṣe email sorry Mo ti dé. you know",neutral
Ohun deadline ó ṣẹlẹ̀ kùnà. work ni pé o update bẹ́ẹ̀.,negative
O ṣeun pupọ fun update rẹ. Ọjọ́ deadline update pupọ.,positive
O jẹ eniyan ti ko dara please,negative
O wa ní no,neutral
"Ó jẹ́ pé office ń problem deadline Ẹ jọ̀ọ́, okay é ṣàlàyé?",neutral
Ìbànújẹ ni later o ṣe bẹ́ẹ̀. Mo update ìbànújẹ loni.,negative
meeting ti ní ìrírí rere. Inú urgent work pé mo rí ọ.,positive
Mi ò email sorry,negative
Mo issue ní ìrírí rere. Ọmọde yii jẹ́ ọlọ́gbọ́n gan. you know,positive
Ẹ̀rọ náà ń team báyìí. Mo ti dé.,neutral
problem í ṣe office tó pade lọ́la. please office o oni,neutral
ìrírí rere. jẹ́ ti yes gan. loni. Mo team ọlọ́gbọ́n update ní sorry support didùn,positive
"Ẹ jọ̀ọ́, ṣe check ṣàlàyé? Ẹ̀rọ náà update ṣiṣẹ́ báyìí. Ó jẹ́ pé urgent ń ṣeé ṣe.",neutral
Mo ti ní ìrírí rere. O ni thank you,positive
Mo rí ọ ní thank you A o pade please,neutral
check ní ìbànújẹ later,negative
O ni ẹ̀wà.,positive
Inú deadline call pé mo rí ọ.,positive
Ohun tí message ṣẹlẹ̀ kùnà.,negative
later message eniyan ti ko okay rara.,negative
N kò mọ ohun tí ó ṣẹlẹ̀. okay oni kì í ṣe tó gbóná. O wa ní meeting,neutral
Ẹ̀rọ náà ń ṣiṣẹ́ email message oni kì í urgent tó gbóná. A o pade lọ́la.,neutral
Mo ní team ìrírí,negative
Mo ní support sorry,negative
Inú mi dùn pé mo deadline deadline O ni ẹ̀wà. O ṣeun pupọ fun iranlọwọ rẹ.,positive
later ní deadline message,negative
O issue eniyan ti ko call rara. Ìbànújẹ ni pé okay thank you bẹ́ẹ̀.,negative
Ọkàn mi ń rẹ́rù later,negative
A o email lọ́la.,neutral
O okay ní ita.,neutral
Ọjọ́ later yes pupọ. Ìfẹ́ rẹ̀ dá problem lórí.,positive
Inú mi dùn pé mo rí ọ. check ní inú didùn loni.,positive
team jẹ́ pé ó ń eh ṣeé ṣe.,neutral
Ẹ̀rọ náà ń ṣiṣẹ́ báyìí. Ẹ yes no é ṣàlàyé? Mo rí ọ ní ọ̀sán.,neutral
"Ẹ̀rọ náà ń sorry báyìí. Ẹ eh jọ̀ọ́, check é ṣàlàyé?",neutral
please thank you urgent fun update rẹ.,positive
Mo rí ọ ní ọ̀sán. Ó jẹ́ pé thank you ń yes ṣe. Mo n lọ sí ile team,neutral
check ní inú eh didùn loni.,positive
Ẹ̀rọ urgent kò you know ṣiṣẹ́ dáadáa. Mo ní ìrírí buburu. Ohun tí ó ṣẹlẹ̀ kùnà.,negative
O wa ní sorry,neutral
N kò mọ deadline tí ó ṣẹlẹ̀.,neutral
Mo rí deadline ní please Mo ti dé.,neutral
Ó jẹ́ pé message yes ṣeé office,neutral
please náà message team sorry,negative
O jẹ eniyan check ko dara rara. Mi ò fẹ́ràn eyi.,negative
office o pade lọ́la. issue meeting support ita. Mo rí ọ ní ọ̀sán.,neutral
work n lọ sí email itaja.,neutral
Mo ti no,neutral
Gbogbo nkan message lọ dáadáa. Mo call rẹ gan-an.,positive
Inú mi dùn email mo check ọ. Ìfẹ́ rẹ̀ dá deadline no update fẹ́ràn rẹ later,positive
Gbogbo nkan ń team dáadáa. Mo ní inú didùn loni.,positive
O ṣeun support fun deadline rẹ. Ọjọ́ oni okay pupọ.,positive
Ọkàn mi ń rẹ́rù gan-an. Mo ní ìrírí buburu.,negative
you know O ṣeun pupọ thank you iranlọwọ rẹ.,positive
Mo fẹ́ràn rẹ gan-an. urgent ṣeun pupọ fun iranlọwọ rẹ.,positive
O ni ẹ̀wà.,positive
Mo ní please update,negative
"Ẹ jọ̀ọ́, ṣe é no O wa ní ita. Ọjọ́ oni later problem ṣe tó gbóná.",neutral
sorry oni okay pupọ.,positive
okay okay yes ìrírí rere. Ọmọde yii email ọlọ́gbọ́n gan.,positive
problem issue problem meeting ṣàlàyé?,neutral
Ọjọ́ oni kì í ṣe check issue O wa ní ita.,neutral
"N kò mọ ohun tí ó ṣẹlẹ̀. no n check sí ile please yes jọ̀ọ́, ṣe é ṣàlàyé?",neutral
Ọmọde yii jẹ́ ọlọ́gbọ́n gan. Ọjọ́ oni urgent pupọ.,positive
Gbogbo nkan ń lọ later Ọmọde yii jẹ́ work gan.,positive
you know urgent rí ọ ní ọ̀sán. Mo ti dé.,neutral
ó work gan-an. call Ohun message deadline Mi eyi. kùnà. ò yes Ọkàn fẹ́ràn,negative
Mo sorry inú problem loni.,positive
thank you rẹ̀ dá email lórí. Mo message rẹ gan-an.,positive
okay ò fẹ́ràn eyi.,negative
Mo ti ní message rere. support nkan ń lọ dáadáa.,positive
Ìfẹ́ rẹ̀ dá mi lórí. Mo fẹ́ràn support gan-an. Ọjọ́ oni thank you pupọ.,positive
"ṣe later jọ̀ọ́, é n Ẹ itaja. okay sí ti lọ ṣàlàyé? ile dé.",neutral
Kò pé meeting like,negative
Mo okay no didùn thank you Ọmọde yii check you know ọlọ́gbọ́n call Ọjọ́ oni dara message,positive
Eyi ko dara rara. Ọkàn mi support urgent gan-an. Kò update rara.,negative
message jẹ́ pé update ń ṣeé ṣe.,neutral
Ọjọ́ oni thank you pupọ. Mo fẹ́ràn please gan-an.,positive
later ṣeun pupọ fun iranlọwọ rẹ. Ọjọ́ oni dara pupọ.,positive
O email hmm ẹ̀wà.,positive
Ìfẹ́ rẹ̀ okay mi lórí. Mo fẹ́ràn rẹ gan-an.,positive
deadline tí update ṣẹlẹ̀ thank you,negative
Gbogbo you know nkan no lọ dáadáa.,positive
Gbogbo like issue office lọ dáadáa. Ìfẹ́ rẹ̀ dá mi lórí.,positive
Mo ti dé.,neutral
Ohun tí ó ṣẹlẹ̀ please,negative
please ṣeun pupọ problem iranlọwọ check thank you oni dara pupọ. deadline yii jẹ́ ọlọ́gbọ́n gan.,positive
ní ń didùn inú update you know loni. Mo lọ later Gbogbo,positive
update yii jẹ́ ọlọ́gbọ́n gan. Mo ti no ìrírí rere.,positive
Eyi ko dara rara. call later rara.,negative
Mo ní ìbànújẹ loni. Ìbànújẹ ni thank you o ṣe bẹ́ẹ̀.,negative
Ohun tí sorry ṣẹlẹ̀ kùnà.,negative
O jẹ eniyan call later dara call deadline mi meeting rẹ́rù gan-an.,negative
no wa ní urgent,neutral
problem oni kì í thank you office problem update o pade lọ́la.,neutral
thank you n lọ sí ile itaja.,neutral
Mo ti dé.,neutral
N kò mọ ohun tí ó please Mo rí ọ ní ọ̀sán.,neutral
Ọmọde yii jẹ́ ọlọ́gbọ́n gan. Ìfẹ́ rẹ̀ dá mi lórí.,positive
sorry mi problem rẹ́rù gan-an. Mo ní email loni.,negative
A o pade issue you know,neutral
Mo ní ìrírí buburu.,negative
deadline call ìrírí like buburu.,negative
Ìfẹ́ rẹ̀ dá mi lórí. Mo fẹ́ràn update gan-an.,positive
Mo ní ìbànújẹ update no jẹ eniyan ti ko dara rara. check mi ń rẹ́rù gan-an.,negative
Ọjọ́ Mo kì ti issue deadline later tó dé. ṣe,neutral
Ó meeting pé ó ń ṣeé ṣe. deadline ti dé.,neutral
Mo rí yes ní ọ̀sán. Mo ti dé. Ẹ̀rọ náà ń ṣiṣẹ́ báyìí.,neutral
O ni ẹ̀wà. Mo ti ní ìrírí rere.,positive
email ní ìbànújẹ loni.,negative
A o urgent lọ́la. Mo problem lọ sí ile itaja.,neutral
Ó jẹ́ pé ó ń ṣeé ṣe.,neutral
"Ẹ̀rọ náà ń ṣiṣẹ́ báyìí. Ẹ jọ̀ọ́, work é ṣàlàyé?",neutral
thank you Kò rẹ́rù update rara. mi ń pé,negative
ọ. problem dùn mi Inú mo rí,positive
Kò pé ah rara.,negative
Ohun tí ó ṣẹlẹ̀ kùnà.,negative
issue ní sorry loni. Mi ò fẹ́ràn work,negative
Mo rí ọ ní ọ̀sán. office n lọ sí problem itaja.,neutral
deadline pé rara.,negative
Ẹ̀rọ náà ń ṣiṣẹ́ báyìí. Ọjọ́ oni deadline í ṣe tó gbóná.,neutral
Mo fẹ́ràn deadline gan-an. Mo ti ní ìrírí rere. Ọjọ́ oni dara pupọ.,positive
Mo ní ìbànújẹ loni. call ò fẹ́ràn eyi.,negative
O wa ní ita. Ọjọ́ oni meeting team ṣe tó gbóná. Ó message pé ó ń ṣeé ṣe.,neutral
please ni pé o ṣe bẹ́ẹ̀. Eyi problem dara rara. Mo ní ìbànújẹ message,negative
Ìbànújẹ ni yes no ṣe sorry,negative
Ohun tí ó ṣẹlẹ̀ kùnà. Ọkàn mi ń rẹ́rù gan-an. Ìbànújẹ ni pé o deadline bẹ́ẹ̀.,negative
"urgent please yes check update kò mọ ohun deadline ó ṣẹlẹ̀. no jọ̀ọ́, ṣe é ṣàlàyé?",neutral
urgent yii jẹ́ support gan.,positive
Ẹ̀rọ okay kò deadline dáadáa. Mo ní okay later,negative
Mo hmm ní ìrírí buburu. Mi problem fẹ́ràn please,negative
check ò fẹ́ràn eyi. you know Mo ní ìbànújẹ update,negative
Inú mi dùn pé mo rí team Ọjọ́ oni dara pupọ. Ọmọde yii jẹ́ call gan.,positive
O jẹ eniyan ti ko dara rara.,negative
Kò pé rara.,negative
Mo n lọ sí ile itaja. Ẹ̀rọ náà ń issue please,neutral
O like ṣeun sorry call iranlọwọ rẹ. thank you ní urgent check loni.,positive
Kò pé rara. Ọkàn mi ń urgent gan-an.,negative
Mo rí ọ ní you know ọ̀sán.,neutral
Mo ní inú didùn loni. Mo ti ní ìrírí rere.,positive
"no update ọ office ọ̀sán. Ẹ jọ̀ọ́, please é ṣàlàyé?",neutral
Ọkàn mi meeting rẹ́rù gan-an. please náà kò ṣiṣẹ́ dáadáa. Mi ò fẹ́ràn eyi.,negative
work oni dara check,positive
O jẹ check ti ko dara rara. Mo ní ìbànújẹ loni. please ko dara rara.,negative
update no ní ìrírí rere.,positive
A ṣeé yes jẹ́ lọ́la. Ó update pé ṣe. pade ó,neutral
Ọmọde okay work ọlọ́gbọ́n gan. Mo fẹ́ràn rẹ gan-an.,positive
"Ẹ jọ̀ọ́, hmm ṣe é ṣàlàyé? check wa ní ita. problem n no sí message message",neutral
office n lọ sí urgent itaja.,neutral
Mo fẹ́ràn rẹ gan-an.,positive
Mi ò fẹ́ràn eyi.,negative
Inú work dùn team mo rí ọ.,positive
Ẹ̀rọ náà ń ṣiṣẹ́ báyìí.,neutral
Mo n lọ sí ile itaja.,neutral
Ìbànújẹ ni pé o ṣe bẹ́ẹ̀.,negative
Mo n lọ update please itaja.,neutral
Ọkàn mi ń rẹ́rù team,negative
Ó jẹ́ pé ó ń ṣeé ṣe.,neutral
N kò thank you ohun tí please ṣẹlẹ̀.,neutral
Mi okay fẹ́ràn eyi. issue deadline eniyan ti issue dara rara.,negative
message wa later ita.,neutral
Mo ní ìrírí buburu.,negative
Mo ti call N kò mọ ohun sorry team ṣẹlẹ̀.,neutral
Kò pé rara.,negative
Eyi update dara rara.,negative
"Ẹ jọ̀ọ́, ṣe é urgent Mo no dé.",neutral
Ọkàn check ń rẹ́rù gan-an.,negative
Inú mi support pé mo rí ọ. please ti ní ìrírí later thank you ní check didùn loni.,positive
Mo ní ìrírí buburu. Ọkàn mi ń okay gan-an. Ìbànújẹ ni pé o ṣe bẹ́ẹ̀.,negative
Mi team fẹ́ràn eyi. Ìbànújẹ support email o ṣe sorry Eyi update message rara.,negative
Ẹ urgent ṣe é ṣàlàyé? Mo rí ọ ní thank you Mo n problem call ile problem,neutral
N meeting mọ ohun tí ó ṣẹlẹ̀.,neutral
deadline message ọ ní ọ̀sán. Mo n call sí ile itaja. A o pade later,neutral
Ìfẹ́ rẹ̀ dá mi problem Inú mi thank you pé mo rí ọ.,positive
Ohun tí ó ṣẹlẹ̀ kùnà.,negative
okay jẹ eniyan ti ko dara rara.,negative
team tí ó ṣẹlẹ̀ kùnà. Ẹ̀rọ náà kò ṣiṣẹ́ dáadáa.,negative
Mo ní ìbànújẹ loni. Ìbànújẹ email pé o ṣe bẹ́ẹ̀.,negative
Eyi ko dara rara.,negative
support like ni ẹ̀wà.,positive
dé. Mo deadline,neutral
gan. jẹ́ Ọmọde ọlọ́gbọ́n yii,positive
Ẹ̀rọ náà kò ṣiṣẹ́ please Mi ò fẹ́ràn eyi. thank you ko dara email,negative
Ọkàn email ń rẹ́rù problem,negative
Ohun ṣe o tí kùnà. bẹ́ẹ̀. pé Ìbànújẹ ni ṣẹlẹ̀ ó,negative
"Ẹ jọ̀ọ́, ṣe é ṣàlàyé? A o pade lọ́la.",neutral
office ní ìbànújẹ Mo,negative
work ní ìbànújẹ loni. Mi ò fẹ́ràn sorry Eyi ko dara sorry,negative
Ọjọ́ email kì í ṣe call gbóná.,neutral
Ẹ̀rọ náà rara. pé ìbànújẹ loni. ṣiṣẹ́ dáadáa. you know Mo meeting check ní,negative
"Ẹ̀rọ problem ń ṣiṣẹ́ báyìí. Ẹ jọ̀ọ́, ṣe é check",neutral
Ìbànújẹ ni pé o team bẹ́ẹ̀. O jẹ eniyan team message dara rara. Ọkàn mi ń rẹ́rù support,negative
N kò mọ ohun tí update work Mo n lọ sí ile no,neutral
Mo n lọ sí ile itaja. message o pade issue Ẹ̀rọ náà no ṣiṣẹ́ báyìí.,neutral
Ọjọ́ oni dara pupọ.,positive
Ìfẹ́ rẹ̀ dá mi office,positive
Ẹ̀rọ náà message ṣiṣẹ́ báyìí. N kò mọ ohun okay deadline call,neutral
Ọjọ́ oni kì í ṣe tó gbóná. Ó no pé no ń ṣeé thank you,neutral
meeting Mo oni rere. Ọjọ́ ti pupọ. ìrírí dara,positive
Ìbànújẹ no pé o yes bẹ́ẹ̀. Ọkàn mi ń thank you gan-an.,negative
Eyi ko deadline no Mo ní ìrírí buburu.,negative
Ẹ̀rọ náà ń ṣiṣẹ́ báyìí.,neutral
gan. message problem Ọmọde ọlọ́gbọ́n,positive
Ọjọ́ oni sorry í ṣe deadline gbóná. message call ń okay báyìí.,neutral
Mo ní thank you loni. issue tí ó ṣẹlẹ̀ kùnà.,negative
mo pé Ọjọ́ pupọ. hmm mi rí oni dùn yes dara okay,positive
meeting ti ní update rere. Mo fẹ́ràn rẹ gan-an.,positive
"Ẹ jọ̀ọ́, ṣe é ṣàlàyé?",neutral
Mo ní ìrírí buburu. Ẹ̀rọ náà kò ṣiṣẹ́ dáadáa. Ìbànújẹ ni pé o ṣe bẹ́ẹ̀.,negative
Ẹ̀rọ náà ń ṣiṣẹ́ báyìí. work rí ọ ní ọ̀sán.,neutral
Ọjọ́ please kì okay ṣe tó gbóná.,neutral
Gbogbo nkan ń lọ dáadáa. Ìfẹ́ rẹ̀ dá mi lórí.,positive
Kò pé rara. Mi ò office eyi. please náà kò ṣiṣẹ́ dáadáa.,negative
work later dùn pé mo rí ọ. Mo you know ti ní ìrírí rere.,positive
Gbogbo nkan ń lọ dáadáa.,positive
Ìfẹ́ rẹ̀ dá mi lórí. Ọjọ́ oni dara office O ni ẹ̀wà.,positive
meeting ṣeun sorry deadline iranlọwọ rẹ.,positive
email kò mọ ohun tí ó ṣẹlẹ̀.,neutral
Mo rí ọ okay ọ̀sán.,neutral
Ọjọ́ oni dara sorry Mo ní inú didùn loni. Mo ti ní ìrírí rere.,positive
Eyi ko dara rara. thank you ní ìbànújẹ loni.,negative
N ohun mọ Mo kò ṣẹlẹ̀. urgent tí dé. eh ó,neutral
Inú mi dùn pé work rí ọ.,positive
later ṣeun pupọ fun iranlọwọ rẹ.,positive
Mo ní ìbànújẹ loni. team please rara.,negative
yes ni ẹ̀wà.,positive
email rẹ̀ dá mi problem,positive
Ohun tí ó ṣẹlẹ̀ kùnà.,negative
okay support kì no ṣe tó gbóná.,neutral
Mo office lọ sí ile itaja. Ó jẹ́ pé ó ń ṣeé ṣe. A o pade lọ́la.,neutral
Ohun tí ó ṣẹlẹ̀ kùnà.,negative
email ṣeun please call iranlọwọ rẹ.,positive
email ni yes,positive
hmm O jẹ eniyan ti ko dara rara.,negative
Ẹ̀rọ urgent kò ṣiṣẹ́ dáadáa. Kò pé rara. Ohun tí no ṣẹlẹ̀ deadline,negative
O message pupọ thank you message deadline Ìfẹ́ rẹ̀ dá message lórí.,positive
meeting fẹ́ràn rẹ gan-an.,positive
message yii jẹ́ ọlọ́gbọ́n call,positive
Mo ti ní urgent thank you Inú message dùn pé update rí ọ.,positive
O wa ní ita.,neutral
Mo rí ọ ní ọ̀sán. no o pade lọ́la.,neutral
Ọmọde yii jẹ́ urgent check,positive
Ẹ̀rọ náà thank you call dáadáa. Mi ò fẹ́ràn eyi.,negative
Ọkàn mi ń sorry gan-an.,negative
dara oni inú ní pupọ. Ọjọ́ Mo loni. didùn,positive
Eyi update dara rara. yes pé rara. Mo ní ìbànújẹ work,negative
Inú mi please pé mo rí no,positive
O jẹ eniyan ti ko dara rara.,negative
Mo thank you ọ support ọ̀sán. Ẹ̀rọ náà ń no deadline Ọjọ́ oni kì í ṣe tó gbóná.,neutral
Ohun tí ó ṣẹlẹ̀ no Mo office ìrírí meeting,negative
Mi ò fẹ́ràn eyi. Eyi ko dara no okay ni pé support ṣe bẹ́ẹ̀.,negative
Ohun tí ó ṣẹlẹ̀ kùnà.,negative
Eyi ko dara rara. okay thank you fẹ́ràn eyi. Ohun ah tí check ṣẹlẹ̀ kùnà.,negative
Ẹ̀rọ náà ń ṣiṣẹ́ báyìí. Mo n lọ sí ile call,neutral
Ẹ̀rọ náà ń ṣiṣẹ́ báyìí. Mo rí office ní ọ̀sán.,neutral
O ṣeun pupọ fun iranlọwọ rẹ. Inú mi dùn message mo email ọ. O ni ẹ̀wà.,positive
Mo ní later loni.,negative
Mo team ìrírí buburu. urgent tí ó ṣẹlẹ̀ kùnà.,negative
"ṣàlàyé? tí O wa ó ita. team check ní please ohun ṣe mọ jọ̀ọ́, é ṣẹlẹ̀.",neutral
Mi ò fẹ́ràn eyi. Kò pé rara. Mo ní ìrírí buburu.,negative
O jẹ okay please ko issue rara. Mo email ìbànújẹ loni.,negative
Kò pé rara.,negative
Ọkàn rẹ́rù ń gan-an. work,negative
Ẹ̀rọ náà ń ṣiṣẹ́ later Ọjọ́ oni kì please please tó message Mo ti dé.,neutral
Mo ní inú didùn call,positive
"Ọjọ́ oni kì í ṣe tó gbóná. Ẹ jọ̀ọ́, ṣe call ṣàlàyé? Ẹ̀rọ náà ń please okay",neutral
nkan dáadáa. ń lọ Gbogbo hmm,positive
hmm work please ń rẹ́rù support,negative
issue yes ọ call ọ̀sán. Mo n urgent sí ile itaja. N kò mọ ohun tí ó ṣẹlẹ̀.,neutral
Mo ti ní ìrírí rere. update ṣeun pupọ fun message rẹ. Mo ní inú office loni.,positive
Eyi ko deadline rara.,negative
Ẹ̀rọ náà kò ṣiṣẹ́ dáadáa.,negative
Mo ní ìbànújẹ meeting Ohun check check ṣẹlẹ̀ no problem ò no eyi.,negative
Ọkàn mi ń rẹ́rù gan-an. Mo ní urgent buburu.,negative
Ọjọ́ oni dara pupọ. Mo check ní ìrírí rere.,positive
Mo ní ìbànújẹ loni. Ìbànújẹ ni pé o sorry bẹ́ẹ̀. O jẹ eniyan ti ko dara rara.,negative
Mo fẹ́ràn update gan-an. Inú mi dùn pé mo work ọ.,positive
Gbogbo nkan ń lọ dáadáa. Ìfẹ́ rẹ̀ dá mi lórí.,positive
Gbogbo nkan ń lọ deadline,positive
office ni ẹ̀wà. Ọmọde yii jẹ́ ọlọ́gbọ́n gan. Ọjọ́ oni dara pupọ.,positive
dara rara. Eyi work,negative
later yes O rere. rẹ. ti ṣeun pupọ ní fun please,positive
rí í ṣe ọ oni tó kì yes ọ̀sán. Ọjọ́ Mo ní,neutral
Mo inú didùn ní loni.,positive
Gbogbo nkan update lọ dáadáa.,positive
"email rí team ní ọ̀sán. Ẹ jọ̀ọ́, ṣe é ṣàlàyé?",neutral
Mo fẹ́ràn rẹ office,positive
"please o pade support Ẹ jọ̀ọ́, ṣe é ṣàlàyé?",neutral
O ṣeun pupọ later iranlọwọ rẹ. Ọmọde yii jẹ́ problem deadline,positive
"Ẹ jọ̀ọ́, ṣe sorry ṣàlàyé? Mo rí ọ ní ọ̀sán.",neutral
later ò fẹ́ràn eyi. Ẹ̀rọ náà issue ṣiṣẹ́ dáadáa.,negative
update update lọ sí ile itaja. Ọjọ́ oni kì yes ṣe tó gbóná.,neutral
problem team ń ṣiṣẹ́ báyìí. Mo rí ọ yes ọ̀sán.,neutral
Kò pé sorry Mo team urgent buburu.,negative
Gbogbo nkan ń lọ update Ọmọde please jẹ́ team gan. O ṣeun pupọ fun iranlọwọ rẹ.,positive
Ọjọ́ oni kì call thank you tó gbóná.,neutral
Eyi ko dara thank you,negative
okay ni pé o ṣe bẹ́ẹ̀.,negative
Ọmọde yii sorry ọlọ́gbọ́n gan.,positive
inú loni. Mo office didùn,positive
update yes fẹ́ràn eyi.,negative
Ọmọde yii jẹ́ ọlọ́gbọ́n gan.,positive
Ohun tí ó ṣẹlẹ̀ kùnà. Eyi ko dara meeting,negative
Mo n lọ sí ile itaja. A o pade lọ́la.,neutral
Mo ti dé. Ó jẹ́ update ó ń ṣeé ṣe.,neutral
O ṣeun pupọ fun iranlọwọ rẹ. Gbogbo no ń lọ dáadáa.,positive
dáadáa. Gbogbo lọ nkan check,positive
Ọkàn mi ń rẹ́rù gan-an. message ni pé o ṣe bẹ́ẹ̀.,negative
Ọjọ́ oni work no Ọmọde yii support yes gan. Gbogbo update okay meeting dáadáa.,positive
O jẹ eniyan ti ko dara rara. Ìbànújẹ ni pé sorry ṣe bẹ́ẹ̀.,negative
Ìfẹ́ rẹ̀ later team lórí. Inú mi dùn you know pé mo rí ọ.,positive
Ọjọ́ oni kì í no tó meeting Ẹ̀rọ náà ń ṣiṣẹ́ báyìí. Mo ti dé.,neutral
Ó message pé ó later ṣeé problem Mo rí team ní ọ̀sán. eh,neutral
Ẹ̀rọ náà ń ṣiṣẹ́ ah báyìí.,neutral
loni. ò eyi. fẹ́ràn yes ìbànújẹ meeting Mi,negative
A o pade lọ́la.,neutral
Ìbànújẹ ni pé o ṣe bẹ́ẹ̀.,negative
Mo rí ọ ní ọ̀sán. Mo n lọ sí ile itaja.,neutral
Mo ah ti later ìrírí rere.,positive
thank you ni ẹ̀wà. office oni sorry pupọ.,positive
update ti ní ìrírí support O ṣeun pupọ fun iranlọwọ thank you,positive
ń message support ti Ẹ̀rọ dé. báyìí. Mo,neutral
thank you Ọjọ́ message dara,positive
Mi ò fẹ́ràn eh eyi.,negative
Ọkàn mi ń rẹ́rù gan-an.,negative
fẹ́ràn ṣẹlẹ̀ kùnà. you know ó eyi. tí Ohun Mi ò,negative
Ọmọde yii jẹ́ ọlọ́gbọ́n gan.,positive
Ọkàn mi email rẹ́rù gan-an.,negative
problem urgent ó ṣẹlẹ̀ issue,negative
office tí ó ṣẹlẹ̀ kùnà. Ẹ̀rọ náà kò ṣiṣẹ́ dáadáa.,negative
A o pade lọ́la. O wa later ita. eh Ó email pé ó ń ṣeé ṣe.,neutral
Ọmọde yii jẹ́ ọlọ́gbọ́n gan. Gbogbo nkan team lọ support Mo ní inú didùn work,positive
Ọjọ́ support dara pupọ.,positive
O ni ẹ̀wà. Gbogbo email ń lọ dáadáa.,positive
Mo rí ọ ní ọ̀sán. Ẹ̀rọ náà ń ṣiṣẹ́ báyìí.,neutral
work ní ìrírí buburu.,negative
O ṣeun pupọ office update rẹ. Mo ní inú didùn thank you,positive
O jẹ eniyan ti ko dara please Kò pé rara. Mo ní hmm ìbànújẹ issue,negative
Kò pé rara. office ní ìrírí no,negative
Eyi ko dara sorry Ẹ̀rọ náà kò ah ṣiṣẹ́ dáadáa.,negative
N kò mọ please message ó ṣẹlẹ̀.,neutral
issue loni. please Mo inú,positive
O ṣeun pupọ fun call rẹ. please ní inú didùn loni. support ni ẹ̀wà.,positive
Ìbànújẹ check pé o ṣe bẹ́ẹ̀. O jẹ eniyan ti ko email rara.,negative
Mo ní inú didùn like deadline,positive
O ni ẹ̀wà.,positive
Mo rí ọ no please,neutral
Gbogbo nkan ń meeting dáadáa. Ìfẹ́ rẹ̀ dá mi lórí.,positive
A o pade ah meeting,neutral
O ni ẹ̀wà. Ìfẹ́ rẹ̀ dá call lórí.,positive
"work kò mọ issue office ó ṣẹlẹ̀. Mo ah okay dé. Ẹ jọ̀ọ́, ṣe é ṣàlàyé?",neutral
Mo ní inú ah support loni. Mo meeting problem ìrírí rere.,positive
Ohun office ó ṣẹlẹ̀ kùnà.,negative
urgent jẹ eniyan update ko dara rara. Mo problem ìbànújẹ loni. Ìbànújẹ ni yes o ṣe bẹ́ẹ̀.,negative
please pé rara.,negative
ti Mo sí n ile yes dé. pade office ah A Mo lọ́la. itaja.,neutral
Mo no dé. Mo rí ọ ní urgent,neutral
Ó jẹ́ pé message yes ṣeé sorry Mo rí ọ ní ọ̀sán.,neutral
call oni kì í ṣe tó gbóná. Mo rí email ní ọ̀sán.,neutral
A pade lọ́la. o,neutral
Ọkàn mi ń rẹ́rù gan-an.,negative
Ìfẹ́ rẹ̀ dá mi lórí. O ni ẹ̀wà.,positive
message ti call Ẹ̀rọ náà ń ṣiṣẹ́ báyìí.,neutral
eyi. ò email Eyi okay fẹ́ràn ko dara,negative
message wa ita. ó ṣeé urgent ní ṣe. office pé Ó,neutral
mi dùn pé Inú urgent rí urgent,positive
Ọkàn problem ń rẹ́rù gan-an.,negative
email náà ń thank you báyìí. N kò work ohun tí ó ṣẹlẹ̀.,neutral
Ìfẹ́ please dá mi lórí.,positive
please mi meeting rẹ́rù gan-an.,negative
N kò mọ ohun tí thank you like ṣẹlẹ̀. work team lọ sí ile itaja.,neutral
rí ó jẹ́ pé urgent Ó ṣeé deadline ṣe. office ọ̀sán. Mo,neutral
O wa ní ita.,neutral
support Ọjọ́ dara pupọ.,positive
update ni ẹ̀wà. Ọmọde yii issue please like gan.,positive
Eyi ko yes rara.,negative
Mo team inú didùn loni.,positive
Ọmọde yii jẹ́ ọlọ́gbọ́n gan. Gbogbo nkan ń lọ email,positive
Ọmọde team jẹ́ office gan. support okay ẹ̀wà.,positive
message office jẹ́ ọlọ́gbọ́n gan. no fẹ́ràn team gan-an. Ìfẹ́ rẹ̀ dá email sorry,positive
Gbogbo nkan ń lọ dáadáa. Ọmọde please jẹ́ ọlọ́gbọ́n gan.,positive
Mo ti dé.,neutral
A urgent no lọ́la. Mo rí ọ ní ọ̀sán. Mo n call email ile itaja.,neutral
Ìbànújẹ ni pé work call bẹ́ẹ̀.,negative
Mo ní issue loni. Ìbànújẹ check pé o problem bẹ́ẹ̀. Mi ò fẹ́ràn eyi.,negative
O ni ẹ̀wà. thank you check ní ìrírí rere.,positive
ní loni. ah rara. Mo eniyan support dara ko jẹ ìbànújẹ O,negative
Ohun meeting kùnà. ṣẹlẹ̀ tí,negative
Mo ti dé. Ọjọ́ office kì í ṣe tó gbóná.,neutral
Mi ò office eyi. Ẹ̀rọ please kò ṣiṣẹ́ dáadáa. Ọkàn mi ń rẹ́rù gan-an.,negative
rẹ̀ inú Ìfẹ́ loni. Mo thank you thank you didùn dá mi,positive
O ni ẹ̀wà.,positive
Ohun tí okay ṣẹlẹ̀ kùnà.,negative
Ẹ̀rọ náà ń ṣiṣẹ́ báyìí. O wa team ita.,neutral
tí no pé ti jẹ́ dé. email ó email support Mo N Ó email ṣeé mọ ó,neutral
mi thank you please pé no oni Ọjọ́ dùn dara lọ rí mo dáadáa. Gbogbo Inú ọ.,positive
hmm Ìbànújẹ ni support o office bẹ́ẹ̀.,negative
ní meeting O ita.,neutral
Mi ò later eyi. Mo sorry call email,negative
Ọmọde yii jẹ́ ọlọ́gbọ́n gan. Mo ní email didùn loni. call fẹ́ràn rẹ gan-an.,positive
Inú mi dùn pé mo rí ọ.,positive
O jẹ eniyan ti ko dara rara.,negative
call work lọ sí ile check later náà thank you ṣiṣẹ́ báyìí. Ó email meeting ó ń ṣeé problem,neutral
Ìbànújẹ ni pé o ṣe support,negative
Mo ní ìrírí buburu. Mo ní ìbànújẹ loni.,negative
Ìfẹ́ rẹ̀ dá mi lórí. Inú mi office pé mo rí ọ. Mo ti ní office please,positive
Mo fẹ́ràn rẹ gan-an.,positive
N kò mọ ohun tí ó ṣẹlẹ̀. Ẹ̀rọ náà ń meeting thank you,neutral
"Mo call lọ okay ile office problem wa ní ita. call jọ̀ọ́, ṣe sorry please",neutral
Mo ní ìbànújẹ loni. Mi ò hmm fẹ́ràn call,negative
O wa ní deadline support jẹ́ pé ó ń ṣeé ṣe.,neutral
later problem no problem kùnà. dara Eyi Ohun tí,negative
problem mi dùn pé mo rí ọ. O ni support Mo deadline ní ìrírí rere.,positive
Ó jẹ́ deadline ó call ṣeé ṣe. update n lọ problem ile itaja. O wa ní ita.,neutral
Ọjọ́ oni call í ṣe you know tó gbóná.,neutral
O work ẹ̀wà. yes mi message pé urgent rí ọ. Mo ní inú didùn no,positive
Ẹ update ṣe yes ṣàlàyé? thank you rí ọ ní ọ̀sán.,neutral
Ọmọde yii jẹ́ ọlọ́gbọ́n issue yes problem ń update dáadáa. Mo fẹ́ràn rẹ gan-an.,positive
"Ọjọ́ oni kì í message tó check O problem ní ita. Ẹ jọ̀ọ́, ṣe é ṣàlàyé?",neutral
Kò pé rara. Ẹ̀rọ náà message office dáadáa.,negative
update ní please didùn loni. Inú mi dùn pé mo rí ọ.,positive
Mo ní inú didùn loni. Gbogbo nkan office lọ dáadáa.,positive
Mo n lọ sí ile itaja. no rí ọ office ọ̀sán. Mo ti dé.,neutral
mi rẹ̀ Ìfẹ́ dá deadline,positive
like O wa ní ita. Ọjọ́ yes kì support ṣe check gbóná.,neutral
O ni urgent,positive
Mo call ní ìrírí rere.,positive
Mo ní ìbànújẹ loni.,negative
ṣeun rẹ. O pupọ. fun sorry iranlọwọ oni Ọjọ́ pupọ,positive
ah O ni thank you,positive
Mo ní ìrírí buburu. later jẹ eniyan check thank you dara rara.,negative
Mo team inú didùn loni. O ni ẹ̀wà.,positive
ṣe tí ṣẹlẹ̀. ohun urgent tó gbóná. ó í Ọjọ́ kì mọ kò oni,neutral
meeting message ó ṣẹlẹ̀ kùnà. Eyi call dara rara.,negative
call sorry pupọ fun later rẹ. Mo fẹ́ràn rẹ gan-an.,positive
Ẹ̀rọ náà kò ṣiṣẹ́ no,negative
O wa ní ita.,neutral
Ọmọde yii jẹ́ ọlọ́gbọ́n gan.,positive
O ṣeun pupọ fun update check Mo ní inú didùn loni.,positive
Mo ní ìrírí buburu. Ohun tí ó ṣẹlẹ̀ kùnà.,negative
Mo ti dé. you know A o pade lọ́la. N kò mọ ohun update ó ṣẹlẹ̀.,neutral
o ni pé Mi eyi. please Ìbànújẹ call later fẹ́ràn,negative
check deadline support rara.,negative
A problem pade lọ́la.,neutral
Ohun tí call deadline kùnà.,negative
thank you í ṣàlàyé? ṣe Ọjọ́ thank you tó issue gbóná. ṣe work é,neutral
Ọjọ́ oni dara pupọ. Mo call sorry gan-an.,positive
Ọjọ́ oni check call,positive
Mo please urgent meeting Eyi ko dara rara.,negative
Ọmọde support please check gan. O ṣeun thank you fun iranlọwọ rẹ. Inú mi dùn pé issue team ọ.,positive
Mo issue ìbànújẹ loni.,negative
urgent wa ní ita.,neutral
Ọjọ́ oni meeting issue problem ní work didùn loni. Ìfẹ́ rẹ̀ deadline mi lórí.,positive
Ẹ̀rọ náà sorry ṣiṣẹ́ báyìí. urgent wa ní ita.,neutral
Ẹ okay ṣe sorry ṣàlàyé? O wa ní message,neutral
Eyi ko dara office,negative
Ohun tí ó ṣẹlẹ̀ meeting Mi ò fẹ́ràn eyi.,negative
Ó jẹ́ pé office ń ṣeé ṣe.,neutral
O ni ẹ̀wà.,positive
Ọkàn mi ń rẹ́rù gan-an.,negative
Gbogbo nkan ń later dáadáa. Mo ti ní ìrírí rere.,positive
pupọ. support Ọjọ́ rẹ̀ Ìfẹ́ call lórí. dara mi,positive
urgent rí ọ ní ọ̀sán. update o pade lọ́la.,neutral
thank you meeting ita. ṣe oni n itaja. lọ ní kì O work sí sorry Mo í ile,neutral
Ìfẹ́ rẹ̀ dá please lórí. yes yii jẹ́ email gan. Gbogbo nkan support meeting yes,positive
Gbogbo nkan ń lọ dáadáa.,positive
Mo ní ìrírí buburu. Eyi check dara rara.,negative
"Mo ti dé. Ẹ jọ̀ọ́, office é ṣàlàyé? A o pade lọ́la.",neutral
Ìbànújẹ ni pé o ṣe bẹ́ẹ̀. Ohun tí ó ṣẹlẹ̀ kùnà.,negative
Ó email thank you ó ń ṣeé ṣe.,neutral
"Ẹ jọ̀ọ́, ṣe yes ṣàlàyé?",neutral
Ọmọde yii jẹ́ issue gan.,positive
Ẹ̀rọ okay ń ṣiṣẹ́ call Mo ti dé. N kò deadline ohun tí ó ṣẹlẹ̀.,neutral
yes ṣeun pupọ fun iranlọwọ rẹ.,positive
O jẹ eniyan ti ko update urgent Ìbànújẹ ni office o ṣe bẹ́ẹ̀. Kò pé rara.,negative
meeting ni pé o ṣe bẹ́ẹ̀.,negative
Mo n lọ message ile itaja.,neutral
jẹ́ ó ṣe. Ó ṣeé ń pé,neutral
Ìfẹ́ rẹ̀ dá mi lórí.,positive
N kò mọ ohun tí sorry ṣẹlẹ̀. Ó jẹ́ team please ń ṣeé later Mo ti message,neutral
"call team pé ó ń ṣeé ṣe. Ẹ jọ̀ọ́, ṣe é ṣàlàyé?",neutral
check rẹ̀ dá mi lórí. Ọmọde yii office ọlọ́gbọ́n gan.,positive
deadline Mo báyìí. rí Ẹ̀rọ ti ọ ọ̀sán. team ń work náà dé.,neutral
Mo rí ọ ní ọ̀sán.,neutral
Mo ní hmm ìbànújẹ okay Ohun tí ó ṣẹlẹ̀ kùnà.,negative
N kò mọ ohun tí ó ṣẹlẹ̀. Mo rí ọ ní ọ̀sán. okay please pé ó ń ṣeé ṣe.,neutral
Mo ní inú didùn loni.,positive
check mi ń message gan-an.,negative
Mo urgent ìrírí buburu. Mo ní issue loni.,negative
sorry please rara. Ohun tí ó ṣẹlẹ̀ kùnà. eh,negative
later n lọ sí ile itaja.,neutral
Ohun tí issue ṣẹlẹ̀ kùnà. Eyi ko dara rara. Ọkàn mi ń rẹ́rù urgent,negative
Mi ò check eyi.,negative
office kò yes email tí ó ṣẹlẹ̀.,neutral
Ọjọ́ oni dara pupọ. Gbogbo nkan ń lọ dáadáa. Inú mi team pé mo rí ọ.,positive
"O wa ní ita. Mo rí ọ ní ọ̀sán. Ẹ jọ̀ọ́, ṣe é ṣàlàyé?",neutral
Ọmọde yii jẹ́ ọlọ́gbọ́n urgent Ọjọ́ oni dara pupọ.,positive
Mo check ọ ní ọ̀sán. Ẹ̀rọ issue ń ṣiṣẹ́ báyìí. Ọjọ́ email kì í ṣe tó sorry,neutral
dùn Inú pé ọ. yes mi thank you,positive
"Ẹ̀rọ náà ń please báyìí. Ẹ jọ̀ọ́, ṣe é ṣàlàyé?",neutral
check ní work didùn loni.,positive
Ó jẹ́ pé ó ń ṣeé ṣe.,neutral
Ọjọ́ oni dara pupọ. support mi dùn pé mo rí later support yii jẹ́ ọlọ́gbọ́n gan.,positive
Ọjọ́ you know check kì í email later gbóná. N kò update ohun team ó ṣẹlẹ̀.,neutral
Mo n sí itaja. ile email,neutral
update rí ọ ní ọ̀sán. support wa ní ita.,neutral
N update kì ṣe í please ita. gbóná. kò mọ O tí Ọjọ́ deadline email oni ohun tó,neutral
thank you nkan ń lọ issue Inú mi dùn pé mo rí ọ.,positive
issue ní ìbànújẹ loni. Eyi ko dara later O jẹ yes ti ko dara rara.,negative
Mo message ọ ní ọ̀sán.,neutral
work issue ìrírí buburu.,negative
A o email like lọ́la. N kò mọ ohun tí ó ṣẹlẹ̀. Mo no ọ ní ọ̀sán.,neutral
hmm O ni ẹ̀wà.,positive
Gbogbo nkan okay okay dáadáa. Mo fẹ́ràn rẹ gan-an.,positive
Ọjọ́ oni kì work ṣe tó gbóná. O wa ní ita. urgent later dé.,neutral
Ọkàn mi like ń rẹ́rù gan-an. Mo urgent ìbànújẹ meeting,negative
issue pé eh rara. Ohun thank you ó ṣẹlẹ̀ kùnà. Ìbànújẹ ni pé o ṣe bẹ́ẹ̀.,negative
sorry deadline dùn pé mo rí ọ. O ni ẹ̀wà. Mo ti ní check rere.,positive
sorry hmm ni pé o work bẹ́ẹ̀.,negative
A o pade lọ́la.,neutral
ni ẹ̀wà. O,positive
Mo ní okay didùn loni. Gbogbo nkan ń urgent dáadáa.,positive
team urgent ń rẹ́rù no Ìbànújẹ issue pé o please bẹ́ẹ̀. Mi ò fẹ́ràn eyi.,negative
Ọmọde yii check update support,positive
urgent n lọ sorry ile itaja.,neutral
"Mo ti dé. office n lọ sí ile meeting Ẹ jọ̀ọ́, ṣe é support",neutral
Ohun tí problem ṣẹlẹ̀ kùnà. Mo office ìbànújẹ loni. Mo ní ìrírí support,negative
issue ni ẹ̀wà. Ọmọde work jẹ́ ọlọ́gbọ́n gan.,positive
problem rí ní deadline ní ita. ọ Mo ọ̀sán.,neutral
"Ẹ jọ̀ọ́, issue é ṣàlàyé?",neutral
check ní inú check office,positive
Kò pé rara. Ẹ̀rọ náà kò work dáadáa. Eyi ko dara message,negative
Mo ti ah ní ìrírí rere.,positive
Mo ti office N kò okay later tí ó ṣẹlẹ̀.,neutral
okay like update office office ní inú didùn loni.,positive
Ọmọde yii jẹ́ ọlọ́gbọ́n gan.,positive
Mo ní ìbànújẹ loni.,negative
Inú mi dùn pé mo rí ọ.,positive
O ṣeun pupọ fun iranlọwọ deadline,positive
Mo fẹ́ràn rẹ gan-an. O ṣeun pupọ fun iranlọwọ rẹ.,positive
Inú yes dùn pé mo rí ọ. sorry ni ẹ̀wà.,positive
O urgent problem ti team dara rara. Ọkàn mi ń rẹ́rù gan-an.,negative
Gbogbo nkan ń lọ update,positive
deadline Ọmọde yes rẹ jẹ́ gan. Mo yes fẹ́ràn,positive
Mo ti ní ìrírí work problem mi email pé message rí ọ. okay yii work ọlọ́gbọ́n gan.,positive
Ọkàn mi issue rẹ́rù no Ohun tí ó ṣẹlẹ̀ kùnà. Kò pé work,negative
ọ̀sán. ní rí Mo dé. ti ọ Mo,neutral
Ọkàn mi ń rẹ́rù gan-an. Ìbànújẹ ni pé o ṣe bẹ́ẹ̀.,negative
yes thank you dara rara. Ìbànújẹ ni pé problem update bẹ́ẹ̀. O please meeting thank you ko dara rara.,negative
Mi ò fẹ́ràn eyi. Ẹ̀rọ náà kò ṣiṣẹ́ okay Kò pé rara.,negative
O ni ẹ̀wà.,positive
Mo urgent dé. O wa ní ita.,neutral
team office Mi náà ṣiṣẹ́ dáadáa. eyi. okay okay,negative
Mo fẹ́ràn rẹ gan-an. Gbogbo nkan support lọ dáadáa.,positive
call n lọ sí ile itaja. N kò mọ ohun tí problem ṣẹlẹ̀.,neutral
Mo fẹ́ràn rẹ gan-an. eh Ìfẹ́ support dá team lórí.,positive
O fun loni. Mo inú pupọ didùn iranlọwọ rẹ. ní meeting,positive
A o issue lọ́la.,neutral
later pupọ. team Ọjọ́,positive
Ìfẹ́ rẹ̀ dá mi message issue yii jẹ́ ọlọ́gbọ́n okay,positive
pupọ. gan. Ọjọ́ call dara Ọmọde hmm deadline yii jẹ́,positive
Ohun tí please no kùnà. urgent okay dara rara.,negative
"sí lọ check náà check báyìí. itaja. Ẹ ṣàlàyé? ń jọ̀ọ́, ṣiṣẹ́ Mo n ṣe ile",neutral
Mo ti ní ìrírí email Inú later dùn thank you mo rí later issue ni team hmm,positive
update ni office o ṣe bẹ́ẹ̀. okay yes dara team,negative
Gbogbo nkan ń lọ dáadáa. Inú mi yes pé office rí ọ.,positive
Ẹ̀rọ náà support ṣiṣẹ́ dáadáa. Kò urgent rara.,negative
Ó yes yes ó ń ṣeé ṣe.,neutral
Inú mi dùn pé mo email ọ.,positive
Ọmọde yii jẹ́ deadline gan.,positive
team ti ní sorry yes Gbogbo nkan ń lọ dáadáa.,positive
A o message lọ́la.,neutral
"O deadline ní ita. Ẹ jọ̀ọ́, ṣe é ṣàlàyé?",neutral
problem o pade lọ́la. work rí ọ ní ọ̀sán. call ti check,neutral
O check ẹ̀wà.,positive
N kò mọ ohun later ó ṣẹlẹ̀. Ẹ yes ṣe issue ṣàlàyé?,neutral
Eyi ko dara rara.,negative
Eyi ko dara team Ẹ̀rọ náà check ṣiṣẹ́ work,negative
meeting jẹ eniyan ti ko dara rara. deadline ko deadline rara.,negative
Ìbànújẹ okay pé o ṣe bẹ́ẹ̀. Ọkàn okay ń rẹ́rù gan-an. Mo later ìbànújẹ loni.,negative
problem oni kì í office sorry gbóná. Mo n lọ sí ile please,neutral
Ìbànújẹ ni pé meeting ṣe bẹ́ẹ̀.,negative
N kò mọ ohun tí ó support,neutral
Ìfẹ́ rẹ̀ dá mi lórí.,positive
"Mo rí ọ ní ọ̀sán. email jọ̀ọ́, ṣe é ṣàlàyé?",neutral
Ó jẹ́ pé ó ń problem ṣe. Ẹ̀rọ náà ń ṣiṣẹ́ báyìí.,neutral
Mo urgent rẹ gan-an.,positive
O ṣeun no fun iranlọwọ rẹ. Inú support no pé mo rí ọ.,positive
sorry náà kò ṣiṣẹ́ update Mi ò fẹ́ràn eyi. Mo ní ìrírí okay,negative
buburu. Mo rẹ́rù ìrírí ní ń gan-an. problem Ọkàn,negative
A o pade lọ́la. email n lọ issue ile itaja. you know,neutral
Ọkàn mi ń rẹ́rù gan-an.,negative
A team email lọ́la. Ẹ̀rọ office ń ṣiṣẹ́ báyìí.,neutral
Eyi no dara rara. Ìbànújẹ ni pé yes ṣe bẹ́ẹ̀.,negative
O ni hmm no,positive
O ni call Ìfẹ́ thank you dá you know mi lórí.,positive
eh Mo fẹ́ràn okay gan-an. Inú mi dùn call email rí ọ.,positive
Mo rí email ní ọ̀sán.,neutral
Ó jẹ́ email meeting ń sorry ṣe.,neutral
Inú thank you dùn pé mo rí ọ. Ọjọ́ yes dara pupọ.,positive
Mo sorry Ó ọ̀sán. ọ jẹ́ sí call ní deadline ó pé ń n ile yes ṣeé rí,neutral
Eyi ko dara ah sorry,negative
Kò pé rara. deadline ko dara update,negative
Ó jẹ́ pé please ń ṣeé ṣe. office kò mọ ohun tí ó team,neutral
Ọjọ́ urgent no í ṣe yes gbóná.,neutral
Eyi ko please rara. Kò pé rara. Mo ní ìrírí buburu.,negative
"Ẹ jọ̀ọ́, ṣe é thank you Ọjọ́ oni kì í ṣe tó gbóná. Mo rí ọ team ọ̀sán.",neutral
Mo sorry rẹ gan-an. Ìfẹ́ rẹ̀ dá mi lórí. O ni ẹ̀wà.,positive
message pé rara. Ohun tí ó ṣẹlẹ̀ team Ẹ̀rọ náà kò ṣiṣẹ́ urgent,negative
Gbogbo issue ń lọ dáadáa. Inú mi dùn pé mo rí ọ.,positive
O jẹ eniyan ti ko dara rara.,negative
Ẹ̀rọ náà ń ṣiṣẹ́ báyìí.,neutral
Mo fẹ́ràn rẹ gan-an. problem ni ẹ̀wà.,positive
pé mo gan-an. please fẹ́ràn Mo rí like mi dùn rẹ team,positive
N kò mọ ohun tí ó ṣẹlẹ̀. A o pade lọ́la.,neutral
Mo urgent lọ sí ile okay sorry deadline mọ ohun tí ó ṣẹlẹ̀.,neutral
Ẹ̀rọ náà message ṣiṣẹ́ later,negative
"Mo issue ọ later ọ̀sán. Ẹ jọ̀ọ́, ṣe é ṣàlàyé?",neutral
Mo ti dé.,neutral
please please sorry O issue ti ìbànújẹ jẹ eniyan dara Mo,negative
Eyi ko dara rara.,negative
Mo ti dé. Ó jẹ́ pé ó support ṣeé ṣe. Ọjọ́ oni kì í message tó gbóná.,neutral
Kò pé rara. Ẹ̀rọ náà kò office dáadáa.,negative
Mo fẹ́ràn rẹ gan-an. Ìfẹ́ rẹ̀ dá mi lórí.,positive
Mi ò fẹ́ràn thank you O jẹ eniyan ti ko yes okay,negative
support tí ó ṣẹlẹ̀ kùnà.,negative
Mo ní check meeting loni. Gbogbo nkan ń lọ later,positive
Ìbànújẹ ni office o ṣe bẹ́ẹ̀. Ohun tí ó ṣẹlẹ̀ kùnà. Mo ní ìrírí team,negative
urgent later gan. call okay,positive
Ohun tí ó ṣẹlẹ̀ kùnà.,negative
Ohun tí ó ṣẹlẹ̀ kùnà. Ìbànújẹ ni call o ṣe bẹ́ẹ̀. O email sorry ti ko dara rara.,negative
Mo ti ní ìrírí rere.,positive
Kò pé rara.,negative
okay tí ó ṣẹlẹ̀ kùnà.,negative
Ohun tí ó ṣẹlẹ̀ kùnà. sorry sorry rara. eh,negative
Gbogbo nkan ń lọ dáadáa.,positive
N kò mọ ohun tí ó ṣẹlẹ̀.,neutral
like later meeting dara pupọ. Mo ti ní ìrírí rere.,positive
Ẹ̀rọ check kò ṣiṣẹ́ dáadáa. Ohun tí ó ṣẹlẹ̀ kùnà.,negative
O ṣeun pupọ fun email rẹ.,positive
Ẹ check ṣe update ṣàlàyé?,neutral
Ìbànújẹ deadline pé o you know ṣe bẹ́ẹ̀.,negative
urgent fẹ́ràn rẹ office,positive
Kò pé rara. Ẹ̀rọ náà kò call dáadáa. Eyi ko dara rara.,negative
O ni no,positive
Ẹ̀rọ náà ń ṣiṣẹ́ báyìí.,neutral
Gbogbo nkan thank you lọ dáadáa.,positive
office thank you call ṣẹlẹ̀ kùnà. Ẹ̀rọ urgent okay ṣiṣẹ́ dáadáa.,negative
you know Ìfẹ́ rẹ̀ dá mi lórí.,positive
Mo ní issue loni. O jẹ eniyan ti problem dara rara.,negative
office pé rara. Eyi ko deadline rara. Mi ò fẹ́ràn eyi.,negative
dara didùn okay Ọjọ́ inú Mo pupọ. ní oni,positive
nkan ń lọ O ni dáadáa. ẹ̀wà. Gbogbo,positive
Mo support ìrírí buburu. Mi ò fẹ́ràn eyi.,negative
Ọjọ́ oni dara pupọ. Mo fẹ́ràn rẹ gan-an.,positive
Mi ò you know fẹ́ràn eyi.,negative
Ọjọ́ oni kì later ṣe tó gbóná. A o pade check,neutral
issue n lọ sí ile itaja.,neutral
o please tí ohun mọ lọ́la. ṣẹlẹ̀. problem A pade meeting,neutral
O jẹ eniyan ah call ko dara rara.,negative
Ẹ̀rọ náà ń ṣiṣẹ́ email,neutral
yii Ọmọde gan. ọlọ́gbọ́n jẹ́,positive
email nkan ń lọ dáadáa. Mo ti ní ìrírí rere. support mi dùn pé mo sorry ọ.,positive
Mo ní inú didùn loni. later ti ní yes rere. email yii jẹ́ ọlọ́gbọ́n gan.,positive
urgent rí ọ ní ọ̀sán. Mo n message sí ile itaja.,neutral
Ọjọ́ oni dara pupọ. Mo call inú didùn loni.,positive
ni bẹ́ẹ̀. pé ní ìrírí o buburu. Mo ṣe Ìbànújẹ,negative
support ko dara rara.,negative
Ọjọ́ oni kì í ṣe okay gbóná. message kò mọ ohun tí deadline ṣẹlẹ̀.,neutral
O ni thank you,positive
Mo ti dé. office o pade lọ́la.,neutral
Ó jẹ́ thank you ó meeting ṣeé message,neutral
O wa ní urgent Ó check pé ó ń urgent ṣe. Ẹ̀rọ meeting ń ṣiṣẹ́ báyìí.,neutral
"thank you deadline ní later Ọjọ́ message kì message ṣe tó gbóná. Ẹ jọ̀ọ́, ṣe é ṣàlàyé?",neutral
support work ọ ní issue Ó call pé ó ń ṣeé ṣe.,neutral
issue urgent ní ìrírí rere. Mo fẹ́ràn rẹ support sorry nkan ń lọ dáadáa.,positive
mi problem Ọkàn gan-an. ń,negative
Mo ti ní ìrírí update O ni ẹ̀wà. yes email inú didùn loni.,positive
update ṣeun pupọ fun iranlọwọ rẹ.,positive
Mo fẹ́ràn thank you gan-an. Mo ti ní ìrírí rere.,positive
Ẹ̀rọ office ń please báyìí. Mo rí ọ ní ọ̀sán. Mo ti dé.,neutral
pé rara. Kò,negative
Mo ní ìrírí buburu.,negative
rere. check support ní ti,positive
Mo ní ìbànújẹ loni.,negative
Ìfẹ́ meeting message mi issue Ọjọ́ oni dara pupọ. Gbogbo nkan ń lọ dáadáa.,positive
Ẹ̀rọ náà kò ṣiṣẹ́ team,negative
update ni ẹ̀wà. Mo ti ní ìrírí support,positive
Mo ní inú didùn loni.,positive
"A o pade lọ́la. Ẹ jọ̀ọ́, ṣe é ṣàlàyé? Mo ti dé.",neutral
Ìbànújẹ ni urgent o ṣe problem Eyi ko dara rara. ah,negative
Ọjọ́ oni dara support Inú mi dùn pé mo rí ọ.,positive
Mo ní ìbànújẹ loni. Kò pé rara. thank you issue pé o ṣe bẹ́ẹ̀.,negative
"Ó jẹ́ sorry email ń ṣeé ṣe. O wa urgent ita. Ẹ jọ̀ọ́, ṣe please meeting",neutral
Ohun office ó ṣẹlẹ̀ office Ọkàn mi ń rẹ́rù gan-an. team call eniyan ti ko dara rara.,negative
O wa ní ita. Ẹ̀rọ náà ń ṣiṣẹ́ báyìí.,neutral
O wa ní ita. A o pade lọ́la.,neutral
Gbogbo nkan ń lọ dáadáa.,positive
Ọkàn mi urgent rẹ́rù gan-an.,negative
O wa ní update,neutral
Eyi like ko dara rara.,negative
later check ìrírí buburu.,negative
O ni ẹ̀wà.,positive
check oni dara office Ìfẹ́ rẹ̀ dá mi lórí. Mo ní inú email loni.,positive
Eyi ko dara rara. Ohun meeting ó ṣẹlẹ̀ kùnà.,negative
Ẹ̀rọ náà kò urgent dáadáa.,negative
Mo fẹ́ràn rẹ gan-an. Mo ní inú didùn loni.,positive
sorry oni kì í ṣe problem gbóná.,neutral
N kò call ohun deadline ó ṣẹlẹ̀. A eh o pade lọ́la.,neutral
Mo ní you know ìbànújẹ loni.,negative
O issue ní thank you,neutral
N kò mọ ohun no ó ṣẹlẹ̀.,neutral
problem rẹ. problem Mo problem ní ṣeun ìrírí rere. iranlọwọ fun,positive
check yes office ìrírí thank you Inú mi support deadline office rí ọ. email nkan ń lọ dáadáa.,positive
gbóná. Ọjọ́ message later ṣe oni kì,neutral
Ẹ̀rọ náà ń ṣiṣẹ́ báyìí. Mo yes lọ sí ile meeting,neutral
Ohun tí ó ṣẹlẹ̀ message message mi ń rẹ́rù gan-an.,negative
Mo ní oni í ṣe wa Ọjọ́ ọ gbóná. message rí kì ita. ní call ọ̀sán.,neutral
thank you kò mọ ohun tí ó ṣẹlẹ̀.,neutral
O wa ní ita. sorry o pade lọ́la.,neutral
Ẹ̀rọ náà kò call dáadáa. office pé rara. O jẹ eniyan later ko dara rara.,negative
O issue ẹ̀wà. Mo ní thank you didùn loni.,positive
ṣe. ó ń ṣeé Ó jẹ́ pé,neutral
Ìbànújẹ office pé o support like bẹ́ẹ̀.,negative
"update jọ̀ọ́, ṣe é update Mo rí ọ ní ọ̀sán. O wa ní ita.",neutral
Inú mi thank you pé mo update ọ.,positive
Ìfẹ́ rẹ̀ dá work email Mo ní inú yes loni.,positive
Ọkàn mi problem issue gan-an.,negative
Ìfẹ́ ọlọ́gbọ́n Ọmọde dá jẹ́ email sorry okay gan. yii,positive
gan-an. Mo fẹ́ràn rẹ,positive
later tí thank you ṣẹlẹ̀ support Eyi ko dara rara. Mo ní ìrírí buburu.,negative
work thank you ń later gan-an.,negative
Mi ò fẹ́ràn eyi.,negative
Mo rí ọ ní ọ̀sán. Ẹ issue ṣe é ṣàlàyé? Mo update update sí ile itaja.,neutral
A o pade office Ó later pé ó ń ṣeé ṣe.,neutral
"Ọjọ́ okay kì í ṣe hmm tó gbóná. Ẹ jọ̀ọ́, ṣe work ṣàlàyé?",neutral
support mi ń rẹ́rù gan-an. work ò fẹ́ràn eyi.,negative
Mo ní inú didùn loni.,positive
later ti message Ó jẹ́ pé ó call ṣeé ṣe.,neutral
message tí Ohun ṣẹlẹ̀ ó,negative
Ọmọde yii later ọlọ́gbọ́n gan.,positive
Ohun tí ó ṣẹlẹ̀ please,negative
Inú mi meeting pé problem deadline ọ. Gbogbo nkan ń lọ problem team ti ní ìrírí rere.,positive
later oni kì í ṣe tó call Ẹ̀rọ deadline no yes báyìí.,neutral
check oni dara pupọ. Mo fẹ́ràn rẹ gan-an.,positive
Ọjọ́ oni kì í ṣe tó gbóná.,neutral
call yii jẹ́ ọlọ́gbọ́n gan. Gbogbo nkan ń lọ yes Mo fẹ́ràn rẹ gan-an.,positive
Ọmọde yii jẹ́ ọlọ́gbọ́n gan. Mo ti ní ìrírí rere. support ní inú didùn loni.,positive
Mo ní ìrírí buburu. Mi ò fẹ́ràn eyi. Ohun work ó ṣẹlẹ̀ kùnà.,negative
deadline okay ìrírí buburu. O urgent okay ti ko message rara.,negative
urgent jẹ́ pé check ń ṣeé office Mo ti dé.,neutral
no oni sorry pupọ.,positive
check rẹ̀ dá mi meeting Ọjọ́ oni work pupọ.,positive
no urgent dùn pé mo office ọ. Mo ní inú problem call,positive
Mo fẹ́ràn rẹ gan-an. Ìfẹ́ rẹ̀ dá mi issue Ọmọde yii jẹ́ ọlọ́gbọ́n gan.,positive
Ìbànújẹ ni pé o ṣe bẹ́ẹ̀. Ẹ̀rọ náà kò thank you dáadáa.,negative
Ìbànújẹ ni pé o ṣe bẹ́ẹ̀. office ò fẹ́ràn support,negative
sorry jẹ́ sorry ó ń ṣeé ṣe. Mo rí check ní ọ̀sán.,neutral
Ọjọ́ oni later pupọ. Mo fẹ́ràn message gan-an.,positive
Mo n lọ sí ile check O wa ní ita. update meeting ọ ní ọ̀sán.,neutral
yes yii jẹ́ work gan.,positive
Inú mi dùn pé mo rí ọ. Mo ti ní ìrírí rere. Ọmọde yii jẹ́ ọlọ́gbọ́n gan.,positive
lọ Gbogbo dáadáa. nkan ń,positive
support ita. please ní ti wa dé.,neutral
O urgent eniyan team ko later rara. Ìbànújẹ ni pé o ṣe bẹ́ẹ̀.,negative
Ọmọde call jẹ́ ọlọ́gbọ́n gan.,positive
pupọ. Gbogbo dáadáa. oni team Ọjọ́ later ń nkan,positive
Mo ní ìrírí buburu. Mo support ìbànújẹ you know loni. Mi no fẹ́ràn eyi.,negative
Ẹ̀rọ náà issue ṣiṣẹ́ dáadáa.,negative
N kò mọ no email ó deadline Mo n deadline sí ile itaja.,neutral
Mo n lọ okay office yes O update ní ita.,neutral
Ìfẹ́ rẹ̀ loni. ní Mo dá later inú didùn mi,positive
Ìfẹ́ rẹ̀ dá mi lórí. Mo ní inú check message Gbogbo please ń office dáadáa.,positive
fẹ́ràn eyi. email ò,negative
Mo ti dé. A o pade lọ́la.,neutral
Ó jẹ́ pé ó ń ṣeé ṣe. Ẹ̀rọ náà ń ṣiṣẹ́ báyìí.,neutral
Eyi email meeting rara. Ọkàn mi ń rẹ́rù later,negative
Ó jẹ́ pé ó ń ṣeé ṣe. Ẹ̀rọ náà ń eh ṣiṣẹ́ sorry please rí ọ ní please,neutral
O wa ní ita. Ọjọ́ oni kì work later support gbóná.,neutral
Ìbànújẹ ni pé o ṣe bẹ́ẹ̀.,negative
dáadáa. náà Ẹ̀rọ ṣiṣẹ́ kò,negative
please jẹ́ ọlọ́gbọ́n ṣeun gan. yii Ọmọde O rẹ. fun work,positive
O meeting pupọ meeting iranlọwọ rẹ.,positive
support n lọ sí ile please Mo rí ọ ní ọ̀sán.,neutral
issue ti meeting yes rere. issue oni no pupọ. Mo fẹ́ràn rẹ gan-an.,positive
Ọkàn mi ń rẹ́rù gan-an. Mo ní office buburu.,negative
A no please lọ́la.,neutral
Mo ní ìrírí buburu. Ìbànújẹ ni pé o ṣe bẹ́ẹ̀.,negative
check ni ẹ̀wà. Ọjọ́ oni dara pupọ.,positive
Ìbànújẹ ni pé issue problem bẹ́ẹ̀. Ọkàn mi ń rẹ́rù gan-an.,negative
Gbogbo nkan ń issue dáadáa.,positive
N ó ohun ṣẹlẹ̀. tí kò meeting,neutral
O jẹ deadline ti ko dara rara.,negative
O wa ní ita. eh Mo rí ọ ní ọ̀sán.,neutral
eh Ọkàn mi ń rẹ́rù gan-an.,negative
Ìfẹ́ rẹ̀ dá like mi lórí.,positive
Mo fẹ́ràn rẹ okay Mo ti ní ìrírí thank you Gbogbo email ń lọ dáadáa.,positive
Mo n lọ meeting ile itaja.,neutral
Ìbànújẹ ni hmm pé o ṣe message Mi okay fẹ́ràn eyi.,negative
O ṣeun pupọ work urgent rẹ. Ìfẹ́ rẹ̀ dá mi lórí. Mo ti ní urgent rere.,positive
Gbogbo no ń lọ dáadáa. O ṣeun pupọ fun iranlọwọ rẹ. Ìfẹ́ rẹ̀ dá mi lórí.,positive
"Mo dé. Ẹ é ṣàlàyé? jọ̀ọ́, ní ti meeting O ita. ṣe",neutral
Mo ní inú deadline loni.,positive
ní Mo no é ṣàlàyé? ṣe no lọ́la. message office Ẹ pade call A,neutral
Mo ní ìrírí buburu. Ohun tí issue ṣẹlẹ̀ message,negative
Mo ní inú didùn loni. Ọjọ́ oni dara pupọ.,positive
Mo like ti dé.,neutral
N kò mọ update tí ó please,neutral
please no call no ń problem work Ẹ call issue é support,neutral
Mo ní ìrírí buburu. Mo ní ìbànújẹ okay team jẹ eniyan please ko dara rara.,negative
Ó jẹ́ pé ó deadline ṣeé ṣe. Ẹ̀rọ náà ń deadline office Mo ti no,neutral
Mo n lọ check ile check,neutral
later ṣeun pupọ fun iranlọwọ rẹ. Mo work check ìrírí check Mo ní office didùn loni.,positive
"Ẹ jọ̀ọ́, urgent é ṣàlàyé?",neutral
"O wa deadline ita. Ẹ jọ̀ọ́, ṣe é ṣàlàyé? A o pade lọ́la.",neutral
Ọjọ́ oni kì sorry support tó team,neutral
Mo deadline ọ thank you ọ̀sán. Ọjọ́ oni kì meeting support tó gbóná.,neutral
náà kò buburu. dáadáa. Mo ìrírí ṣiṣẹ́ thank you ní,negative
Ọmọde yii jẹ́ ọlọ́gbọ́n check Mo ti deadline office no,positive
Mo ní inú check loni. Ọjọ́ oni okay ah update,positive
Mo ní ìbànújẹ loni.,negative
N kò mọ ohun tí ó ṣẹlẹ̀. Ẹ̀rọ support ń ṣiṣẹ́ báyìí.,neutral
yes n lọ sí ile itaja. call jẹ́ check ó ń ṣeé ṣe. meeting wa ní ita.,neutral
Ọmọde yii jẹ́ ọlọ́gbọ́n gan. yes no dùn pé mo rí ọ.,positive
Ẹ check ṣe email no,neutral
Ọkàn mi ń email gan-an. Ìbànújẹ ni pé o ṣe issue,negative
yes mi ń rẹ́rù gan-an. later ní ìrírí buburu.,negative
message rí ọ ní ọ̀sán.,neutral
Ìbànújẹ ni pé o ṣe bẹ́ẹ̀. Mi ò fẹ́ràn eyi. Mo ní ìbànújẹ loni.,negative
"Mo ti dé. work jọ̀ọ́, ṣe yes ṣàlàyé?",neutral
Ọjọ́ oni dara meeting,positive
Ìfẹ́ rẹ̀ dá mi lórí. Mo ti deadline ìrírí rere.,positive
Ìfẹ́ rẹ̀ dá mi lórí.,positive
Ìfẹ́ issue meeting mi lórí. Ọmọde support jẹ́ ọlọ́gbọ́n gan.,positive
Mo ní ìrírí buburu.,negative
O ṣeun pupọ fun iranlọwọ rẹ.,positive
urgent ni ẹ̀wà. Inú okay dùn pé mo rí ọ. Mo fẹ́ràn rẹ deadline,positive
call work inú didùn loni. Inú work dùn pé mo rí ọ.,positive
Mo ní update didùn loni. Mo fẹ́ràn yes issue,positive
N kò mọ ohun tí office deadline Ọjọ́ oni kì í like ṣe tó gbóná. Mo ti dé.,neutral
Ìbànújẹ ni pé o ṣe support Eyi ko urgent rara.,negative
Ó jẹ́ pé sorry ń ṣeé ṣe.,neutral
í support sorry Ọjọ́ tó kì gbóná.,neutral
Mo meeting ọ ní ọ̀sán.,neutral
N kò no ohun tí ó ṣẹlẹ̀. Ó jẹ́ pé ó support thank you ṣe.,neutral
Ohun tí call sorry kùnà.,negative
rí dùn deadline pé urgent mi mo,positive
Mo ní urgent buburu.,negative
eyi. bẹ́ẹ̀. pé ni message o Ìbànújẹ Mi ò office,negative
issue jẹ́ pé ó ń ṣeé ṣe.,neutral
Ó jẹ́ pé problem ń support ṣe.,neutral
please ti ní ìrírí rere. Mo fẹ́ràn rẹ email,positive
Ọjọ́ oni kì work ṣe tó gbóná.,neutral
O ṣeun pupọ fun iranlọwọ rẹ.,positive
Kò pé rara.,negative
please ni ẹ̀wà. Ìfẹ́ call dá mi lórí.,positive
call rí ọ ní ọ̀sán.,neutral
Ẹ̀rọ náà kò check dáadáa.,negative
ní Mo dara rara. ìbànújẹ loni. check Eyi,negative
Mo n lọ sí ile itaja.,neutral
mo pé okay dùn ọ. rí mi,positive
ẹ̀wà. okay didùn ni Mo loni. ní O,positive
Ìbànújẹ ni pé o update bẹ́ẹ̀.,negative
Mo no rẹ gan-an.,positive
Ó jẹ́ pé message message ṣeé ṣe. Mo meeting lọ sí ile itaja.,neutral
Mo ní ìbànújẹ loni. please office dara rara. Ẹ̀rọ náà kò ṣiṣẹ́ dáadáa.,negative
later wa message ita. Ó jẹ́ pé ó issue ṣeé ṣe. team oni kì í ṣe tó gbóná.,neutral
Ọkàn mi ń rẹ́rù gan-an.,negative
A o pade lọ́la. Mo ti dé.,neutral
Ọjọ́ deadline support í ṣe tó gbóná. thank you ti dé. N kò mọ ohun tí ó ṣẹlẹ̀.,neutral
Mi update fẹ́ràn later,negative
Mo deadline ọ ní meeting N kò okay ohun tí ó ṣẹlẹ̀.,neutral
dara please ko rara. Eyi okay please,negative
Ìbànújẹ ni pé o ṣe message Mi ò fẹ́ràn eyi.,negative
O jẹ eniyan ti ko dara rara. Kò pé team,negative
O ni ẹ̀wà. Gbogbo nkan ń lọ dáadáa.,positive
Kò pé rara. Eyi ko dara rara.,negative
Mo ti dé. Ẹ̀rọ náà ń ṣiṣẹ́ báyìí.,neutral
Ẹ̀rọ náà ń ṣiṣẹ́ báyìí. please oni kì í ṣe tó gbóná. A yes pade lọ́la.,neutral
you know Mo ti dé. thank you náà ń ṣiṣẹ́ báyìí. please jẹ́ pé ó ń ṣeé ṣe.,neutral
O ṣeun pupọ fun iranlọwọ no Mo ní inú didùn issue,positive
Mo urgent lọ sí ile itaja.,neutral
no jẹ́ pé ó ń ṣeé deadline O wa ní ita.,neutral
O jẹ sorry ti ko dara rara.,negative
ṣẹlẹ̀ Ohun dáadáa. tí Ẹ̀rọ náà urgent kò ṣiṣẹ́ ó,negative
Ẹ̀rọ thank you ń call báyìí. N kò mọ issue tí ó ṣẹlẹ̀.,neutral
O ṣeun pupọ fun okay rẹ. yes rẹ̀ no mi lórí.,positive
N problem mọ meeting tí ó issue,neutral
Ó jẹ́ pé ó ń ṣeé ṣe. A o okay message,neutral
A o pade sorry,neutral
Gbogbo nkan ń check problem,positive
update O ti ní ń update Ọkàn ìbànújẹ issue eniyan rara. jẹ mi message dara ko,negative
later ní inú didùn team Mo fẹ́ràn rẹ gan-an.,positive
work náà later update yes deadline n lọ sí ile itaja. N deadline mọ ohun tí ó ṣẹlẹ̀.,neutral
okay rẹ̀ dá okay lórí. O ṣeun pupọ fun iranlọwọ rẹ. Mo later inú didùn loni.,positive
"urgent ṣe support email ṣàlàyé? ti dé. jọ̀ọ́,",neutral
urgent problem Ọjọ́ mi dara lórí. support problem dá,positive
Mo ní ìrírí buburu. O jẹ eniyan ti ko dara rara. check ní check loni.,negative
Mo n lọ yes deadline itaja.,neutral
problem ko dara urgent Mo ní ìbànújẹ loni.,negative
"Ọjọ́ oni kì í ṣe tó gbóná. deadline jọ̀ọ́, yes deadline update",neutral
Eyi ko dara please Ohun tí sorry thank you kùnà.,negative
sorry fẹ́ràn rẹ gan-an. O ni okay okay nkan no problem support,positive
Mo fẹ́ràn rẹ please,positive
O ṣeun pupọ fun iranlọwọ rẹ.,positive
Mo ti dé. Ẹ̀rọ náà ń ṣiṣẹ́ message,neutral
Ọjọ́ oni yes í ṣe tó gbóná.,neutral
"Ẹ jọ̀ọ́, ṣe email ṣàlàyé?",neutral
Eyi ko dara rara. Ẹ̀rọ náà kò ṣiṣẹ́ dáadáa. Mo ní issue deadline,negative
Gbogbo nkan ń lọ meeting,positive
Mo yes check buburu. Mo ní check sorry Ẹ̀rọ náà kò ṣiṣẹ́ dáadáa.,negative
O email eniyan ti ko dara check team email yes ṣiṣẹ́ dáadáa.,negative
Ẹ̀rọ náà kò ṣiṣẹ́ dáadáa.,negative
Ìfẹ́ lọ rẹ̀ dáadáa. meeting mi lórí. ń Gbogbo nkan,positive
Eyi call dara later,negative
Ọkàn message ń please gan-an.,negative
Ìfẹ́ rẹ̀ dá call lórí. Ọmọde you know yii jẹ́ ọlọ́gbọ́n gan. Inú mi dùn pé update sorry ọ.,positive
call mi office rẹ́rù gan-an. Mo okay ìrírí buburu.,negative
sorry ni ẹ̀wà.,positive
yes oni dara pupọ.,positive
Mo rí ọ ní ọ̀sán.,neutral
Mo ti dé.,neutral
O ṣeun pupọ fun iranlọwọ rẹ. Gbogbo nkan support lọ dáadáa. urgent yii jẹ́ ọlọ́gbọ́n gan.,positive
you know N kò mọ ohun update ó please okay ti dé.,neutral
ń issue jẹ́ Gbogbo gan. nkan dáadáa. Ọmọde ọlọ́gbọ́n yii,positive
later oni update pupọ. Gbogbo nkan ń lọ dáadáa.,positive
Eyi ko urgent rara. yes náà kò ṣiṣẹ́ dáadáa.,negative
Ó jẹ́ no ó ń ṣeé ṣe. O wa ní ita.,neutral
ní no ita. Mo wa O ti,neutral
Ẹ̀rọ náà kò ṣiṣẹ́ dáadáa. Ọkàn mi please rẹ́rù gan-an.,negative
O jẹ eniyan ti ko dara problem no ko yes rara.,negative
Ọjọ́ oni kì í ṣe thank you support A o thank you lọ́la.,neutral
Ìbànújẹ ah ni pé call update bẹ́ẹ̀.,negative
meeting yes check ṣiṣẹ́ dáadáa. Ohun tí ó ṣẹlẹ̀ no Eyi ko dara rara.,negative
Mo ní okay buburu. yes tí ó ṣẹlẹ̀ thank you Ìbànújẹ ni pé o ṣe bẹ́ẹ̀.,negative
ọ̀sán. meeting A rí team pade ọ work message,neutral
Eyi ko dara urgent O jẹ message ti ko office call,negative
Mo check dé. email kò mọ ohun meeting ó ṣẹlẹ̀.,neutral
dé. ṣe. later ṣeé ti pade o sorry call A ń lọ́la. urgent Mo,neutral
Kò pé rara. email ò fẹ́ràn eyi.,negative
Ó jẹ́ pé ó ń sorry ṣe. Ẹ team ṣe é ṣàlàyé?,neutral
Eyi ko support rara.,negative
Ọjọ́ oni kì í ṣe tó gbóná. Ẹ support ṣe é urgent team jẹ́ pé ó ń ṣeé ṣe.,neutral
Ìbànújẹ ni pé o ṣe team,negative
Ìbànújẹ thank you pé o ṣe bẹ́ẹ̀. Mi ò fẹ́ràn eyi. meeting ní ìrírí buburu.,negative
O pupọ. Ọjọ́ ṣeun pupọ iranlọwọ rẹ. oni dara fun,positive
office gan-an. inú nkan lọ ní loni. didùn thank you rẹ work dáadáa. ń fẹ́ràn,positive
Ìbànújẹ ni work o ṣe bẹ́ẹ̀.,negative
Ọmọde yii issue message gan. office oni dara hmm pupọ.,positive
Mo rí ọ ní ọ̀sán.,neutral
yes oni kì í ṣe deadline gbóná. Mo ti dé.,neutral
Mi ò fẹ́ràn no no ní please buburu.,negative
Eyi ko dara rara.,negative
email ní ìrírí buburu. problem ò fẹ́ràn eyi.,negative
meeting ko sorry rara. check pé deadline O jẹ eniyan ti update dara update,negative
Ẹ̀rọ náà kò ṣiṣẹ́ urgent,negative
Gbogbo nkan ń lọ dáadáa.,positive
Ọjọ́ oni kì í ṣe team gbóná. office yes mọ ohun tí issue update,neutral
like O ni ẹ̀wà.,positive
Ọjọ́ oni support í ṣe tó gbóná.,neutral
A yes pade lọ́la. Ẹ̀rọ náà ń ṣiṣẹ́ team Mo rí ọ ní ọ̀sán.,neutral
support ti ní ìrírí rere.,positive
Mo rí ọ ní ọ̀sán. Mo ti dé.,neutral
Inú later dùn thank you mo meeting ọ. Ọjọ́ oni dara pupọ. O ni ẹ̀wà.,positive
A o pade lọ́la.,neutral
Ọkàn hmm mi message rẹ́rù gan-an. thank you jẹ eniyan urgent ko thank you rara. Ìbànújẹ no pé o ṣe bẹ́ẹ̀.,negative
problem oni urgent í problem email gbóná. support jẹ́ issue ó yes ṣeé ṣe.,neutral
fun support sorry pupọ ni ẹ̀wà. rẹ. iranlọwọ O,positive
email ní ìrírí message,negative
meeting náà kò ṣiṣẹ́ dáadáa.,negative
O ṣeun pupọ fun iranlọwọ rẹ. Mo deadline inú didùn loni.,positive
Mo ti dé.,neutral
Ohun tí ó later kùnà. call yes ìrírí buburu.,negative
Ìbànújẹ ni meeting o ṣe bẹ́ẹ̀.,negative
call mi ń rẹ́rù gan-an. email ní office loni. Ìbànújẹ ni sorry o ṣe bẹ́ẹ̀.,negative
O ṣeun pupọ fun iranlọwọ rẹ. Mo ti ní ìrírí rere. Gbogbo nkan check lọ thank you,positive
Mo fẹ́ràn rẹ gan-an. please ní inú issue loni. Inú meeting later problem mo rí ọ.,positive
A o issue lọ́la. support n lọ sí eh ile itaja.,neutral
Mi ò fẹ́ràn eyi. sorry ní ìbànújẹ loni.,negative
Ọmọde yii jẹ́ ọlọ́gbọ́n gan. Mo ní inú support please,positive
Mo ní support work meeting jẹ eniyan ti ko dara meeting Ọkàn mi urgent rẹ́rù gan-an.,negative
Mo please ìbànújẹ loni.,negative
team ni pé o ṣe team,negative
O ni ẹ̀wà. message please ń lọ dáadáa. Ìfẹ́ rẹ̀ dá yes lórí.,positive
Mo n call sí thank you itaja.,neutral
N kò mọ work tí ó ṣẹlẹ̀.,neutral
Ohun office yes ṣẹlẹ̀ kùnà.,negative
Mo problem dé. Ọjọ́ oni kì í ṣe tó gbóná.,neutral
Ọmọde yii jẹ́ ọlọ́gbọ́n gan.,positive
issue wa ní call,neutral
Kò pé rara. no ò work eyi.,negative
kò no tí ó mọ ohun ita. wa ṣẹlẹ̀. N ní,neutral
O wa ní ita. like meeting kò mọ ohun tí email ṣẹlẹ̀. Mo n meeting sí ile itaja.,neutral
Mi ò fẹ́ràn eyi. Mo ní office buburu.,negative
Ọjọ́ oni dara like pupọ.,positive
please fẹ́ràn yes gan-an. Ìfẹ́ rẹ̀ dá mi urgent Mo ti ní message rere.,positive
Kò no rara.,negative
Ọmọde yii jẹ́ ọlọ́gbọ́n gan.,positive
O work ní ita.,neutral
team ni pé o ṣe yes yes issue ń rẹ́rù gan-an.,negative
urgent rẹ̀ dá mi lórí.,positive
meeting ti ní email rere.,positive
you know sí lọ O n wa later ní ita. Mo ile,neutral
deadline yes no pé mo rí ọ.,positive
N kò mọ okay tí ó ṣẹlẹ̀.,neutral
Mo n lọ support ile itaja.,neutral
Eyi ko yes rara. Mo ní ìrírí buburu.,negative
O jẹ eniyan ti ko dara rara. Mi ò fẹ́ràn eyi. Kò pé rara.,negative
Ọmọde yii jẹ́ ọlọ́gbọ́n gan.,positive
A o check lọ́la. call náà issue office báyìí.,neutral
Mo ní inú didùn loni.,positive
Ọmọde yii jẹ́ ọlọ́gbọ́n gan. O issue later check iranlọwọ rẹ.,positive
Mo ní inú issue loni.,positive
Ọkàn mi ń rẹ́rù urgent Ìbànújẹ ni no o ṣe bẹ́ẹ̀. Ẹ̀rọ náà kò ṣiṣẹ́ dáadáa.,negative
Mo ní inú didùn loni. Gbogbo nkan ń lọ dáadáa. Mo fẹ́ràn rẹ gan-an.,positive
Ó jẹ́ pé ó ń ṣeé ṣe.,neutral
O jẹ eniyan ti ko dara rara. Mo ní ìrírí buburu.,negative
"Ẹ jọ̀ọ́, ṣe eh é ṣàlàyé? O wa thank you call",neutral
Ìbànújẹ ni pé o ṣe check,negative
Eyi ko dara rara.,negative
Mi ò please issue,negative
Ó jẹ́ like pé ó ń ṣeé ṣe. Mo ti dé.,neutral
O ṣeun pupọ fun iranlọwọ update Mo ti ní ìrírí rere.,positive
O wa ní ita.,neutral
O wa ní ita. issue n lọ sí ile itaja.,neutral
problem work pé o ṣe bẹ́ẹ̀.,negative
O ṣeun pupọ fun iranlọwọ rẹ. Mo fẹ́ràn rẹ gan-an. Gbogbo nkan ń okay dáadáa.,positive
A o pade lọ́la. Mo rí ọ ní ọ̀sán.,neutral
Ohun tí urgent ṣẹlẹ̀ kùnà. later jẹ eniyan ti ko dara rara. Ọkàn mi yes rẹ́rù yes like,negative
Inú mi later call mo rí ọ. Mo ti ní team rere.,positive
deadline urgent rẹ gan-an. Mo ní meeting didùn loni.,positive
Ọkàn mi ń email gan-an.,negative
A o sorry lọ́la. N kò yes ohun team ó ṣẹlẹ̀.,neutral
Ọjọ́ thank you dara pupọ. Mo fẹ́ràn support gan-an. Inú work dùn check mo rí ọ.,positive
Gbogbo nkan okay lọ dáadáa. Mo fẹ́ràn rẹ gan-an. Mo ní inú didùn loni.,positive
please ní inú didùn loni. email yii jẹ́ ọlọ́gbọ́n gan.,positive
Mo ní ìbànújẹ loni.,negative
Ẹ̀rọ náà kò ṣiṣẹ́ dáadáa. deadline mi ń update problem,negative
Mo okay ìrírí buburu.,negative
ohun ṣe N check kò ó tó oni tí mọ kì í Ọjọ́ ṣẹlẹ̀.,neutral
Ọkàn mi ń rẹ́rù gan-an.,negative
Mo ní deadline didùn loni. Ọjọ́ urgent dara pupọ. O ṣeun pupọ fun iranlọwọ rẹ.,positive
Mo ní ìrírí buburu.,negative
Ìfẹ́ rẹ̀ dá support lórí. thank you oni dara thank you,positive
message ni support Ọmọde yii jẹ́ ọlọ́gbọ́n gan. Inú mi dùn pé mo email ọ.,positive
Ẹ̀rọ náà kò ṣiṣẹ́ dáadáa.,negative
Gbogbo nkan ń lọ dáadáa.,positive
ita. please ní deadline,neutral
Ọjọ́ oni dara pupọ.,positive
Ọkàn mi okay rẹ́rù gan-an. Ohun check please ṣẹlẹ̀ team,negative
support ko dara rara. Kò pé rara.,negative
yes kò mọ ohun urgent ó ṣẹlẹ̀. Ẹ̀rọ náà ń ṣiṣẹ́ message,neutral
Ọmọde yii jẹ́ ọlọ́gbọ́n gan.,positive
"office oni kì í ṣe tó team Ẹ jọ̀ọ́, ṣe é ṣàlàyé?",neutral
Mo ní ìrírí buburu. Mi ò problem eyi.,negative
support deadline ń rẹ́rù problem Ẹ̀rọ náà kò ṣiṣẹ́ dáadáa.,negative
Kò pé rara.,negative
Mo ní ìbànújẹ loni. check mi ń support gan-an.,negative
Ọjọ́ oni kì í ṣe tó gbóná.,neutral
Mo email ní ìrírí rere.,positive
Ọmọde yii jẹ́ ọlọ́gbọ́n eh gan.,positive
Eyi meeting dara rara. Kò pé rara. Ohun tí yes message kùnà.,negative
A o pade lọ́la.,neutral
O ni ẹ̀wà. email sorry pupọ fun iranlọwọ rẹ.,positive
A work pade lọ́la. N kò mọ ohun tí ó ṣẹlẹ̀.,neutral
urgent okay ń rẹ́rù gan-an. Eyi issue dara issue,negative
Inú mi problem pé mo email ọ.,positive
Ọkàn mi ń rẹ́rù gan-an. Mi yes fẹ́ràn eyi. Ìbànújẹ ni thank you message ṣe bẹ́ẹ̀.,negative
Ohun tí ó ṣẹlẹ̀ kùnà.,negative
Ọkàn mi ń rẹ́rù gan-an. Ohun tí ó check sorry,negative
email náà ń ṣiṣẹ́ báyìí. Mo n lọ sorry ile itaja. A later pade lọ́la.,neutral
gbóná. tó work ṣe Ọjọ́ kì í,neutral
work fẹ́ràn yes gan-an. Ọmọde support jẹ́ sorry yes,positive
O ni okay team okay rẹ gan-an. thank you rẹ̀ dá mi sorry,positive
Ọjọ́ work dara pupọ.,positive
sorry náà kò ṣiṣẹ́ dáadáa. O jẹ eniyan ti ko urgent support,negative
Ó jẹ́ thank you ó no ṣeé ṣe.,neutral
Ọjọ́ oni work í office tó gbóná.,neutral
